alias_id,player_id,alias_raw,alias_normalized,source_name,source_row_number,canonical_name,canonical_team_key,match_method,match_confidence,note
24136c6a-a48a-51c9-acba-a2ffbacb9971,2758540b-ef7b-5c42-a952-28c1632392eb,Svilar,SVILAR,fantacalcio-it-statistiche,3,Svilar,ROMA,exact,1.0,fantacalcio_it_id=5841
449fe272-6cdc-5a12-b5e0-f727a7c35b2b,cef9348a-c929-565c-a8b3-6536db51b5db,Carnesecchi,CARNESECCHI,fantacalcio-it-statistiche,4,Carnesecchi,ATALANTA,exact,1.0,fantacalcio_it_id=4431
056c70a8-f353-5034-ae7c-76a731085720,349468de-6081-5163-93d5-1c672fbe4123,Martinez Jo.,MARTINEZJO,fantacalcio-it-statistiche,5,Martinez Jo.,INTER,exact,1.0,fantacalcio_it_id=5116
911bc0ef-799e-5287-9a64-b93c0ced7822,3df6a2a0-5aa9-5b04-9f3b-fc13a00c2b92,Vicario,VICARIO,fantacalcio-it-statistiche,6,Vicario,JUVENTUS,exact,1.0,fantacalcio_it_id=4964
59221999-3a1d-5ff1-8d25-1aa85821012e,fa064876-b843-5100-b9e0-d9e0722cfd37,Butez,BUTEZ,fantacalcio-it-statistiche,7,Butez,COMO,exact,1.0,fantacalcio_it_id=6966
1740664d-aaa9-5af4-ac14-4d50426a13de,34663dfb-da77-5721-b376-c97b75a5130f,Maignan,MAIGNAN,fantacalcio-it-statistiche,8,Maignan,MILAN,exact,1.0,fantacalcio_it_id=4312
17537ed4-d387-5abd-974a-32ce248e31e8,a06f94aa-7e28-5d67-b377-71f96d5826dc,De Gea,DEGEA,fantacalcio-it-statistiche,9,De Gea,FIORENTINA,exact,1.0,fantacalcio_it_id=2521
62bfe05e-72ae-5e99-a0ef-1b061acf2a0e,de58134d-3354-540c-9626-e7d1b1528545,Meret,MERET,fantacalcio-it-statistiche,10,Meret,NAPOLI,exact,1.0,fantacalcio_it_id=572
4dc544e1-f804-58c9-93c9-81c7685992d8,e9cc7077-f72f-5bfb-9b14-33ade9ce40b0,Skorupski,SKORUPSKI,fantacalcio-it-statistiche,11,Skorupski,BOLOGNA,exact,1.0,fantacalcio_it_id=133
b49f6a85-4ea8-5d10-b044-025e8a7f8821,25377d8c-3bea-559e-b40f-3b8bcc5717f6,Caprile,CAPRILE,fantacalcio-it-statistiche,12,Caprile,CAGLIARI,exact,1.0,fantacalcio_it_id=4360
6ea35004-d4a1-500f-aecb-42aa0228aa97,59f7d8c6-34fd-566f-82f3-2a0c9683ff09,Mandas,MANDAS,fantacalcio-it-statistiche,13,Mandas,LAZIO,exact,1.0,fantacalcio_it_id=6482
142b334a-e7c3-54f8-8c15-1db407d63faa,089dd179-1097-5511-a25a-dbf22b411635,Di Gregorio,DIGREGORIO,fantacalcio-it-statistiche,14,Di Gregorio,JUVENTUS,exact,1.0,fantacalcio_it_id=5876
fa7c8fef-8a9a-5ad6-8ff9-dce5109fa782,ffe27926-7b3b-5d1e-9541-fdd84124d43a,Okoye,OKOYE,fantacalcio-it-statistiche,15,Okoye,UDINESE,exact,1.0,fantacalcio_it_id=6462
201cce49-4d0a-5dfe-b90c-ef2cf5a59e22,00d4da42-50f9-5ab6-809b-445718eeecb8,Perri,PERRI,fantacalcio-it-statistiche,16,Perri,TORINO,exact,1.0,fantacalcio_it_id=6534
c0b8a921-b598-5965-8644-40ee66f25c72,c29fe639-29f2-5d03-b549-ae5900487d32,Bijlow,BIJLOW,fantacalcio-it-statistiche,17,Bijlow,GENOA,exact,1.0,fantacalcio_it_id=7332
33fb9f7a-c36a-525a-ac3b-1f4d2a1f6c5f,4c445b48-5aaa-5955-aba8-337d7902dafc,Falcone,FALCONE,fantacalcio-it-statistiche,18,Falcone,LECCE,exact,1.0,fantacalcio_it_id=2134
de30f75b-bdba-5b9e-a775-71e3c14f33e2,5ab298bb-cb5d-50bc-846a-b3c547953098,Sanchez Ro.,SANCHEZRO,fantacalcio-it-statistiche,19,Sanchez Ro.,COMO,exact,1.0,fantacalcio_it_id=6344
d138fe90-1ef2-5f5d-bf7d-8ecf2c14ee1d,125f3e05-bf1b-5cba-8f51-80733c1e9d34,Suzuki,SUZUKI,fantacalcio-it-statistiche,20,Suzuki,PARMA,exact,1.0,fantacalcio_it_id=6641
2b8341ee-0ee1-57e5-b507-40581e48c90d,557967e9-6a1f-5b41-be7a-8940a9dbdc0b,Muric,MURIC,fantacalcio-it-statistiche,21,Muric,SASSUOLO,exact,1.0,fantacalcio_it_id=4236
ca518133-d351-534b-bfe3-99b7a1984779,75d8b80c-91b5-5e9f-8ed3-4a99a3480e71,Perin,PERIN,fantacalcio-it-statistiche,22,Perin,JUVENTUS,exact,1.0,fantacalcio_it_id=218
8115f785-107b-5513-b1bd-ed5d98fbe9db,cdb063b3-3fba-5c23-a582-d85f32d95075,Daffara,DAFFARA,fantacalcio-it-statistiche,23,Daffara,PARMA,exact,1.0,fantacalcio_it_id=7411
3436cbbc-750e-57c1-8628-be019c5ed238,ebf85e98-c991-54bc-8cce-fad841032a78,Stankovic F.,STANKOVICF,fantacalcio-it-statistiche,24,Stankovic F.,VENEZIA,exact,1.0,fantacalcio_it_id=6248
c1af7672-15cd-5d1e-9fd0-4ca0af33741e,1794c897-a3a1-5737-bf34-88e3d630de93,Palmisani,PALMISANI,fantacalcio-it-statistiche,25,Palmisani,FROSINONE,exact,1.0,fantacalcio_it_id=6415
fbd5486a-4773-5f23-9c05-2200b6292261,3ab29e9c-04ea-5a15-a0e5-ab477fd0fc42,Milinkovic-Savic V.,MILINKOVICSAVICV,fantacalcio-it-statistiche,26,Milinkovic-Savic V.,NAPOLI,exact,1.0,fantacalcio_it_id=2170
40382144-c863-5919-af92-887a24cc574d,66a1e2e6-1d49-5618-8911-92ed40d52b44,Thiam,THIAM,fantacalcio-it-statistiche,27,Thiam,MONZA,exact,1.0,fantacalcio_it_id=4485
6267407e-ec55-5aae-acf3-2f2db734a626,62cf0514-454c-5058-ad28-603f54962e3a,Desplanches,DESPLANCHES,fantacalcio-it-statistiche,28,Desplanches,FROSINONE,exact,1.0,fantacalcio_it_id=7463
2a7babf7-a12f-58c7-a830-fe1704a2d1c9,abaf4465-be29-506e-9534-5b3a83fdbd08,Provedel,PROVEDEL,fantacalcio-it-statistiche,29,Provedel,INTER,exact,1.0,fantacalcio_it_id=2814
4541d610-aa6c-51f7-8e3b-29325ea8fbb5,86f1d747-000a-5d23-915d-a21399060f0d,Corvi,CORVI,fantacalcio-it-statistiche,30,Corvi,PARMA,exact,1.0,fantacalcio_it_id=6662
0d90f598-082e-5699-aad2-069b87d19b98,52b77c66-cb8f-576b-b925-b20f904a3850,Rossi F.,ROSSIF,fantacalcio-it-statistiche,31,Rossi F.,ATALANTA,exact,1.0,fantacalcio_it_id=2297
c7be18bd-e592-5ee0-a7a2-862e12cd146b,b8e95ab0-4c2a-58e9-a19e-ccc2e07307ba,Sportiello,SPORTIELLO,fantacalcio-it-statistiche,32,Sportiello,ATALANTA,exact,1.0,fantacalcio_it_id=4
49f96f8e-9739-57b8-acff-27776e6c50d0,e5970de1-d896-52bf-b2a9-debcb06a7806,Happonen,HAPPONEN,fantacalcio-it-statistiche,33,Happonen,BOLOGNA,exact,1.0,fantacalcio_it_id=7533
40b1af61-5245-580b-8d92-7fcae870e7ef,e294a356-2afe-5170-b1f2-9a62e9347a50,Pessina Mas.,PESSINAMAS,fantacalcio-it-statistiche,34,Pessina Mas.,BOLOGNA,exact,1.0,fantacalcio_it_id=7172
571a03a8-3580-59b3-9cdf-ab6af52afcc9,f48584e6-c462-5e84-bb3c-da4039216269,Ciocci,CIOCCI,fantacalcio-it-statistiche,35,Ciocci,CAGLIARI,exact,1.0,fantacalcio_it_id=4929
03b8160a-900e-5110-9f4a-94a0212f3551,12205eed-7d8d-561b-a25e-79dc8b88bfee,Sherri,SHERRI,fantacalcio-it-statistiche,36,Sherri,CAGLIARI,exact,1.0,fantacalcio_it_id=6650
818c90b2-8a75-5c0b-9800-96c9c5e44c2a,37b11dee-c603-5945-9e9a-641180f55a4d,Tornqvist,TORNQVIST,fantacalcio-it-statistiche,37,Tornqvist,MONZA,exact,1.0,fantacalcio_it_id=7301
d36c5e57-a86a-56d1-b003-016f9e34e80e,13aec648-b4b3-5d86-9a52-3a86de19725d,Vigorito,VIGORITO,fantacalcio-it-statistiche,38,Vigorito,COMO,exact,1.0,fantacalcio_it_id=2809
0ed9c908-abe5-5a27-b556-b02ad09b4db4,c38d2d07-d9dc-58d4-85a5-5451e9de1a14,Christensen O.,CHRISTENSENO,fantacalcio-it-statistiche,39,Christensen O.,FIORENTINA,exact,1.0,fantacalcio_it_id=6403
43633e6b-7368-5593-bcb2-000a23495763,6066e141-f039-55e3-8448-3a3355b2edf5,Lezzerini,LEZZERINI,fantacalcio-it-statistiche,40,Lezzerini,FIORENTINA,exact,1.0,fantacalcio_it_id=158
b7fe99ae-d932-5f51-8a39-6c34d5a562ba,d093cf47-74e9-5777-85ea-5a1e44222249,Lolic,LOLIC,fantacalcio-it-statistiche,41,Lolic,FROSINONE,exact,1.0,fantacalcio_it_id=7466
09dbf75d-c943-5ac6-8d3c-d0e9046dc7f3,ecbfa523-c483-5b65-9243-5ac174c0ddbd,Sommariva,SOMMARIVA,fantacalcio-it-statistiche,42,Sommariva,GENOA,exact,1.0,fantacalcio_it_id=219
d38db93e-542b-5a81-8b7f-1f2ab055b894,79b7bd3c-63d2-5843-9460-c9b57add0c0a,Stolz,STOLZ,fantacalcio-it-statistiche,43,Stolz,GENOA,exact,1.0,fantacalcio_it_id=6569
7c1786b4-ffa4-5335-b8c6-1afd66015719,dbbf37b6-6f67-549b-a0ed-58722024f3b0,Di Gennaro,DIGENNARO,fantacalcio-it-statistiche,44,Di Gennaro,INTER,exact,1.0,fantacalcio_it_id=1926
7c514231-9ee8-588d-b986-e7af679cf02c,c0f26b52-a129-56b7-a759-ad0b9847e64b,Pinsoglio,PINSOGLIO,fantacalcio-it-statistiche,45,Pinsoglio,JUVENTUS,exact,1.0,fantacalcio_it_id=1930
0b28cba3-6d9b-54bc-9e5e-8ed80ddf8f00,d493bb3c-b840-5068-8dfd-b4e1e5b93d4e,Motta,MOTTA,fantacalcio-it-statistiche,46,Motta,LAZIO,exact,1.0,fantacalcio_it_id=7337
5cdba4ca-8614-54ae-bdf3-66f94ca777a5,ae5187e4-6dc4-5436-9720-4b694a4eccee,Renzetti,RENZETTI,fantacalcio-it-statistiche,47,Renzetti,LAZIO,exact,1.0,fantacalcio_it_id=7534
98bc91a5-9851-5564-8f1e-5fb6b38b12f3,e4beb5cd-19f7-519d-86ed-a6b0a3c6f52b,Fruchtl,FRUCHTL,fantacalcio-it-statistiche,48,Fruchtl,LECCE,exact,1.0,fantacalcio_it_id=2401
b3370608-6b72-5e1d-b4dc-0c0874d55c9e,b9d9f420-408f-5c6d-b89e-4ea1eb8fa0fe,Samooja,SAMOOJA,fantacalcio-it-statistiche,49,Samooja,LECCE,exact,1.0,fantacalcio_it_id=6523
5cae8ac4-ac2d-5c84-8d5f-535855e53cfa,e920b0b7-432a-5142-8a70-348e95e7c1e4,Terracciano,TERRACCIANO,fantacalcio-it-statistiche,50,Terracciano,MILAN,exact,1.0,fantacalcio_it_id=2815
9cd9ad38-a4fa-5c2d-863e-3489307d3ae0,f92ecd59-842f-5742-93bc-68d3d9ae2eee,Torriani,TORRIANI,fantacalcio-it-statistiche,51,Torriani,MILAN,exact,1.0,fantacalcio_it_id=6813
71d98e49-7b5f-5f72-9986-e8f28608be20,4303d43e-c23b-58b5-9a8b-5913eb4d4889,Pizzignacco,PIZZIGNACCO,fantacalcio-it-statistiche,52,Pizzignacco,MONZA,exact,1.0,fantacalcio_it_id=6682
2513a305-6373-5939-981f-bc357803dddd,45ccc1ee-e01f-5ce5-ae5d-4228dc49d301,Strajnar,STRAJNAR,fantacalcio-it-statistiche,53,Strajnar,MONZA,exact,1.0,fantacalcio_it_id=7475
897a4b36-73e4-5c19-8867-20d688c11ea2,f774f020-ee14-592b-a9ac-66c60c1ce571,Contini,CONTINI,fantacalcio-it-statistiche,54,Contini,NAPOLI,exact,1.0,fantacalcio_it_id=2845
409a7743-02a9-51f1-a8a9-729a29668f9b,790ef4af-ec58-5868-840f-fd0523f41e4c,De Marzi,DEMARZI,fantacalcio-it-statistiche,55,De Marzi,ROMA,exact,1.0,fantacalcio_it_id=7048
f524a58e-01dd-55d0-bbe3-13b75489d84f,6af4d924-3b4d-5ef3-8af8-50c2f04cedd4,Gollini,GOLLINI,fantacalcio-it-statistiche,56,Gollini,ROMA,exact,1.0,fantacalcio_it_id=610
33195ba7-d0db-504c-a248-b2d887ea35f9,c3676304-d340-514f-bdfe-e14e1e3e36a1,Russo A.,RUSSOA,fantacalcio-it-statistiche,57,Russo A.,SASSUOLO,exact,1.0,fantacalcio_it_id=4518
4c0b75d3-15ad-577c-810d-fc5d84e369f1,4073011b-d5ed-5db7-9647-08437c4793ae,Turati,TURATI,fantacalcio-it-statistiche,58,Turati,SASSUOLO,exact,1.0,fantacalcio_it_id=4867
2b113d3e-5d54-54fa-8b7b-4402a01a664c,b294df48-290d-5210-bfe1-88a0ac5944f8,Mascardi,MASCARDI,fantacalcio-it-statistiche,59,Mascardi,TORINO,exact,1.0,fantacalcio_it_id=7457
a24de548-f6ed-5714-ae55-91ddf44cb11a,bcc792a8-01d3-50b5-a2a2-ff336f5a9342,Paleari,PALEARI,fantacalcio-it-statistiche,60,Paleari,TORINO,exact,1.0,fantacalcio_it_id=5320
3853c899-a2d0-5ee9-a852-4e38f078ea0f,52b94b9a-e67b-58d4-bd44-ecbb3dd5e4d4,Siviero,SIVIERO,fantacalcio-it-statistiche,61,Siviero,TORINO,exact,1.0,fantacalcio_it_id=7363
fde8e1e4-e400-5bcc-869f-d55f706b7a88,49148dbf-923c-5a09-b8a1-f9bf7693cf98,Padelli,PADELLI,fantacalcio-it-statistiche,62,Padelli,UDINESE,exact,1.0,fantacalcio_it_id=543
0270cf8a-b652-54be-be76-c5802e54e1fe,8b59a503-9d67-57e1-aa55-050ce76ccfb4,Piana,PIANA,fantacalcio-it-statistiche,63,Piana,UDINESE,exact,1.0,fantacalcio_it_id=5707
26e26ad7-c69e-54eb-8d64-345ee0bc00ba,de882b9b-7905-5229-bf3d-d73d6319195d,Grandi,GRANDI,fantacalcio-it-statistiche,64,Grandi,VENEZIA,exact,1.0,fantacalcio_it_id=6671
1f78badc-3cda-5d8f-94b8-4211bc31e511,c10a188b-4ff6-52a9-a5e2-3453b5d15cf5,Pozzi,POZZI,fantacalcio-it-statistiche,65,Pozzi,VENEZIA,exact,1.0,fantacalcio_it_id=7531
3ab7a214-8c03-5bd7-93e1-17a4df323436,14070cb0-1449-5a16-846f-5763c06246ea,Vismara,VISMARA,fantacalcio-it-statistiche,66,Vismara,ATALANTA,exact,1.0,fantacalcio_it_id=7545
b0498f53-7786-57e1-a44b-85dcb6b1c678,6ac50603-e3ea-5970-b7ca-0b07ec8f5369,Satalino,SATALINO,fantacalcio-it-statistiche,67,Satalino,SASSUOLO,exact,1.0,fantacalcio_it_id=2127
4f9a647c-03a7-5956-98ee-eb910d670414,998a2a33-7724-568e-806f-cbe983040198,Penev,PENEV,fantacalcio-it-statistiche,68,Penev,LECCE,exact,1.0,fantacalcio_it_id=7557
8fbb6899-0b28-514f-95fa-208cca3acd5a,42342a5c-2df2-5a2c-9416-1522c223832f,Pisseri,PISSERI,fantacalcio-it-statistiche,69,Pisseri,FROSINONE,exact,1.0,fantacalcio_it_id=7560
f2c6db4a-9065-5724-a6af-8978fdd07e7b,73b94810-56e7-5c7d-9d6f-cef9329fe18a,Radunovic,RADUNOVIC,fantacalcio-it-statistiche,70,Radunovic,CAGLIARI,exact,1.0,fantacalcio_it_id=3
37f075e6-6d60-5684-abaa-faf418ae015e,2dcd3197-2855-5dbf-8dc8-98bcf0b52e1d,Montipò,MONTIPO,fantacalcio-it-statistiche,71,Montipò,VENEZIA,exact,1.0,fantacalcio_it_id=4957
21c7bcf5-db0a-5338-ba66-55eae90f157b,bb956845-662e-59f6-81d7-daef8a47a291,Bleve,BLEVE,fantacalcio-it-statistiche,72,Bleve,LECCE,exact,1.0,fantacalcio_it_id=4468
7765ae1d-154f-5a0b-b038-fd781f63fbe7,f1767556-06c7-5180-996e-84511719ff14,Grabara,GRABARA,fantacalcio-it-statistiche,73,Grabara,JUVENTUS,exact,1.0,fantacalcio_it_id=7603
0a59f781-8d91-58d2-82f7-c65ed99e7554,44257434-bf35-57dc-ad00-e6f1a9fc5ed0,Mrozek,MROZEK,fantacalcio-it-statistiche,74,Mrozek,UDINESE,exact,1.0,fantacalcio_it_id=7611
3dca2dd8-775b-5c1b-a038-68629e9dd612,287bdb96-800a-5743-948a-317232d4336b,Ghidotti,GHIDOTTI,fantacalcio-it-statistiche,75,Ghidotti,PARMA,exact,1.0,fantacalcio_it_id=2874
969ae791-3713-524c-b93b-b425b61da3a9,6a3eccea-9bf8-5203-b9f4-f1d6432525d0,Pompei,POMPEI,fantacalcio-it-statistiche,76,Pompei,ATALANTA,exact,1.0,fantacalcio_it_id=7626
cd805915-d486-5968-9de0-9811a8af06af,63eefcc1-5bce-5668-8c67-9d5e0415a92f,Dimarco,DIMARCO,fantacalcio-it-statistiche,77,Dimarco,INTER,exact,1.0,fantacalcio_it_id=254
bd39ebe5-48de-53bc-aac1-373436b6112f,5450d751-aad1-5ed9-a745-53e57db1d406,Wesley,WESLEY,fantacalcio-it-statistiche,78,Wesley,ROMA,exact,1.0,fantacalcio_it_id=7181
508ff32a-715e-5335-b817-629cf6f35f79,da321cb8-128f-59af-a346-7bf7a49f06f4,Molina N.,MOLINAN,fantacalcio-it-statistiche,79,Molina N.,ROMA,exact,1.0,fantacalcio_it_id=4998
f38baec1-aef0-56f6-ac90-85fe0fa80406,fbfdc422-2eac-521d-b5af-4ed3e67cfa4f,Bremer,BREMER,fantacalcio-it-statistiche,80,Bremer,JUVENTUS,exact,1.0,fantacalcio_it_id=2788
33cf33ef-f070-52ad-b5f2-ff6c32346998,c041c50e-257e-51c2-94a9-d80e3b328d51,Mancini,MANCINI,fantacalcio-it-statistiche,81,Mancini,ROMA,exact,1.0,fantacalcio_it_id=2296
fa43be39-db59-579e-a9a0-da0cf79bfda3,562255e5-f3ef-5d98-bb67-5ab3b6ebf206,Akanji,AKANJI,fantacalcio-it-statistiche,82,Akanji,INTER,exact,1.0,fantacalcio_it_id=4159
3284a998-1c42-564d-b016-00ceab89892a,32ec7a2d-e015-58e3-9197-fe326ee86e1d,Rrahmani,RRAHMANI,fantacalcio-it-statistiche,83,Rrahmani,NAPOLI,exact,1.0,fantacalcio_it_id=4409
d9453f8e-7c36-5eae-bfad-d41c51d7ad25,83ffec59-362d-5d04-bd58-083057b04b5b,Bastoni,BASTONI,fantacalcio-it-statistiche,84,Bastoni,INTER,exact,1.0,fantacalcio_it_id=2120
115c047a-5e09-53e1-9084-8ebd5141cea7,b4a1875b-f92d-5f64-a2c4-b05489098397,Kalulu,KALULU,fantacalcio-it-statistiche,85,Kalulu,JUVENTUS,exact,1.0,fantacalcio_it_id=4976
31780f2b-2172-59c6-8c8c-4c75cf8b3cbf,8a3932c4-b573-5b0f-871b-dc6a405773eb,Pavlovic,PAVLOVIC,fantacalcio-it-statistiche,86,Pavlovic,MILAN,exact,1.0,fantacalcio_it_id=5022
5fdf3cc4-bdf7-5312-b2d2-6f6df3268ee1,60d40d18-7cdc-5b46-a78d-60d5df945340,Gila,GILA,fantacalcio-it-statistiche,87,Gila,MILAN,exact,1.0,fantacalcio_it_id=5833
c2f069ea-e247-59ab-8cb0-e79fdd948db4,61b8eb0e-c1ed-5dea-9049-ccaf4ff28349,N'Dicka,NDICKA,fantacalcio-it-statistiche,88,N'Dicka,ROMA,exact,1.0,fantacalcio_it_id=4317
ded3b360-b059-5f3c-80be-58d2a2c89f06,bcabb331-b9d3-515b-9f94-59db2b937121,Solet,SOLET,fantacalcio-it-statistiche,89,Solet,UDINESE,exact,1.0,fantacalcio_it_id=6956
9a5bb802-a3f3-54a9-8f5a-2340078c6c4b,aa026973-3c06-53c4-a075-95e5894d45f9,Bisseck,BISSECK,fantacalcio-it-statistiche,90,Bisseck,INTER,exact,1.0,fantacalcio_it_id=6217
2cae7217-abb9-57c8-833a-dabc29c36d50,0266cacb-45ae-5ddc-8c08-5f482a428c59,Stones,STONES,fantacalcio-it-statistiche,91,Stones,INTER,exact,1.0,fantacalcio_it_id=2514
85358b12-4bf0-50a0-bd63-95bae92396c3,b43a0981-04ef-5e07-bc19-dfc1472d6970,Di Lorenzo,DILORENZO,fantacalcio-it-statistiche,92,Di Lorenzo,NAPOLI,exact,1.0,fantacalcio_it_id=2816
cefcf819-b769-5117-942a-1683506cd5be,514c10bd-48d4-5a1f-aac9-43fbe2688b2d,Ostigard,OSTIGARD,fantacalcio-it-statistiche,93,Ostigard,GENOA,exact,1.0,fantacalcio_it_id=5750
2805b551-3d1c-563b-8222-60a9e329abf4,3cb6031d-79f1-5d3f-97a4-272684230b7c,Hermoso,HERMOSO,fantacalcio-it-statistiche,94,Hermoso,ROMA,exact,1.0,fantacalcio_it_id=4807
c14869c2-9949-50bb-a052-6268687681b0,a7f943bc-6b35-5270-9baf-b47e3c274527,Spence,SPENCE,fantacalcio-it-statistiche,95,Spence,INTER,exact,1.0,fantacalcio_it_id=5982
d1850850-77f8-50d6-945a-a509770d15c3,597d3742-f800-5df2-abd3-d99928feba21,Scalvini,SCALVINI,fantacalcio-it-statistiche,96,Scalvini,ATALANTA,exact,1.0,fantacalcio_it_id=5526
65f3f384-8469-5c23-b092-90d923d18e33,865c4f60-78c0-5161-a753-ab6143b41c1b,Ramon,RAMON,fantacalcio-it-statistiche,97,Ramon,COMO,exact,1.0,fantacalcio_it_id=6869
d0699628-b34b-55f9-984a-e75d23af8473,e4479da0-be41-56e6-acd4-bc6e4148105d,Chalobah T.,CHALOBAHT,fantacalcio-it-statistiche,98,Chalobah T.,COMO,exact,1.0,fantacalcio_it_id=5641
99bb06b5-2937-5cf2-b9d2-3295070fbe2f,9cf6a8c9-4378-566c-a592-e087d4a01ef8,Dodò,DODO,fantacalcio-it-statistiche,99,Dodò,FIORENTINA,exact,1.0,fantacalcio_it_id=5885
8be64de4-38ca-5758-ad8f-2d4d03e9fe56,0c1af21d-51be-5dbd-9b50-2d1f2dc94704,Vasquez,VASQUEZ,fantacalcio-it-statistiche,100,Vasquez,GENOA,exact,1.0,fantacalcio_it_id=5514
dfb17ec7-b5e5-52b9-ad29-bc4ec852f112,d9a23204-64b2-5e4a-9f9e-98d1058d89f3,Vojvoda,VOJVODA,fantacalcio-it-statistiche,101,Vojvoda,UDINESE,exact,1.0,fantacalcio_it_id=4994
f9cf8e9e-e85f-5fa3-a6cf-9c4c4865f0c7,d9d4c54e-7719-5376-9771-9638eb1e50c3,Kamara H.,KAMARAH,fantacalcio-it-statistiche,102,Kamara H.,UDINESE,exact,1.0,fantacalcio_it_id=5555
f657539f-9b6f-5a4b-8eb8-e0c1cf3df0ed,239b888d-06de-5fbb-9c22-6d5ed7ef11a0,Zappacosta,ZAPPACOSTA,fantacalcio-it-statistiche,103,Zappacosta,ATALANTA,exact,1.0,fantacalcio_it_id=554
6ebb0cc3-93cd-586c-9b3c-3654b01686ba,b27699bc-8147-51e6-9c9f-4fc8108b3998,Miranda J.,MIRANDAJ,fantacalcio-it-statistiche,104,Miranda J.,BOLOGNA,exact,1.0,fantacalcio_it_id=4734
46d49059-6c2e-5a1b-a355-583e74d13b46,d8047f28-3468-5793-aeb6-5f8b034b1f09,Norton-Cuffy,NORTONCUFFY,fantacalcio-it-statistiche,105,Norton-Cuffy,GENOA,exact,1.0,fantacalcio_it_id=6814
ee4df924-259a-5eaf-bc59-57c2b820e539,6a6638b8-9233-5620-868e-55f88a04fb40,Celik,CELIK,fantacalcio-it-statistiche,106,Celik,JUVENTUS,exact,1.0,fantacalcio_it_id=4657
2c6a9fdd-5cd8-5a3f-b494-396a1bb41368,52bbeff1-d3ee-5bae-9312-302088c24745,Cambiaso,CAMBIASO,fantacalcio-it-statistiche,107,Cambiaso,JUVENTUS,exact,1.0,fantacalcio_it_id=5520
d6afd2a4-cae3-5f3d-8ce5-f334505f217b,44ee9d3b-0e0a-5c83-abbf-cb41dd00e8a6,Doekhi,DOEKHI,fantacalcio-it-statistiche,108,Doekhi,LAZIO,exact,1.0,fantacalcio_it_id=6320
fc1d3bae-3ece-5b9c-b83e-4a26399f279d,b29469ce-f135-5f6b-8572-da9f773f9cbf,Tiago Gabriel,TIAGOGABRIEL,fantacalcio-it-statistiche,109,Tiago Gabriel,LECCE,exact,1.0,fantacalcio_it_id=6989
3c1a58dc-e0e0-58cf-9d9b-503aa7409ae3,a747e084-9a88-58ea-b2bb-f1497dd0b366,Bartesaghi,BARTESAGHI,fantacalcio-it-statistiche,110,Bartesaghi,MILAN,exact,1.0,fantacalcio_it_id=6496
6f44d073-24b3-596d-aec9-1623ae156514,76fab13d-da68-5c54-8cf8-4d13159020df,Gutierrez,GUTIERREZ,fantacalcio-it-statistiche,111,Gutierrez,NAPOLI,exact,1.0,fantacalcio_it_id=5427
1ca7403a-89c7-514e-94fb-02e19f6d23eb,54321b0b-1551-55bb-98b1-6732c38725c8,Spinazzola,SPINAZZOLA,fantacalcio-it-statistiche,112,Spinazzola,NAPOLI,exact,1.0,fantacalcio_it_id=1852
0ccc7adf-9eef-5f39-ae85-984e42e5bcb8,ca563a24-d1e4-54fc-aa92-bf9eae909625,Delprato,DELPRATO,fantacalcio-it-statistiche,113,Delprato,PARMA,exact,1.0,fantacalcio_it_id=6664
03d77349-2dc3-5c2b-b1e0-bf456885639f,095852ac-a0bc-5789-8079-b5e6880129c4,Valeri,VALERI,fantacalcio-it-statistiche,114,Valeri,PARMA,exact,1.0,fantacalcio_it_id=5862
f2752be2-71f9-5aca-a1a0-518610f6483a,53a37a87-123c-5e84-9201-f91c0816973d,Koulierakis,KOULIERAKIS,fantacalcio-it-statistiche,115,Koulierakis,ROMA,exact,1.0,fantacalcio_it_id=7529
41b9b8cf-c4e7-5bd0-a9df-9942d39325a4,0973436d-c8f1-5209-ac84-4079d2e6d6a6,Comuzzo,COMUZZO,fantacalcio-it-statistiche,116,Comuzzo,TORINO,exact,1.0,fantacalcio_it_id=6495
f64b6c8b-1f40-56e1-a727-9aef4de31ce5,edfe3516-ccc6-552d-9b79-428ca4273943,Couto,COUTO,fantacalcio-it-statistiche,117,Couto,COMO,exact,1.0,fantacalcio_it_id=6727
6b55c4ec-d652-5adf-8c00-b1a21c0c5b37,6e35125a-2d8a-5401-b2db-336c1bb2d2ff,Theate,THEATE,fantacalcio-it-statistiche,118,Theate,BOLOGNA,exact,1.0,fantacalcio_it_id=5675
ccbc4ac4-9b00-5ea0-8e8e-60db22e61b48,2695549e-f20b-561a-b3ec-87316c772bac,Diego Carlos,DIEGOCARLOS,fantacalcio-it-statistiche,119,Diego Carlos,PARMA,exact,1.0,fantacalcio_it_id=4137
09b02056-1cd3-599c-90e5-43c706f49186,22a3dafe-1c8d-587a-9cad-5eb2b124aee3,Djimsiti,DJIMSITI,fantacalcio-it-statistiche,120,Djimsiti,ATALANTA,exact,1.0,fantacalcio_it_id=787
51a4fca0-1ff6-5160-ae57-92dbce68429f,39017816-5858-555a-a892-ab96ce175023,Hien,HIEN,fantacalcio-it-statistiche,121,Hien,ATALANTA,exact,1.0,fantacalcio_it_id=6046
656d8cfe-1d80-56fe-8812-e439dd8dc28b,75bf9b4d-55ce-5ebd-9042-73be8b09ea25,Lucumì,LUCUMI,fantacalcio-it-statistiche,122,Lucumì,JUVENTUS,exact,1.0,fantacalcio_it_id=6042
23f44aca-8be9-5b9c-80ea-25293ce35048,02d14f7a-3cbb-51f3-9901-1e4f430ef24e,Zortea,ZORTEA,fantacalcio-it-statistiche,123,Zortea,BOLOGNA,exact,1.0,fantacalcio_it_id=4433
434b7d5b-d4d0-54ce-b98c-c6a9626de1e7,7f1699f0-a3c9-5e02-8a8a-500c59d3f09f,Mina,MINA,fantacalcio-it-statistiche,124,Mina,CAGLIARI,exact,1.0,fantacalcio_it_id=4210
b2b59794-bbd0-54cf-833a-efe11bf37480,d3d3b612-6e14-50a7-b6c6-446795887ac8,Obert,OBERT,fantacalcio-it-statistiche,125,Obert,CAGLIARI,exact,1.0,fantacalcio_it_id=5701
72a67f14-4b7a-5d34-9315-973a7bace446,e8376a89-fe36-5c02-bed7-5e1b21bb4824,Dragusin,DRAGUSIN,fantacalcio-it-statistiche,126,Dragusin,FIORENTINA,exact,1.0,fantacalcio_it_id=5365
2c4a00db-ffd6-50b2-814b-cd49093abe4c,f36f327d-6b63-56d4-8edb-5a196455d5de,Jimenez A.,JIMENEZA,fantacalcio-it-statistiche,127,Jimenez A.,FIORENTINA,exact,1.0,fantacalcio_it_id=6531
33d7282f-ed39-5099-b282-1cd2745626f4,80c489c6-95ad-5ef3-b02f-e5d32bbc1c9b,Bracaglia,BRACAGLIA,fantacalcio-it-statistiche,128,Bracaglia,FROSINONE,exact,1.0,fantacalcio_it_id=7469
8d9d5048-d3f3-57ee-823f-c0744a3dc45e,68c0236d-0f8a-54db-8a18-d797d31921f5,Tavares N.,TAVARESN,fantacalcio-it-statistiche,129,Tavares N.,LAZIO,exact,1.0,fantacalcio_it_id=5620
cee984bc-e3d1-5ed5-8c62-cda7ce0beaa6,700d8211-f872-587b-81e6-6be0619cb6a2,Gabbia,GABBIA,fantacalcio-it-statistiche,130,Gabbia,MILAN,exact,1.0,fantacalcio_it_id=4401
7248e636-bc91-5f60-8099-614ebf2c5831,08b5eaad-8b27-5b27-aa18-558af4d58e18,Mangas,MANGAS,fantacalcio-it-statistiche,131,Mangas,MONZA,exact,1.0,fantacalcio_it_id=7485
30d14106-8be6-5a1e-a144-fc09e296147f,9523673d-cc26-5a24-ba61-6a39994ab7d5,Idzes,IDZES,fantacalcio-it-statistiche,132,Idzes,SASSUOLO,exact,1.0,fantacalcio_it_id=6672
1f5c49b2-67d2-5bfe-9105-1fd30681bbd7,43a02047-f212-5393-83a5-ee3e1507b7e5,Coco,COCO,fantacalcio-it-statistiche,133,Coco,TORINO,exact,1.0,fantacalcio_it_id=6642
2270ca96-a8e1-55db-888e-8043726cd0be,fefb1f19-6570-54c5-a749-ef2f7731e832,Ismajli,ISMAJLI,fantacalcio-it-statistiche,134,Ismajli,TORINO,exact,1.0,fantacalcio_it_id=5010
6ebae0f5-90d4-5080-aa9e-afdc12d6843f,8c1b3f7a-db6a-5468-8b5c-b5e1bc885da3,Badiashile,BADIASHILE,fantacalcio-it-statistiche,135,Badiashile,NAPOLI,exact,1.0,fantacalcio_it_id=4664
edcbd9bd-cf9c-5a2d-94e2-d165858bf1b1,12ac6641-e22f-5bc5-a7ef-c93cc0c33aaa,Sutalo J.,SUTALOJ,fantacalcio-it-statistiche,136,Sutalo J.,LAZIO,exact,1.0,fantacalcio_it_id=7580
eeb152a4-254d-5551-82a0-94e05c706212,dfd0f5d9-3a07-5cae-a232-e0919224d243,Belghali,BELGHALI,fantacalcio-it-statistiche,137,Belghali,TORINO,exact,1.0,fantacalcio_it_id=7220
464219b1-59a3-517c-8272-fb0b07cb71ca,0098b711-6a54-58ad-ab89-5dc97fb8b113,Kolasinac,KOLASINAC,fantacalcio-it-statistiche,138,Kolasinac,ATALANTA,exact,1.0,fantacalcio_it_id=2640
f002befd-4ab0-5db1-83c7-9619ff1a922f,74db7e50-455d-5bd1-8931-fc0509aa7c05,Ahanor,AHANOR,fantacalcio-it-statistiche,139,Ahanor,ATALANTA,exact,1.0,fantacalcio_it_id=6916
6474e247-1d29-5df8-939a-a659ed50a3f0,10022774-2aa2-5b63-be35-d21099f89299,Bellanova,BELLANOVA,fantacalcio-it-statistiche,140,Bellanova,ATALANTA,exact,1.0,fantacalcio_it_id=4887
ca28ea60-c14c-5226-aeab-70f6fad286fa,be8b870f-7131-5e79-b4ad-f020655ef1b0,Bernasconi,BERNASCONI,fantacalcio-it-statistiche,141,Bernasconi,ATALANTA,exact,1.0,fantacalcio_it_id=7219
4abc2858-518e-5bd2-8ecb-2a985f1c1a01,1724f225-b437-541b-8c9e-f23a5ba37fde,Heggem,HEGGEM,fantacalcio-it-statistiche,142,Heggem,BOLOGNA,exact,1.0,fantacalcio_it_id=7212
1ebcfd90-180b-5987-ab18-41d1b72257b2,ea894551-c5fa-5587-be26-77f4820a100f,Holm,HOLM,fantacalcio-it-statistiche,143,Holm,BOLOGNA,exact,1.0,fantacalcio_it_id=5678
29a64747-c3d6-54a1-943f-7954f07aa0c8,637e6485-ab8e-539b-87b1-a7dc9279fac1,Kaiki,KAIKI,fantacalcio-it-statistiche,144,Kaiki,COMO,exact,1.0,fantacalcio_it_id=7414
d3c0aaa6-9a2c-5931-b466-6808ccfe2333,f42b8265-2a4c-5a7c-a3fc-9d840ee2ab69,Valle,VALLE,fantacalcio-it-statistiche,145,Valle,COMO,exact,1.0,fantacalcio_it_id=6867
cab4ab91-1881-54a2-8fbd-96b03dcf174a,9f6c9ef9-9fbd-5fc6-b643-2b79663a623e,Viery,VIERY,fantacalcio-it-statistiche,146,Viery,FIORENTINA,exact,1.0,fantacalcio_it_id=7410
233663c8-28f0-5c24-af3d-b204d031858d,039de9ea-932d-551f-af55-d8daa9b441f4,Monterisi,MONTERISI,fantacalcio-it-statistiche,147,Monterisi,FROSINONE,exact,1.0,fantacalcio_it_id=4952
784c4020-afa0-5910-9687-7bb7f1f1bd19,72474982-66b6-5ed7-b46c-de88c77fe1a5,Oyono A.,OYONOA,fantacalcio-it-statistiche,148,Oyono A.,FROSINONE,exact,1.0,fantacalcio_it_id=6238
2adbdad7-8290-5029-bd39-9923664f2a5f,271cf438-cb38-5119-a216-9f3eb0d5375b,Marcandalli,MARCANDALLI,fantacalcio-it-statistiche,149,Marcandalli,GENOA,exact,1.0,fantacalcio_it_id=6660
db175458-8dc2-50dc-a5e3-2b4aa7804acd,852f717a-9703-5e23-9896-f3f8b653b1df,Pavard,PAVARD,fantacalcio-it-statistiche,150,Pavard,INTER,exact,1.0,fantacalcio_it_id=4177
98080e34-0db6-5295-9f25-cfb7c8e33f3d,f78144a3-1105-5955-b8f6-812c080bbb2e,Carlos Augusto,CARLOSAUGUSTO,fantacalcio-it-statistiche,151,Carlos Augusto,INTER,exact,1.0,fantacalcio_it_id=5877
12546a2b-f2ce-54e8-96a2-250a515ef9da,c2138fb6-d12c-5be9-bfca-f1cd530d0dbc,Romagnoli,ROMAGNOLI,fantacalcio-it-statistiche,152,Romagnoli,LAZIO,exact,1.0,fantacalcio_it_id=460
8145628b-b4a6-5015-809c-acfbfbdbeb2d,a17dc007-50d2-55d2-adb1-516f77bb345e,Pedraza,PEDRAZA,fantacalcio-it-statistiche,153,Pedraza,LAZIO,exact,1.0,fantacalcio_it_id=4817
308518be-d7f0-5ea2-b925-6baf9ecb8bce,c7db3fc7-aa49-50c3-8117-8f64b8986b95,Marusic,MARUSIC,fantacalcio-it-statistiche,154,Marusic,LAZIO,exact,1.0,fantacalcio_it_id=2188
8cde2962-db75-58bf-b85f-bfe411cd220f,993a99b8-c9c9-5315-b5b4-03443d8b1df2,Veiga D.,VEIGAD,fantacalcio-it-statistiche,155,Veiga D.,LECCE,exact,1.0,fantacalcio_it_id=6990
91f3724e-c285-5937-97c2-03720c9142e4,f392d241-7cb7-5501-a50f-3c7e43d816a2,Gallo,GALLO,fantacalcio-it-statistiche,156,Gallo,LECCE,exact,1.0,fantacalcio_it_id=4502
75812204-51a9-54f2-adad-0be2abc55800,cbab4e13-19a1-5dae-8f2b-d8ab1c67a5fc,Tomori,TOMORI,fantacalcio-it-statistiche,157,Tomori,MILAN,exact,1.0,fantacalcio_it_id=4751
51942701-c2d2-5e70-b488-a046dc528448,7a10805d-767e-5c10-a6f1-2804b7ee0257,Beukema,BEUKEMA,fantacalcio-it-statistiche,158,Beukema,NAPOLI,exact,1.0,fantacalcio_it_id=6202
a39861b5-f7fe-5a78-ac15-83bf824564f2,b7c0be70-2610-50ba-a61c-4b13f4e039d9,Buongiorno,BUONGIORNO,fantacalcio-it-statistiche,159,Buongiorno,NAPOLI,exact,1.0,fantacalcio_it_id=2724
c04a9857-e47c-55cd-90f1-ed64e008e2e0,e413e064-0b0c-56aa-b552-d22257f261ee,Circati,CIRCATI,fantacalcio-it-statistiche,160,Circati,PARMA,exact,1.0,fantacalcio_it_id=6663
ae173986-202d-5e63-9650-3e65a444defb,fcd502c5-b908-589b-86c2-c28f976dc28b,Kristensen T.,KRISTENSENT,fantacalcio-it-statistiche,161,Kristensen T.,ATALANTA,exact,1.0,fantacalcio_it_id=6485
8858b17d-b945-520c-99de-07b903bfdfa9,ae1eb220-d963-57da-b93a-d410f09995d3,Obrador,OBRADOR,fantacalcio-it-statistiche,162,Obrador,SASSUOLO,exact,1.0,fantacalcio_it_id=7329
314de87d-0332-5c35-9462-ed0624cf3571,6fade0df-7794-5c66-ba26-aec7313ac3a1,Fortini,FORTINI,fantacalcio-it-statistiche,163,Fortini,TORINO,exact,1.0,fantacalcio_it_id=7069
335c9685-8638-5ab7-8649-3ec1d24170b1,bb0fd19e-41b8-50e0-a218-6496907588e9,Leysen F.,LEYSENF,fantacalcio-it-statistiche,164,Leysen F.,SASSUOLO,exact,1.0,fantacalcio_it_id=7564
f9e481da-ee45-5850-ba00-5e8dce786924,c2b7dbf4-e9bf-57f2-8be3-3433de000ce2,Balerdi,BALERDI,fantacalcio-it-statistiche,165,Balerdi,ROMA,exact,1.0,fantacalcio_it_id=4705
8ae9798d-fc6c-5717-90c8-1d25a33da854,6a894295-d3f6-55bd-a9c8-6d018f53313a,Caleta-Car,CALETACAR,fantacalcio-it-statistiche,166,Caleta-Car,SASSUOLO,exact,1.0,fantacalcio_it_id=4147
33e990b5-679e-59e3-b679-169c874184e2,6f899d39-8d78-5c21-95ac-faf326b42828,Sugawara,SUGAWARA,fantacalcio-it-statistiche,167,Sugawara,CAGLIARI,exact,1.0,fantacalcio_it_id=7621
491d49a1-5900-57fe-a859-668d3380a622,ca9f16e6-12b1-5bc8-b0d5-20b8d9f781fb,Kofler,KOFLER,fantacalcio-it-statistiche,168,Kofler,CAGLIARI,exact,1.0,fantacalcio_it_id=7532
362fa705-4d05-5fe4-98ce-323070a6d6ab,1878ae46-2008-53c0-82b4-09c3e22b963c,Zè Pedro,ZEPEDRO,fantacalcio-it-statistiche,169,Zè Pedro,CAGLIARI,exact,1.0,fantacalcio_it_id=7274
0169ce54-8cc2-5a6d-8321-fa94191dd2c8,11b62d7b-2c99-5abc-9368-fbcdcebb78b4,Kempf,KEMPF,fantacalcio-it-statistiche,170,Kempf,COMO,exact,1.0,fantacalcio_it_id=6893
01c25a83-679e-50e5-8b55-98c863753330,84054717-e1a5-5d4d-8076-eb74ac945e5b,Valdepenas,VALDEPENAS,fantacalcio-it-statistiche,171,Valdepenas,FIORENTINA,exact,1.0,fantacalcio_it_id=7294
8e502bcc-7e7c-5b74-95bf-facc34e93a7f,467bf897-da1c-5c75-9c12-086526f363d4,Calvani,CALVANI,fantacalcio-it-statistiche,172,Calvani,FROSINONE,exact,1.0,fantacalcio_it_id=7467
8367ff44-eb86-50ef-a01c-72beabc3eb49,abbd23ca-3a17-55b8-905f-ff269630c0a7,Kelly L.,KELLYL,fantacalcio-it-statistiche,173,Kelly L.,JUVENTUS,exact,1.0,fantacalcio_it_id=6766
95d659fc-9bd6-5e69-9a8d-a671aa707dd2,f626ad55-13bd-523d-bc34-e5e3f72513d8,Gaspar K.,GASPARK,fantacalcio-it-statistiche,174,Gaspar K.,LECCE,exact,1.0,fantacalcio_it_id=6632
0573b3c0-536e-5976-bf41-6ed1eba5e16f,eed943e4-d29d-5013-803b-1c45c2115728,De Winter,DEWINTER,fantacalcio-it-statistiche,175,De Winter,MILAN,exact,1.0,fantacalcio_it_id=5739
c2a120af-8202-5f7d-b9ac-3f4e1f4fc36a,ad7d894e-098f-588f-9f10-e115787b13cb,Olivera,OLIVERA,fantacalcio-it-statistiche,176,Olivera,NAPOLI,exact,1.0,fantacalcio_it_id=5840
c4216be6-1b65-5c03-b4b8-297d871724fe,c1b6dc00-3c6d-5d89-98e6-bee70a0b550b,Ghilardi,GHILARDI,fantacalcio-it-statistiche,177,Ghilardi,ROMA,exact,1.0,fantacalcio_it_id=6631
1e0e672c-6763-5b9a-b1b7-6644245bcb94,39e28d5f-97a4-5193-adb3-ce158b215394,Doig,DOIG,fantacalcio-it-statistiche,178,Doig,SASSUOLO,exact,1.0,fantacalcio_it_id=5851
85bd6708-153d-59db-8508-9a45be89cffa,461e1fe8-75f5-50a0-b28a-56f46c33ce22,Pedersen,PEDERSEN,fantacalcio-it-statistiche,179,Pedersen,TORINO,exact,1.0,fantacalcio_it_id=6426
d9c1bfa2-d8f2-512f-a660-fb1087c0d288,2e5de527-6cf3-569c-b079-d5a63edf3427,Bella-Kotchap,BELLAKOTCHAP,fantacalcio-it-statistiche,180,Bella-Kotchap,VENEZIA,exact,1.0,fantacalcio_it_id=7253
72f5edfa-a503-5b97-9130-cdf357177f72,b7e1b662-6cda-5724-8d28-611a10410d9b,Correia T.,CORREIAT,fantacalcio-it-statistiche,181,Correia T.,VENEZIA,exact,1.0,fantacalcio_it_id=4845
6e8b405a-2709-530f-a07e-b9fdd2d782aa,62f94d33-8179-584c-9e6a-c860a4c019aa,Haps,HAPS,fantacalcio-it-statistiche,182,Haps,VENEZIA,exact,1.0,fantacalcio_it_id=5695
1acc4d08-9328-591f-a30a-9272013a5f54,9d27e1c5-9998-5ad5-9ee2-18e344422249,Patterson,PATTERSON,fantacalcio-it-statistiche,183,Patterson,TORINO,exact,1.0,fantacalcio_it_id=5751
38089112-db01-5d88-8986-a5ff2a8e1a6e,6bfccb40-480d-5dd8-b98a-25a093b1ecc5,Rodriguez R.,RODRIGUEZR,fantacalcio-it-statistiche,184,Rodriguez R.,TORINO,exact,1.0,fantacalcio_it_id=2169
289abd7e-233a-599f-b212-2e9f9b68b070,6c310625-1bb2-5373-8a37-0c12328c0dcb,Kossounou,KOSSOUNOU,fantacalcio-it-statistiche,185,Kossounou,ATALANTA,exact,1.0,fantacalcio_it_id=5578
25e2b43b-df82-5903-8499-bcd9f6e27423,76aa3ccb-ee94-55c3-90fe-48fe6d2a3330,Vitik,VITIK,fantacalcio-it-statistiche,186,Vitik,BOLOGNA,exact,1.0,fantacalcio_it_id=7068
27399e52-33e9-5c6f-a5aa-7c39a14e4566,f7eaba3e-ac0c-5481-a646-b21959f721bb,Rodriguez Ju.,RODRIGUEZJU,fantacalcio-it-statistiche,187,Rodriguez Ju.,CAGLIARI,exact,1.0,fantacalcio_it_id=7268
cb64a12b-850c-522a-98b3-79adfe7a7259,16c621c5-e2ac-5b84-92b5-12ce84be65b5,Zappa,ZAPPA,fantacalcio-it-statistiche,188,Zappa,CAGLIARI,exact,1.0,fantacalcio_it_id=4461
59e751f8-a474-54c8-98d4-931939d31948,d4954d4c-b5e4-5d85-ba08-436f7cde1176,Smolcic I.,SMOLCICI,fantacalcio-it-statistiche,189,Smolcic I.,COMO,exact,1.0,fantacalcio_it_id=7014
bc4d9f51-c50b-52c5-92fc-ce81da48ff24,2fb21251-d5b6-5016-a25b-4fb68a093db6,Pongracic,PONGRACIC,fantacalcio-it-statistiche,190,Pongracic,FIORENTINA,exact,1.0,fantacalcio_it_id=5603
8ed2ae0a-e3e8-5619-adf7-84ed1c91ee39,de3a4d2b-c048-5a26-ae93-4b66462738fd,Parisi,PARISI,fantacalcio-it-statistiche,191,Parisi,FIORENTINA,exact,1.0,fantacalcio_it_id=5449
40a999f4-29f0-543b-8fde-ba3830122fa7,87c1b120-cf0d-5927-a307-c80cc314c11d,Cittadini,CITTADINI,fantacalcio-it-statistiche,192,Cittadini,FROSINONE,exact,1.0,fantacalcio_it_id=5757
9cbb6ef5-9521-508a-b9a1-6c3c03691b2b,3f4c6120-51a2-5adb-b3eb-13f3a2b566ee,Martin,MARTIN,fantacalcio-it-statistiche,193,Martin,GENOA,exact,1.0,fantacalcio_it_id=2593
2be3ea50-0b37-58bc-82e1-a7091b42de79,05d5b659-8e4c-550b-a1ef-b3c2a09f3202,Mitaj,MITAJ,fantacalcio-it-statistiche,194,Mitaj,GENOA,exact,1.0,fantacalcio_it_id=7537
240f83dd-f7d0-56c8-94b5-2aaae2f3c7d1,6e843b8c-301f-5f3f-9c80-b91531f692cf,Gatti,GATTI,fantacalcio-it-statistiche,195,Gatti,JUVENTUS,exact,1.0,fantacalcio_it_id=5831
a264fb9a-cba2-59a6-9c77-04a1dc72cb65,5d3378e4-73ca-59db-bf8d-7643ebdbe67d,Provstgaard,PROVSTGAARD,fantacalcio-it-statistiche,196,Provstgaard,LAZIO,exact,1.0,fantacalcio_it_id=7012
fdc4b972-1679-5554-971f-291477d92036,4af21229-a6b5-51c5-a953-f92968a6c3d2,Floriani Mussolini,FLORIANIMUSSOLINI,fantacalcio-it-statistiche,197,Floriani Mussolini,LAZIO,exact,1.0,fantacalcio_it_id=7131
42765bc7-f04c-58f4-8b88-a4eef516a5cf,d2f569c1-396f-539a-a6bf-568a636586d3,Siebert,SIEBERT,fantacalcio-it-statistiche,198,Siebert,LECCE,exact,1.0,fantacalcio_it_id=7240
23425534-84fd-5aff-83bf-8c0b5a6b000a,565a66d9-e425-5c7c-ac8c-a7562168a4e9,Delli Carri,DELLICARRI,fantacalcio-it-statistiche,199,Delli Carri,MONZA,exact,1.0,fantacalcio_it_id=2115
bf014f94-eab4-5d2d-914c-0986a99cedd9,a16cfbf0-0ca2-53b4-8c40-62f21b3cec97,Birindelli,BIRINDELLI,fantacalcio-it-statistiche,200,Birindelli,MONZA,exact,1.0,fantacalcio_it_id=5838
983eb7c4-c319-5314-8837-fc3af50ea828,0d82022a-2b5d-5996-b04a-951f09b7e4d5,Valenti,VALENTI,fantacalcio-it-statistiche,201,Valenti,PARMA,exact,1.0,fantacalcio_it_id=5307
ec252bb3-e3f0-5948-81f1-64e4b8a5662a,f5836538-0853-5e48-a34e-324d0e91496a,Rensch,RENSCH,fantacalcio-it-statistiche,202,Rensch,ROMA,exact,1.0,fantacalcio_it_id=6986
9741ee7c-9781-5028-946c-86f62b4f6670,5cbf11dd-2025-5898-a6fa-470470f8ec76,Walukiewicz,WALUKIEWICZ,fantacalcio-it-statistiche,203,Walukiewicz,SASSUOLO,exact,1.0,fantacalcio_it_id=4374
4de0f2c0-cc8c-59fe-b239-9c4273f16a87,4e5566a6-de5a-5c2c-99dc-9fb27177eb1c,Comert,COMERT,fantacalcio-it-statistiche,204,Comert,TORINO,exact,1.0,fantacalcio_it_id=7526
d8f91e9f-4c55-5705-b971-05beb8eea9cc,66e40056-5e06-5bf1-8ea3-34805aafc286,Kabasele,KABASELE,fantacalcio-it-statistiche,205,Kabasele,UDINESE,exact,1.0,fantacalcio_it_id=4263
f0171870-0319-59ca-a8ac-dfd06715a5c8,e4c79bb1-5812-589f-9964-90b7c32aeb64,Bertola,BERTOLA,fantacalcio-it-statistiche,206,Bertola,UDINESE,exact,1.0,fantacalcio_it_id=5820
a2b560cc-e86c-5ef5-9475-e1e748d691f0,fd05c8bc-3520-5ddc-b44d-0162af7c1b30,Zanoli,ZANOLI,fantacalcio-it-statistiche,207,Zanoli,UDINESE,exact,1.0,fantacalcio_it_id=5527
29d56e37-3cbd-53cf-b1e7-b41317a93514,391ce13f-e34e-575a-997c-e6d5cb56be96,Arizala,ARIZALA,fantacalcio-it-statistiche,208,Arizala,UDINESE,exact,1.0,fantacalcio_it_id=7312
eab0f75e-74a1-5f56-82d3-7142e7191ad1,2938f92b-0438-582c-a2ce-ef14eaf611c1,Moreno M.,MORENOM,fantacalcio-it-statistiche,209,Moreno M.,VENEZIA,exact,1.0,fantacalcio_it_id=6890
0b60ca76-0bc3-52db-b428-e211fde1196b,cf97c7d2-f043-5823-915c-726a3a6584e7,Hainaut,HAINAUT,fantacalcio-it-statistiche,210,Hainaut,VENEZIA,exact,1.0,fantacalcio_it_id=6821
10b167cd-eff4-5b84-85f5-9c6486bb0a0d,de3e4d93-4088-5bbd-92e3-219a5d4272b6,Terzic,TERZIC,fantacalcio-it-statistiche,211,Terzic,FROSINONE,exact,1.0,fantacalcio_it_id=4375
0d645fb9-bace-5a14-b877-1ad8fa40a3ca,ff809962-6178-5655-87f7-27ebea8fb853,Favasuli,FAVASULI,fantacalcio-it-statistiche,212,Favasuli,NAPOLI,exact,1.0,fantacalcio_it_id=7563
194582d0-caf9-5c0e-aa8a-a446ecdfcf6e,b25c0827-e2a3-5c0c-b740-ac65ff88ee3e,Juan Jesus,JUANJESUS,fantacalcio-it-statistiche,213,Juan Jesus,VENEZIA,exact,1.0,fantacalcio_it_id=256
cb9f6720-6ff7-58dd-bea5-cfe2c232e19d,713b07ad-6809-5ae4-a7f0-76b36c2fbdd2,Ehizibue,EHIZIBUE,fantacalcio-it-statistiche,214,Ehizibue,GENOA,exact,1.0,fantacalcio_it_id=6047
b8c8a47f-9d84-58be-8a7d-8a7518a8ab7f,182634e1-3ba1-5caf-8293-cbbbc83873dc,Casale,CASALE,fantacalcio-it-statistiche,215,Casale,BOLOGNA,exact,1.0,fantacalcio_it_id=5498
42fbc53b-7465-5747-bc49-69a446a1bf68,cdd05a74-177f-5603-b5c6-25753d54347b,Helland,HELLAND,fantacalcio-it-statistiche,216,Helland,BOLOGNA,exact,1.0,fantacalcio_it_id=7326
e08b3105-f0f9-5943-a4b1-8b11acd1847a,65300679-cdd9-534e-a5c6-8c7e627e3952,Idrissi R.,IDRISSIR,fantacalcio-it-statistiche,217,Idrissi R.,CAGLIARI,exact,1.0,fantacalcio_it_id=7125
25df1b14-461c-5b35-94e5-1036498cb9a0,088c5c23-61b6-549c-9d57-ebb38f6ef964,Ranieri L.,RANIERIL,fantacalcio-it-statistiche,218,Ranieri L.,FIORENTINA,exact,1.0,fantacalcio_it_id=4378
059971a9-96ce-521f-b9bd-4700ccf8fbad,706598d1-5871-5fb6-8c01-81201afa8cc3,Joao Mario,JOAOMARIO,fantacalcio-it-statistiche,219,Joao Mario,FIORENTINA,exact,1.0,fantacalcio_it_id=7175
dbf7494c-bb89-56ce-8b49-98991b6b57e4,a996f4ab-a5ef-5d37-8b60-884d95b94b4e,Akpoguma,AKPOGUMA,fantacalcio-it-statistiche,220,Akpoguma,FROSINONE,exact,1.0,fantacalcio_it_id=7540
eb4a070f-03ee-5382-8e93-abd194281138,0f8c7ee9-676c-5af1-8fdf-e6a531ae34f1,Athekame,ATHEKAME,fantacalcio-it-statistiche,221,Athekame,MILAN,exact,1.0,fantacalcio_it_id=7211
6e26ca60-0908-54e9-84c4-ffb43d0ea256,d0a10a63-462b-514a-a85e-46768736c968,Estupinan,ESTUPINAN,fantacalcio-it-statistiche,222,Estupinan,MILAN,exact,1.0,fantacalcio_it_id=5273
92fcf2a8-ed9c-526d-8efa-5399d3d3b6f9,b7f910ae-402f-5e95-8905-dada7e616aca,Lucchesi,LUCCHESI,fantacalcio-it-statistiche,223,Lucchesi,MONZA,exact,1.0,fantacalcio_it_id=6659
dceee064-6130-55bd-b8bf-f25edfe5abbd,e54f2256-bf27-5eaa-8ab6-45482cac06b5,Kouadio,KOUADIO,fantacalcio-it-statistiche,224,Kouadio,MONZA,exact,1.0,fantacalcio_it_id=7238
eef5ede1-73de-5e23-919f-c2181870772a,f01ac1ce-e842-5c28-949a-fead65c59423,Carboni A.,CARBONIA,fantacalcio-it-statistiche,225,Carboni A.,MONZA,exact,1.0,fantacalcio_it_id=4925
9beeca1c-64ed-5ee7-ad96-abf4e3624fbc,88b26f3d-f437-57d2-b741-e57ad6b5cc6f,Troilo,TROILO,fantacalcio-it-statistiche,226,Troilo,PARMA,exact,1.0,fantacalcio_it_id=7235
fc2fb3fc-fa4b-51f8-806b-4e6e5c3a819e,6c0e5494-70ad-55d8-a24f-e9be6ac481eb,Britschgi,BRITSCHGI,fantacalcio-it-statistiche,227,Britschgi,PARMA,exact,1.0,fantacalcio_it_id=7255
f1709420-0184-5f2f-9d55-bb3f78d5fd52,4691eb59-2b40-5e43-850d-a9ffcc9d5a55,Angelino,ANGELINO,fantacalcio-it-statistiche,228,Angelino,ROMA,exact,1.0,fantacalcio_it_id=4772
d0bf4080-6f3c-5774-be28-0db82279222b,a9052c26-618f-51dd-9ac2-73c9b00d5ab9,Candè,CANDE,fantacalcio-it-statistiche,229,Candè,SASSUOLO,exact,1.0,fantacalcio_it_id=6985
dff5526e-e1ce-5ebf-9f90-5064a81c5504,e6a58710-fe0a-56a5-97cd-b0fb5edf53ad,Palma,PALMA,fantacalcio-it-statistiche,230,Palma,UDINESE,exact,1.0,fantacalcio_it_id=6925
bdc44da9-2859-5712-839b-0eb93b931492,5e18a465-e52c-569f-b52a-cc7839d773f5,Ebosse,EBOSSE,fantacalcio-it-statistiche,231,Ebosse,UDINESE,exact,1.0,fantacalcio_it_id=5994
eebc7736-c1fc-5cca-a22f-41a5f1fd3529,37104695-7c0f-5f50-8514-96c4d7339d91,Halhal,HALHAL,fantacalcio-it-statistiche,232,Halhal,VENEZIA,exact,1.0,fantacalcio_it_id=7538
f3a16473-4a72-5587-b99e-9700eebf196d,a22f02f4-f0b5-5105-9528-5202aa4d3993,Schingtienne,SCHINGTIENNE,fantacalcio-it-statistiche,233,Schingtienne,VENEZIA,exact,1.0,fantacalcio_it_id=6892
a3958c2d-6518-5e53-b417-27eae95601bf,c344b6bc-d8c4-5493-9b86-28e9ede4d200,Sverko,SVERKO,fantacalcio-it-statistiche,234,Sverko,VENEZIA,exact,1.0,fantacalcio_it_id=6673
94b29b60-f49b-5216-a028-c54340a54ff0,faeb7fe5-fff5-59fe-9cd0-624bdbdb3884,Franjic,FRANJIC,fantacalcio-it-statistiche,235,Franjic,VENEZIA,exact,1.0,fantacalcio_it_id=7478
b69ac1dd-c346-5a1c-88b7-e77a7ba441f6,e1d27422-e8b7-54e5-818f-df55dff4b58a,Odenthal,ODENTHAL,fantacalcio-it-statistiche,236,Odenthal,SASSUOLO,exact,1.0,fantacalcio_it_id=7154
669a9b97-6ffd-507f-ad5d-2f2f2e610e2a,a13d3c1f-1abd-58e6-a616-3c2e10fee658,Tchato,TCHATO,fantacalcio-it-statistiche,237,Tchato,FROSINONE,exact,1.0,fantacalcio_it_id=7605
4fd920bc-7e12-51e7-badb-e99701c760a6,8a7d6d1c-6311-52c9-81b9-13e8eecda6ed,Kambwala,KAMBWALA,fantacalcio-it-statistiche,238,Kambwala,COMO,exact,1.0,fantacalcio_it_id=6601
ea6389c6-bf6c-5f9d-962f-52a906c88756,e04c9ebb-e9a9-510c-b073-c90b292e1e15,Drameh,DRAMEH,fantacalcio-it-statistiche,239,Drameh,GENOA,exact,1.0,fantacalcio_it_id=5742
368d131d-d2cb-5ec6-b80c-6acd9cc375c9,b2fa3e0a-aabf-52d3-b018-3140d7ad3a21,Alhassane,ALHASSANE,fantacalcio-it-statistiche,240,Alhassane,BOLOGNA,exact,1.0,fantacalcio_it_id=7483
e92b3b32-6de6-5eba-9884-acaefd003692,47bac0c5-1d0d-5f8d-9465-0db8893feb87,Van Der Brempt,VANDERBREMPT,fantacalcio-it-statistiche,241,Van Der Brempt,SASSUOLO,exact,1.0,fantacalcio_it_id=6896
9c9e8096-2a35-5d6c-891e-40e2918f47c9,622ecd5c-6f9c-53c3-80b4-bf001f8550fa,Otoa,OTOA,fantacalcio-it-statistiche,242,Otoa,GENOA,exact,1.0,fantacalcio_it_id=6977
232ccbf5-04b3-550d-a710-48d1c0768344,be57d27b-a23e-567a-992c-f57d40495a26,Puczka,PUCZKA,fantacalcio-it-statistiche,243,Puczka,GENOA,exact,1.0,fantacalcio_it_id=7413
5c65997d-e266-58f2-90dd-132137c77136,27ab995b-6c4f-5a48-a45a-b54b58b1964d,Sabelli,SABELLI,fantacalcio-it-statistiche,244,Sabelli,GENOA,exact,1.0,fantacalcio_it_id=791
0008ad9f-c3e1-584e-8f46-5411a592f819,83b980ba-009e-5678-b97d-f89469b4c806,Lazzari,LAZZARI,fantacalcio-it-statistiche,245,Lazzari,LAZIO,exact,1.0,fantacalcio_it_id=2263
f789347b-5589-5027-b232-1ce8b56e043d,abe566c9-3dca-573a-86d8-3b6ef67f8c66,Pellegrini Lu.,PELLEGRINILU,fantacalcio-it-statistiche,246,Pellegrini Lu.,LAZIO,exact,1.0,fantacalcio_it_id=2728
0fd9546d-ed79-516f-ad0e-eeb6848cadf6,5eba1186-4ebf-52d7-9be5-de4d5b4e2d74,Jean,JEAN,fantacalcio-it-statistiche,247,Jean,LECCE,exact,1.0,fantacalcio_it_id=6883
aa87512e-d433-56f5-bcf0-52d706335e26,f51cde19-3953-5d1e-b1c9-378a7b83d0a1,Ndaba,NDABA,fantacalcio-it-statistiche,248,Ndaba,LECCE,exact,1.0,fantacalcio_it_id=7182
edcf4af5-06cb-5c53-95e9-ad642fb42730,88c93ecd-f728-54f4-a9c1-908eb14eda20,Diawara S.,DIAWARAS,fantacalcio-it-statistiche,249,Diawara S.,MILAN,exact,1.0,fantacalcio_it_id=7525
d68f4697-391e-556e-a009-7ce43ab3548e,d25b3cce-e4cb-5180-91b1-63c777e26cee,Bakoune,BAKOUNE,fantacalcio-it-statistiche,250,Bakoune,MONZA,exact,1.0,fantacalcio_it_id=7476
dacb43be-a459-51d8-929a-783f3a0e2a02,77d4ddd3-d63d-526f-8f68-d7af20a7ff67,Marin R.,MARINR,fantacalcio-it-statistiche,251,Marin R.,NAPOLI,exact,1.0,fantacalcio_it_id=6638
f553581f-3ec5-5b37-bf2c-7a99524b97ac,2b3e63b2-c501-5e46-b6d7-a3ce2740b672,Ndiaye,NDIAYE,fantacalcio-it-statistiche,252,Ndiaye,PARMA,exact,1.0,fantacalcio_it_id=7202
157141eb-11f4-5241-82e3-6529e5999377,f62a6983-089c-5b06-b204-da4ab5ecb5e4,Biraghi,BIRAGHI,fantacalcio-it-statistiche,253,Biraghi,TORINO,exact,1.0,fantacalcio_it_id=252
55844cbc-c9bb-5387-bc29-0e7bff294b2b,10dc8fe6-6e9f-5097-bc89-938b87ab9ec5,Abankwah,ABANKWAH,fantacalcio-it-statistiche,254,Abankwah,UDINESE,exact,1.0,fantacalcio_it_id=6021
09a93f27-129d-5e1f-b6f1-ed5a63074a50,7bd717bf-3b14-5b1d-8b41-0952d2f19009,Sagrado,SAGRADO,fantacalcio-it-statistiche,255,Sagrado,VENEZIA,exact,1.0,fantacalcio_it_id=6681
5ef4fa1c-c399-5d8e-8ba6-2348a94d27a2,77b9196e-e447-5b7b-ae23-83add093915e,Aurelio,AURELIO,fantacalcio-it-statistiche,256,Aurelio,CAGLIARI,exact,1.0,fantacalcio_it_id=7548
2f12240d-ce54-51a5-8b41-e5097400173e,83ebb084-b6f0-558e-9134-e5e5ac48546c,Goglichidze,GOGLICHIDZE,fantacalcio-it-statistiche,257,Goglichidze,MONZA,exact,1.0,fantacalcio_it_id=6537
99fe6e7c-8720-5ac2-909b-3589c1fb0e2a,f6dff5e6-a517-54d2-b3b8-024fd78d5a81,Cinquegrano,CINQUEGRANO,fantacalcio-it-statistiche,258,Cinquegrano,SASSUOLO,exact,1.0,fantacalcio_it_id=7573
4965ed73-2b2b-570c-b81c-1ef7f61365b4,57a944b4-9924-5fe8-9762-30a4feb984e2,Terracciano F.,TERRACCIANOF,fantacalcio-it-statistiche,259,Terracciano F.,MILAN,exact,1.0,fantacalcio_it_id=5812
2cbb137e-1c61-5e17-b23f-25f0126d1da8,19697848-e209-5399-8478-9912d684a0a9,Lulli,LULLI,fantacalcio-it-statistiche,260,Lulli,ROMA,exact,1.0,fantacalcio_it_id=7599
7aae05af-6615-5470-9011-bafd4827b31d,7c988390-39dd-59b8-bd33-52947d88a6e1,Drobnic,DROBNIC,fantacalcio-it-statistiche,261,Drobnic,PARMA,exact,1.0,fantacalcio_it_id=7615
fcd12ccd-f2c6-542b-8ac5-5d3ab0cd9844,089d098e-cda3-5538-ab83-19b9fb5cc1d9,De Silvestri,DESILVESTRI,fantacalcio-it-statistiche,262,De Silvestri,BOLOGNA,exact,1.0,fantacalcio_it_id=487
d5a84aed-c2e6-5958-ace6-88b34832be99,26f23146-984a-5612-92a8-18c9b34d001a,Raterink,RATERINK,fantacalcio-it-statistiche,263,Raterink,CAGLIARI,exact,1.0,fantacalcio_it_id=7346
00d4cf3b-db1e-5aa3-8e2d-2cdd49d74201,86f5062a-f5b2-5d29-a46f-09fa3300f800,Goldaniga,GOLDANIGA,fantacalcio-it-statistiche,264,Goldaniga,COMO,exact,1.0,fantacalcio_it_id=418
3d57751c-9534-5668-94ec-19d4ef81ff3c,c2e0adb4-5afa-5d88-a258-009a71e3b030,Cuenca A.,CUENCAA,fantacalcio-it-statistiche,265,Cuenca A.,COMO,exact,1.0,fantacalcio_it_id=7407
489363e7-e5e2-5f86-bbdf-8bd3ad70b4d5,e5a3d7c1-2222-5499-81a4-15a80dacc11e,Amey,AMEY,fantacalcio-it-statistiche,266,Amey,FROSINONE,exact,1.0,fantacalcio_it_id=5424
62876220-3302-5cdf-8260-ca7f5a33b05e,b2ef4252-c6c5-58bb-948e-10b82037e38d,Gelli J.,GELLIJ,fantacalcio-it-statistiche,267,Gelli J.,FROSINONE,exact,1.0,fantacalcio_it_id=7468
2f098dbd-3d2b-5fe1-a165-3acba12bba8d,2f4a5ad2-b267-56e7-a987-087949ef3f2b,Oyono J.,OYONOJ,fantacalcio-it-statistiche,268,Oyono J.,FROSINONE,exact,1.0,fantacalcio_it_id=7470
c1317a04-10db-5119-b403-a5bf090aa39e,d3ef57da-d85f-5f66-9ea6-837948574d78,Corrado,CORRADO,fantacalcio-it-statistiche,269,Corrado,FROSINONE,exact,1.0,fantacalcio_it_id=7471
39ee3fdc-d316-548b-b047-18eae32982eb,c9f933d9-a0da-549a-9de1-7f04ce3f513c,Vogliacco,VOGLIACCO,fantacalcio-it-statistiche,270,Vogliacco,GENOA,exact,1.0,fantacalcio_it_id=6245
f9362735-663d-590b-b94d-7cc491c4724d,fbfbbe33-e64e-549f-a4bf-ab510058a429,Matturro,MATTURRO,fantacalcio-it-statistiche,271,Matturro,GENOA,exact,1.0,fantacalcio_it_id=6244
823271e2-6d79-5ead-ba45-bbddbc33b801,ad032884-7ea7-58f0-870c-c652964d6e0c,Rugani,RUGANI,fantacalcio-it-statistiche,272,Rugani,JUVENTUS,exact,1.0,fantacalcio_it_id=294
59cd1683-5ab5-5634-ba5a-d9f98c1d40c7,952ccb39-f434-56ff-a90e-908dcb7a9391,Cabal,CABAL,fantacalcio-it-statistiche,273,Cabal,JUVENTUS,exact,1.0,fantacalcio_it_id=6039
96a2e820-fcb4-559c-ba45-1764cb29ca13,bd2b703f-1d99-5481-b230-c3f14d7b0c1b,Patric,PATRIC,fantacalcio-it-statistiche,274,Patric,LAZIO,exact,1.0,fantacalcio_it_id=327
4e78f854-3855-5028-8fc7-3fa5b0cf82e0,5ffff5b2-6ebe-5e56-88e9-41ee3200b2ab,Perez M.,PEREZM,fantacalcio-it-statistiche,275,Perez M.,LECCE,exact,1.0,fantacalcio_it_id=7164
b84a0c54-c5e2-5e08-9400-5bbc5a524255,3b5aed92-d649-59e5-8dee-db1ad0568ea5,Antov,ANTOV,fantacalcio-it-statistiche,276,Antov,MONZA,exact,1.0,fantacalcio_it_id=5399
bcebec5c-a458-569c-8181-022aaaf2a1d0,8184fdf6-47af-5f3e-8052-10bd1c834bc5,Marianucci,MARIANUCCI,fantacalcio-it-statistiche,277,Marianucci,NAPOLI,exact,1.0,fantacalcio_it_id=6809
b1f53a82-02b0-5189-990b-ae0d62469746,7e62b5c5-d5e8-504f-a133-9459c00739a4,Mazzocchi,MAZZOCCHI,fantacalcio-it-statistiche,278,Mazzocchi,VENEZIA,exact,1.0,fantacalcio_it_id=5481
00e4c9a9-0092-51f7-929d-fc6994ca8577,1eeb6ca0-63d9-54b4-a455-6237e56d4768,Carboni F.,CARBONIF,fantacalcio-it-statistiche,279,Carboni F.,PARMA,exact,1.0,fantacalcio_it_id=6149
1203e7b8-6976-5370-ba2c-69c38b3ee89f,b8907c74-813f-5322-9fba-478117042ae2,Ziolkowski,ZIOLKOWSKI,fantacalcio-it-statistiche,280,Ziolkowski,MONZA,exact,1.0,fantacalcio_it_id=7260
644ba1dd-2cf6-5077-97af-c80e6e069211,2db70618-f4d3-5e72-b7da-8584b2c56e19,Missori,MISSORI,fantacalcio-it-statistiche,281,Missori,SASSUOLO,exact,1.0,fantacalcio_it_id=6189
750d5d69-3a23-5b58-9305-88a1e89561cd,028da3f4-1873-57b5-83c8-1ca752781128,Pieragnolo,PIERAGNOLO,fantacalcio-it-statistiche,282,Pieragnolo,SASSUOLO,exact,1.0,fantacalcio_it_id=7156
189d6500-2a6d-563c-8b41-c36f17b96ddc,e92e442a-7ec7-5366-bf10-d1daf2eaa7e7,Mlacic,MLACIC,fantacalcio-it-statistiche,283,Mlacic,UDINESE,exact,1.0,fantacalcio_it_id=7356
907d33b3-922c-5523-867d-c070485e3bbf,8ac54ae8-ecef-574f-b3e2-1120c47c2684,Gomes,GOMES,fantacalcio-it-statistiche,284,Gomes,VENEZIA,exact,1.0,fantacalcio_it_id=7454
7adb297d-19b5-5786-b403-a7274413c597,84896b99-a94c-530e-b472-00d0ed3d3058,Omar Fayed,OMARFAYED,fantacalcio-it-statistiche,285,Omar Fayed,FROSINONE,exact,1.0,fantacalcio_it_id=7553
015f0504-fa0f-597e-be7f-6883ef3b3571,cf065ae9-cbc4-5ea2-af6b-cd1d8b10719c,Macchioni,MACCHIONI,fantacalcio-it-statistiche,286,Macchioni,SASSUOLO,exact,1.0,fantacalcio_it_id=7396
6672c727-bfd8-5091-8fa5-cba100666c61,2ecf4d1a-32fb-5694-95fd-bb6e18127bde,Maye,MAYE,fantacalcio-it-statistiche,287,Maye,MONZA,exact,1.0,fantacalcio_it_id=7604
299fedcf-6e82-5c0f-8ec4-e5275581fb0e,997ca01f-0103-5588-bc98-3901384aa6d8,Dembelè A.,DEMBELEA,fantacalcio-it-statistiche,288,Dembelè A.,LECCE,exact,1.0,fantacalcio_it_id=6826
e5c719a9-5627-5c0d-81d2-41f0734bd3be,17f1a76f-5307-516b-8310-47e2ebadefca,Paz N.,PAZN,fantacalcio-it-statistiche,289,Paz N.,COMO,exact,1.0,fantacalcio_it_id=6875
51125cd6-fc9c-5673-99ed-abda75feb3b6,71cbc518-b93b-505b-a585-29d68c7ab099,Calhanoglu,CALHANOGLU,fantacalcio-it-statistiche,290,Calhanoglu,INTER,exact,1.0,fantacalcio_it_id=2194
f75a0c7f-b06e-553e-a479-0bab83a0f023,217c34f3-21a3-50e4-9ad9-def8c9b9cf8d,McTominay,MCTOMINAY,fantacalcio-it-statistiche,291,McTominay,NAPOLI,exact,1.0,fantacalcio_it_id=4777
6a09ac49-94aa-5831-89c1-aeaf78b66ddb,686b01ef-f078-50b9-ba66-6983fbe9af24,Orsolini,ORSOLINI,fantacalcio-it-statistiche,292,Orsolini,BOLOGNA,exact,1.0,fantacalcio_it_id=2167
23aa595d-91a9-5fe5-8e85-69c0d01d80e8,2f9201be-afe6-5363-ae47-bbac0c7e9276,Pulisic,PULISIC,fantacalcio-it-statistiche,293,Pulisic,MILAN,exact,1.0,fantacalcio_it_id=2423
3daae6cb-69c9-5bd3-adef-38d2a55dec3a,0e7e939f-0174-5b16-aa41-4deb2ead471a,Rabiot,RABIOT,fantacalcio-it-statistiche,294,Rabiot,MILAN,exact,1.0,fantacalcio_it_id=2379
08d9b459-3605-5188-a31b-a8782ee24c72,43f8ce1d-9273-5268-8b07-e6b88011d17a,Baturina,BATURINA,fantacalcio-it-statistiche,295,Baturina,COMO,exact,1.0,fantacalcio_it_id=7126
e361d796-3303-5b1b-942e-a23a1ff82455,cd8617a0-dfeb-5024-9e19-94680315c8cf,Mora,MORA,fantacalcio-it-statistiche,296,Mora,ROMA,exact,1.0,fantacalcio_it_id=7556
f9d3facc-866e-504c-8d44-ee15050c7490,f3da0fa9-20dc-5748-8fa5-3faa7c1f38e1,Da Cunha,DACUNHA,fantacalcio-it-statistiche,297,Da Cunha,COMO,exact,1.0,fantacalcio_it_id=5559
0c97cc16-8f7a-5f08-b345-c235c4066e0a,a13c1b4d-bc4a-501e-8ec7-03a8c1f96d5c,Barella,BARELLA,fantacalcio-it-statistiche,298,Barella,INTER,exact,1.0,fantacalcio_it_id=1870
3f4cecf8-141f-5d2a-8e1c-72c98e51b380,58a46468-eb82-5cb1-a7bc-a52df40f0441,Zaniolo,ZANIOLO,fantacalcio-it-statistiche,299,Zaniolo,UDINESE,exact,1.0,fantacalcio_it_id=2766
8d61c931-1fbb-51ba-b7fb-30ef6e26fb5f,604055bd-94f5-5da0-a120-5dfeff1e00ed,McKennie,MCKENNIE,fantacalcio-it-statistiche,300,McKennie,JUVENTUS,exact,1.0,fantacalcio_it_id=4973
f43e55c7-e240-5020-9b50-b67df9aa07a4,fea0eb0e-ec0b-5ba6-87a6-80a83a386023,De Bruyne,DEBRUYNE,fantacalcio-it-statistiche,301,De Bruyne,NAPOLI,exact,1.0,fantacalcio_it_id=2517
cfb3997b-464c-5919-990f-c285d91d3795,dd5bba76-df81-529a-9b06-6f2d309c708d,Zaccagni,ZACCAGNI,fantacalcio-it-statistiche,302,Zaccagni,LAZIO,exact,1.0,fantacalcio_it_id=632
e76eeb31-d6c7-5a66-9c47-4ee1171eef13,1c544a48-a178-501c-88d8-8b7ead048beb,Atta,ATTA,fantacalcio-it-statistiche,303,Atta,FIORENTINA,exact,1.0,fantacalcio_it_id=6908
1cab9af8-b8e5-5a46-ae72-f38d069275b5,c7dc1f19-bbbe-56f4-ba99-450f4fb0b858,Samardzic,SAMARDZIC,fantacalcio-it-statistiche,304,Samardzic,ATALANTA,exact,1.0,fantacalcio_it_id=5119
bc14fef7-5580-52f1-9e02-4f911b3a519f,b0fffe4b-2b25-52b9-9012-21b95c5272ca,Conceicao,CONCEICAO,fantacalcio-it-statistiche,305,Conceicao,JUVENTUS,exact,1.0,fantacalcio_it_id=6884
da571fc9-3a09-5abf-973b-309163c930f1,93461120-7b51-51bc-98e5-6df876b3ded9,Taylor K.,TAYLORK,fantacalcio-it-statistiche,306,Taylor K.,LAZIO,exact,1.0,fantacalcio_it_id=7314
ab3294de-fe23-51b8-ad05-b565fee18997,e985a8b8-a299-593e-b535-7417423e339e,Vlasic,VLASIC,fantacalcio-it-statistiche,307,Vlasic,TORINO,exact,1.0,fantacalcio_it_id=5687
e3eb2312-725e-5e1a-9362-e3b945fec582,98b9c3b6-e66b-5dc1-9cc0-f8d5ef068e72,Ederson D.S.,EDERSONDS,fantacalcio-it-statistiche,308,Ederson D.S.,ATALANTA,exact,1.0,fantacalcio_it_id=5792
f745171f-8426-5268-903d-2ebfc84c08dd,3ea98651-01f9-5855-8e19-742c4c6c105c,Gudmundsson A.,GUDMUNDSSONA,fantacalcio-it-statistiche,309,Gudmundsson A.,LAZIO,exact,1.0,fantacalcio_it_id=5800
2381b28a-3889-517e-ba48-2db070d81206,d137528d-ec14-52cf-a955-24717e6866ea,Zielinski,ZIELINSKI,fantacalcio-it-statistiche,310,Zielinski,INTER,exact,1.0,fantacalcio_it_id=152
35916832-0288-5db2-b13b-289e71cd17b9,7ed18631-77f8-5f45-954f-3d82ec421c4f,Modric,MODRIC,fantacalcio-it-statistiche,311,Modric,MILAN,exact,1.0,fantacalcio_it_id=2606
94cdec78-063c-5f32-acc1-cb9da38021ff,fb140223-4b84-549a-b454-6dd52cfd5234,Ekkelenkamp,EKKELENKAMP,fantacalcio-it-statistiche,312,Ekkelenkamp,UDINESE,exact,1.0,fantacalcio_it_id=6684
78aa35d7-85eb-563a-a7e7-9dc58cfdabcb,6476950b-b829-5c94-a52b-c5bdf7fba88d,Jones C.,JONESC,fantacalcio-it-statistiche,313,Jones C.,INTER,exact,1.0,fantacalcio_it_id=5172
c78e0910-8252-5738-b472-37d9b681f29d,15893305-0919-5f86-adaf-841778d7d05a,Gonzalez N.,GONZALEZN,fantacalcio-it-statistiche,314,Gonzalez N.,JUVENTUS,exact,1.0,fantacalcio_it_id=4179
1ade5199-5752-5fcf-a3e2-07ad7c4857b4,8fe6912b-8429-52b1-9534-a5cc05ac50d1,Kessiè,KESSIE,fantacalcio-it-statistiche,315,Kessiè,ATALANTA,exact,1.0,fantacalcio_it_id=1850
4afd467e-f41d-5316-9ed0-16ce9610e09f,d8661b39-503e-513f-aa50-48341e7f313f,Goncalves P.,GONCALVESP,fantacalcio-it-statistiche,316,Goncalves P.,FIORENTINA,exact,1.0,fantacalcio_it_id=7625
30e871d4-a1e2-5e3b-b6dd-b29cdd941e99,3e29e540-5b6a-5bba-bf91-10d018f7424c,Rodriguez Je.,RODRIGUEZJE,fantacalcio-it-statistiche,317,Rodriguez Je.,COMO,exact,1.0,fantacalcio_it_id=7129
f6f88753-96a9-54b9-9494-a547b3f17f12,5698c708-58e3-5459-b471-5a5ac7d55d41,Baldanzi,BALDANZI,fantacalcio-it-statistiche,318,Baldanzi,GENOA,exact,1.0,fantacalcio_it_id=5823
186230c9-686f-5d19-ac0d-d15980cd4602,25a79c7d-bb68-51a6-a6d1-1ecbfac3d760,Alajbegovic,ALAJBEGOVIC,fantacalcio-it-statistiche,319,Alajbegovic,JUVENTUS,exact,1.0,fantacalcio_it_id=7436
e50980ce-9bbf-5265-a154-304fb92d9ef1,a8ad0c8d-57e9-5371-81db-022119ac4809,Saelemaekers,SAELEMAEKERS,fantacalcio-it-statistiche,320,Saelemaekers,MILAN,exact,1.0,fantacalcio_it_id=4892
824285df-08b5-5b2b-b1cd-073b70258f44,0ac37811-5b2c-57c1-9682-7993e1bfa542,Mastantuono,MASTANTUONO,fantacalcio-it-statistiche,321,Mastantuono,FIORENTINA,exact,1.0,fantacalcio_it_id=7078
f448d58e-4df5-5617-9d4c-007cef295f4c,91d6a8e0-7689-5d85-8cd1-1314a722b40d,Moreira,MOREIRA,fantacalcio-it-statistiche,322,Moreira,MILAN,exact,1.0,fantacalcio_it_id=6372
adafb141-f3a5-5df5-8f87-5e2da38120b3,c1449d5b-d420-53ca-98bb-5eea7b1bfd3a,Bernardeschi,BERNARDESCHI,fantacalcio-it-statistiche,323,Bernardeschi,BOLOGNA,exact,1.0,fantacalcio_it_id=184
b258f2e0-359d-534c-9d85-d5febc75184d,b4e698cc-5b6d-545e-99a3-2328abcbba40,Rowe,ROWE,fantacalcio-it-statistiche,324,Rowe,ATALANTA,exact,1.0,fantacalcio_it_id=6844
9feb91c7-64be-553b-80df-8762f9b20c46,7ac1e07c-e70b-56a0-b175-74eb23f7b217,Perrone,PERRONE,fantacalcio-it-statistiche,325,Perrone,COMO,exact,1.0,fantacalcio_it_id=6151
92244748-ab17-5efe-b9d7-76f6a57443be,de201baf-7f56-5503-82e7-f6e2a29de9dc,Frattesi,FRATTESI,fantacalcio-it-statistiche,326,Frattesi,LAZIO,exact,1.0,fantacalcio_it_id=2848
b2dd51da-d1f2-5523-80f3-e9a67343d3d0,65fa4b88-21c9-5222-9f6c-5af854355c44,Zambo Anguissa,ZAMBOANGUISSA,fantacalcio-it-statistiche,327,Zambo Anguissa,NAPOLI,exact,1.0,fantacalcio_it_id=4220
c762ab38-e085-5375-b44c-20bb272e3c1a,fe2fc395-af52-545a-ab41-5f5b06f21dcb,Vergara,VERGARA,fantacalcio-it-statistiche,328,Vergara,NAPOLI,exact,1.0,fantacalcio_it_id=7223
5cf7e5bf-c103-5443-82fa-1716329fd3d6,ef95bb61-9274-5743-b9f1-b238aaaec23e,Konè M.,KONEM,fantacalcio-it-statistiche,329,Konè M.,ROMA,exact,1.0,fantacalcio_it_id=5589
c6d80ca5-9551-5653-925d-f43409ae8dc4,a559f7ed-d91d-501d-b79a-7d83d197a168,Thorstvedt,THORSTVEDT,fantacalcio-it-statistiche,330,Thorstvedt,SASSUOLO,exact,1.0,fantacalcio_it_id=5844
b9cbc38e-3a31-566f-9766-39bd478cc375,7b4151ce-003c-5684-be86-95f0d32afa67,Diouf,DIOUF,fantacalcio-it-statistiche,331,Diouf,INTER,exact,1.0,fantacalcio_it_id=6274
b218c94e-65c4-50d9-943f-49969cc904d0,70fb165b-e4e1-5b09-8f4b-ef461e87200c,Sucic P.,SUCICP,fantacalcio-it-statistiche,332,Sucic P.,INTER,exact,1.0,fantacalcio_it_id=7070
ace01967-0c4c-5cc3-94bc-d6c356109cb4,24e91424-5f74-5bac-bd38-aac55516b95f,Locatelli,LOCATELLI,fantacalcio-it-statistiche,333,Locatelli,JUVENTUS,exact,1.0,fantacalcio_it_id=827
cda3830f-1bce-5553-bf78-1829444e937a,25e1e594-cba4-5e18-962a-4025ceafd1ec,Thuram K.,THURAMK,fantacalcio-it-statistiche,334,Thuram K.,JUVENTUS,exact,1.0,fantacalcio_it_id=5562
94cbb4cb-f6ff-5cd6-95c3-b3d3beb0b1b2,921e57ef-5894-542c-84d0-86393f1c3a2e,Cancellieri,CANCELLIERI,fantacalcio-it-statistiche,335,Cancellieri,LAZIO,exact,1.0,fantacalcio_it_id=5500
9bd1a978-226e-52f3-a667-f0ff99cec63c,c8a5a9cc-0376-546e-b639-6f88531c6a2b,Isaksen,ISAKSEN,fantacalcio-it-statistiche,336,Isaksen,LAZIO,exact,1.0,fantacalcio_it_id=6398
8ba2ca81-921a-547a-81c3-6c97a8212061,e54f95fe-96c9-50f5-a34d-d8358de705ab,Colpani,COLPANI,fantacalcio-it-statistiche,337,Colpani,MONZA,exact,1.0,fantacalcio_it_id=5878
c903dda5-ce34-5621-97c1-ebfcae362faa,a8672d87-3f77-5400-b7a5-0fb7b0535499,Politano,POLITANO,fantacalcio-it-statistiche,338,Politano,NAPOLI,exact,1.0,fantacalcio_it_id=536
66cee4d4-0d73-5570-b0b4-fb6a1d662a6c,06fbc7e2-0f53-5019-a842-08b25d796429,Cristante,CRISTANTE,fantacalcio-it-statistiche,339,Cristante,ROMA,exact,1.0,fantacalcio_it_id=779
e1f9d35f-2dda-5d27-9621-9a7a120a0f7f,bf8cff3e-1cd1-5a4e-80a0-ff76d25b2694,Volpato,VOLPATO,fantacalcio-it-statistiche,340,Volpato,SASSUOLO,exact,1.0,fantacalcio_it_id=5735
63b74ae3-38cb-5150-ac72-a8ab03059123,3f414e1d-944a-53f7-8018-967fe348ae5d,Casadei,CASADEI,fantacalcio-it-statistiche,341,Casadei,TORINO,exact,1.0,fantacalcio_it_id=5888
a43dccaa-48ea-5c53-9acc-45989f53a5f0,1cfc54ff-c071-50d6-a038-f174f541cd87,Pellegrini Lo.,PELLEGRINILO,fantacalcio-it-statistiche,342,Pellegrini Lo.,ROMA,exact,1.0,fantacalcio_it_id=530
64846b18-e83d-5d83-b380-9acbd10c7a6c,5cd4d7d1-adb6-5189-ad72-6d7894498961,Pasalic,PASALIC,fantacalcio-it-statistiche,343,Pasalic,ATALANTA,exact,1.0,fantacalcio_it_id=2077
1a5d1be9-42bc-537d-beaa-554fcc0dd56b,3eb2d63c-711d-5bd9-9c82-dcc3035b5848,Odgaard,ODGAARD,fantacalcio-it-statistiche,344,Odgaard,BOLOGNA,exact,1.0,fantacalcio_it_id=2765
809537f6-503b-57e4-b465-125d9de3ac46,f31f3ec5-5974-5198-b40e-7305978b5928,Cambiaghi,CAMBIAGHI,fantacalcio-it-statistiche,345,Cambiaghi,BOLOGNA,exact,1.0,fantacalcio_it_id=4436
65637451-69b3-55e1-a4dd-7f3afab1b505,8a74585b-4096-5070-9f1e-262906d4345b,Mandragora,MANDRAGORA,fantacalcio-it-statistiche,346,Mandragora,TORINO,exact,1.0,fantacalcio_it_id=1933
c8e7f7a1-39fe-52ed-ad13-efe7aa20dacc,3b3fc09d-5d87-5751-b925-b5e033d4eab3,Calò,CALO,fantacalcio-it-statistiche,347,Calò,FROSINONE,exact,1.0,fantacalcio_it_id=7472
9368a238-9e20-5a47-9a9c-88e68a659e14,ae20b324-0e00-566d-8a21-883ad9ddd9ed,Chukwueze,CHUKWUEZE,fantacalcio-it-statistiche,348,Chukwueze,MILAN,exact,1.0,fantacalcio_it_id=4856
7b772a96-692e-5a71-97f8-be43bda89ded,5d2acaaa-15d7-5619-8786-acc9094962ab,Lobotka,LOBOTKA,fantacalcio-it-statistiche,349,Lobotka,NAPOLI,exact,1.0,fantacalcio_it_id=4287
932cfd43-68c4-5578-aab1-8150af6cf1a6,a261eedf-f7b4-5ad6-a160-d6eebc6889bc,Konè I.,KONEI,fantacalcio-it-statistiche,350,Konè I.,SASSUOLO,exact,1.0,fantacalcio_it_id=6717
742cee59-fcbf-54b3-a435-9201a5c95ccd,1f7e9936-2dd7-5f35-a078-fe717878600d,Schmid,SCHMID,fantacalcio-it-statistiche,351,Schmid,FROSINONE,exact,1.0,fantacalcio_it_id=7551
b4ee1137-ea68-504c-82eb-c9e3e35c7d40,a0e63140-637a-5a46-af1d-632aff71d952,Hutchinson,HUTCHINSON,fantacalcio-it-statistiche,352,Hutchinson,MILAN,exact,1.0,fantacalcio_it_id=7618
dcd9245f-1ac2-510a-a328-223a7a589a1f,f45d9118-558d-5efc-bfb7-bc1996abb4ef,Mbangula,MBANGULA,fantacalcio-it-statistiche,353,Mbangula,BOLOGNA,exact,1.0,fantacalcio_it_id=6833
22f13b2a-a45c-5642-a81a-49052bf4dd75,c631a93f-997a-5777-aa84-dc051badeafa,Gaetano,GAETANO,fantacalcio-it-statistiche,354,Gaetano,ATALANTA,exact,1.0,fantacalcio_it_id=4364
38dd42b6-84ed-5af9-b8ae-cba4f42fc925,fcc97452-5f13-58ea-bb7d-984dfaf1adc2,Zalewski,ZALEWSKI,fantacalcio-it-statistiche,355,Zalewski,ATALANTA,exact,1.0,fantacalcio_it_id=5422
7d8a0c6d-7df4-55c6-b6b8-ac63377d48e1,1a51675b-d038-5e8f-a83d-b2c913c22292,Ferguson,FERGUSON,fantacalcio-it-statistiche,356,Ferguson,BOLOGNA,exact,1.0,fantacalcio_it_id=5858
c18bb24f-8d98-59f6-8318-a4c193c98ddd,f3c5bf16-5faa-56bf-abf3-a20682f5b522,Adopo,ADOPO,fantacalcio-it-statistiche,357,Adopo,CAGLIARI,exact,1.0,fantacalcio_it_id=4870
09ae54d7-3cd2-5b87-bf67-a92196d84faf,30e1951f-d821-5459-89ca-de282cbd3c0f,Romano,ROMANO,fantacalcio-it-statistiche,358,Romano,CAGLIARI,exact,1.0,fantacalcio_it_id=7311
3b157bcc-245f-522b-b42e-9b074dab9fea,1dcfeeb3-de59-57d7-976a-ef96952a65d0,Fagioli,FAGIOLI,fantacalcio-it-statistiche,359,Fagioli,FIORENTINA,exact,1.0,fantacalcio_it_id=4465
f33954f1-34bb-5f75-8046-757e8ed18909,064ec1ca-a024-524a-9f99-7afffa41fd00,Ndour,NDOUR,fantacalcio-it-statistiche,360,Ndour,FIORENTINA,exact,1.0,fantacalcio_it_id=6294
99b7e481-afc6-5562-8bf4-5afcd1d1272f,c8895f77-42ab-5699-be7b-5150a44c012a,Frendrup,FRENDRUP,fantacalcio-it-statistiche,361,Frendrup,GENOA,exact,1.0,fantacalcio_it_id=5791
0bf62843-03f5-5000-b6cf-da638a8842c7,ae8e2421-af4f-5e75-a262-d11f94d7ceb3,Koopmeiners,KOOPMEINERS,fantacalcio-it-statistiche,362,Koopmeiners,JUVENTUS,exact,1.0,fantacalcio_it_id=5685
f485ce47-37ed-5cf3-aaa5-39242a7d4ce7,8942149c-b960-5233-81f6-2b5076c04bfe,Rovella,ROVELLA,fantacalcio-it-statistiche,363,Rovella,LAZIO,exact,1.0,fantacalcio_it_id=4459
262fc502-bf68-5d9a-8bef-60e7b2cb8e9d,58bf5335-94d3-5c59-920a-5582ba562724,Coulibaly L.,COULIBALYL,fantacalcio-it-statistiche,364,Coulibaly L.,LECCE,exact,1.0,fantacalcio_it_id=5504
65441708-0ffe-5ebb-989c-b222e4bb912c,dea18ec3-36d1-5910-be98-73675698c274,Akinsanmiro,AKINSANMIRO,fantacalcio-it-statistiche,365,Akinsanmiro,MONZA,exact,1.0,fantacalcio_it_id=6593
1f6ae6f6-79be-5ff2-8bd3-1fa987aa2369,01ec36df-0f23-5b4d-9121-2b38b98c38a9,Bernabè,BERNABE,fantacalcio-it-statistiche,366,Bernabè,PARMA,exact,1.0,fantacalcio_it_id=6666
06b076aa-b526-52ce-a516-e2616e4abbd6,c0d89f52-2ec9-52a3-9ac4-eb9d3c4050a1,Pisilli,PISILLI,fantacalcio-it-statistiche,367,Pisilli,ROMA,exact,1.0,fantacalcio_it_id=6190
26c3df48-4131-5b95-a775-b3b1b9c1cf37,098ba44d-2f61-52c1-ab78-4c3860f4b2d7,Karlstrom,KARLSTROM,fantacalcio-it-statistiche,368,Karlstrom,UDINESE,exact,1.0,fantacalcio_it_id=6680
36dfec59-5e18-59b3-8513-7b2b681a5f3c,4b7f6de3-8a6b-5c9b-9986-23d60bd7f979,Unai Gomez,UNAIGOMEZ,fantacalcio-it-statistiche,369,Unai Gomez,UDINESE,exact,1.0,fantacalcio_it_id=6783
1f3d4b02-16e9-5e33-84d2-671d63dc045b,fa2cd156-9c5c-59ab-9962-53aba8ad30d1,Sow,SOW,fantacalcio-it-statistiche,370,Sow,GENOA,exact,1.0,fantacalcio_it_id=5946
aac53aaf-49c8-524d-93b5-47a81cc16dc3,dad41fa7-59af-5b08-93bf-cdedd98076ac,Elmas,ELMAS,fantacalcio-it-statistiche,371,Elmas,ATALANTA,exact,1.0,fantacalcio_it_id=4479
7f6736b1-14b8-52fc-a931-c3cfa771c2e7,4870a398-f84b-5bf6-9e61-5cb8bcf99bb3,Monteiro J.,MONTEIROJ,fantacalcio-it-statistiche,372,Monteiro J.,LECCE,exact,1.0,fantacalcio_it_id=7619
a93e2a9b-338b-5b04-8a13-c1d0831efec8,fe954dbe-7f9e-5462-bcf6-8e0fc4f8a567,Sarr P.,SARRP,fantacalcio-it-statistiche,373,Sarr P.,JUVENTUS,exact,1.0,fantacalcio_it_id=5680
b28cfcb4-5d91-5640-a472-f6ab4ae53f91,ea8c9888-cae7-5cc2-8f97-b69d9d30b981,El Shaarawy,ELSHAARAWY,fantacalcio-it-statistiche,374,El Shaarawy,GENOA,exact,1.0,fantacalcio_it_id=795
c62f55c9-bec6-5674-8ebd-ff475fcabc6e,cd23ae7a-bc00-5a69-802e-fe64ee48d897,Pobega,POBEGA,fantacalcio-it-statistiche,375,Pobega,BOLOGNA,exact,1.0,fantacalcio_it_id=5298
984b4fae-06a8-5f2a-ab41-ffb997f2110b,79b24d37-153e-5694-aa35-a47b277ce2ac,Winks,WINKS,fantacalcio-it-statistiche,376,Winks,CAGLIARI,exact,1.0,fantacalcio_it_id=4260
0a9b9a5b-e34c-54b6-a006-54261c37043c,70ee922d-fa9e-54bf-9936-0d95283d3a3e,Fazzini,FAZZINI,fantacalcio-it-statistiche,377,Fazzini,CAGLIARI,exact,1.0,fantacalcio_it_id=6010
e6c59ad8-b356-53a3-81c2-857c116797e5,679a1e52-c4bb-5e18-aa65-6e9d3e2a2f7f,Milla,MILLA,fantacalcio-it-statistiche,378,Milla,COMO,exact,1.0,fantacalcio_it_id=7412
fc5412f9-5ab9-5ee9-8fda-20b6c6160a80,4fae29c9-fea2-585f-b53d-0fe0bf7f9c94,Caqueret,CAQUERET,fantacalcio-it-statistiche,379,Caqueret,COMO,exact,1.0,fantacalcio_it_id=5036
09dafe6d-489b-5a68-abf8-eee98d3bb6fc,0f425cd1-70b0-5a1c-b840-097307384d38,Liberali,LIBERALI,fantacalcio-it-statistiche,380,Liberali,COMO,exact,1.0,fantacalcio_it_id=6678
d367f099-4738-508d-a6d9-a7d2e80bbfee,0bea15f0-f9ff-5b83-9ec2-d7d008ec7337,Oulai,OULAI,fantacalcio-it-statistiche,381,Oulai,FIORENTINA,exact,1.0,fantacalcio_it_id=7464
76b6098e-5cd9-52f2-989b-83353aa13fa7,7a98ce22-533c-51af-b68a-45f576a9e212,Zerbin,ZERBIN,fantacalcio-it-statistiche,382,Zerbin,FROSINONE,exact,1.0,fantacalcio_it_id=5998
d854c60a-a174-5581-ac2d-24b7ec726058,b9459bf0-7418-574f-b391-d541dc2d4eff,Ellertsson,ELLERTSSON,fantacalcio-it-statistiche,383,Ellertsson,GENOA,exact,1.0,fantacalcio_it_id=6020
9d97ac83-ef9a-557d-b8d2-d5feedf41224,2f8cba29-b953-5d54-a104-b156a26d9818,Zhegrova,ZHEGROVA,fantacalcio-it-statistiche,384,Zhegrova,JUVENTUS,exact,1.0,fantacalcio_it_id=5761
088cd67d-7231-5f97-a017-a98984e54381,a838ed9b-0083-5cb3-9dc2-67d3f47b7079,Pierotti,PIEROTTI,fantacalcio-it-statistiche,385,Pierotti,LECCE,exact,1.0,fantacalcio_it_id=6549
d20c26a1-ee87-555c-a6b4-ce84fb946071,a98b02e4-9fca-5cd4-801c-c9f096f9d120,Pessina,PESSINA,fantacalcio-it-statistiche,386,Pessina,MONZA,exact,1.0,fantacalcio_it_id=2741
5ef75235-847b-52c3-bf37-ae89302df048,badf5159-baea-5202-947d-bf5849162213,Nicolussi Caviglia,NICOLUSSICAVIGLIA,fantacalcio-it-statistiche,387,Nicolussi Caviglia,PARMA,exact,1.0,fantacalcio_it_id=4349
4bab2e81-93e1-58bc-ac4f-68626f72366a,c56b242e-000d-5dfa-8cae-5d13acb382c0,Matic,MATIC,fantacalcio-it-statistiche,388,Matic,SASSUOLO,exact,1.0,fantacalcio_it_id=2528
5036d6f8-ed12-5344-9fdc-2a361dac1a12,04f3d626-86f1-52b4-81d3-2e9bdad217a7,Adzic,ADZIC,fantacalcio-it-statistiche,389,Adzic,SASSUOLO,exact,1.0,fantacalcio_it_id=6677
a0c654fa-5b2a-5289-99c4-c4ceba03659f,7b394bca-864b-5cd2-ad62-7f90bb687eb2,Bakola,BAKOLA,fantacalcio-it-statistiche,390,Bakola,SASSUOLO,exact,1.0,fantacalcio_it_id=7036
0e866cd0-444a-544a-a134-4e068a98cb4c,489d2830-18c1-53a9-b6fd-a6ba67c6cb68,Cacciamani,CACCIAMANI,fantacalcio-it-statistiche,391,Cacciamani,TORINO,exact,1.0,fantacalcio_it_id=7060
7e805152-c646-5c76-b6ac-4b1ec45d7784,72dd7043-19fd-54c2-b469-cc25bdc703c4,Oristanio,ORISTANIO,fantacalcio-it-statistiche,392,Oristanio,TORINO,exact,1.0,fantacalcio_it_id=6218
de1a6e99-89f6-5225-a542-0eb5cc76c7e4,b4455d4f-d4f1-5951-bd4b-24ef54f71d52,Piotrowski,PIOTROWSKI,fantacalcio-it-statistiche,393,Piotrowski,UDINESE,exact,1.0,fantacalcio_it_id=7198
3bef1703-26d1-5578-a232-a86b00c4f043,be710d42-81e7-5c07-a17d-e0e29280e8cc,Basic,BASIC,fantacalcio-it-statistiche,394,Basic,VENEZIA,exact,1.0,fantacalcio_it_id=5674
3ff15949-cab0-57eb-88da-e75e97d9e23d,13f2d157-44ee-5d97-a52b-c538f7018131,Tourè I.,TOUREI,fantacalcio-it-statistiche,395,Tourè I.,MONZA,exact,1.0,fantacalcio_it_id=7146
475999ca-6930-5d10-b482-216c9b6465fe,301814ea-2aa5-512b-86e5-ae5868bba4b8,Braganca,BRAGANCA,fantacalcio-it-statistiche,396,Braganca,TORINO,exact,1.0,fantacalcio_it_id=7624
ea9098f2-2095-56e8-a1ce-7b5ac842a5b0,e2bdecc1-83f1-562a-8c36-5fab70ddd5d8,Amondarain,AMONDARAIN,fantacalcio-it-statistiche,397,Amondarain,BOLOGNA,exact,1.0,fantacalcio_it_id=7528
423c8671-a529-5108-9bec-f56c50a7b823,169f9a40-70eb-5a5f-91ca-3be3c751c62f,Felici,FELICI,fantacalcio-it-statistiche,398,Felici,CAGLIARI,exact,1.0,fantacalcio_it_id=6640
f1cc5912-4ea2-5e57-8b22-fe1bc06e7dc1,e0837cac-f510-598d-8316-026271becc6b,Meichtry,MEICHTRY,fantacalcio-it-statistiche,399,Meichtry,GENOA,exact,1.0,fantacalcio_it_id=7409
cc6505fd-34e4-5d91-8932-7cca24bf4a22,5846ee56-ef2f-5175-a4fb-111605062b7e,Luis Henrique,LUISHENRIQUE,fantacalcio-it-statistiche,400,Luis Henrique,INTER,exact,1.0,fantacalcio_it_id=5301
2db8ab79-ebef-58db-ae5a-276ca93f7bf3,16d5410a-c394-5488-8d08-024b83d1da6c,Dele-Bashiru,DELEBASHIRU,fantacalcio-it-statistiche,401,Dele-Bashiru,LAZIO,exact,1.0,fantacalcio_it_id=6629
14ffed1b-354d-504e-93f2-6fd55306abef,2645e2d3-a3b1-5ac8-bdc9-af8249dc56cb,Jashari,JASHARI,fantacalcio-it-statistiche,402,Jashari,MILAN,exact,1.0,fantacalcio_it_id=7203
c307522f-f2c0-5f5c-bbc9-ddc08cf25a06,d722f103-f61b-5332-bc2f-167946b3a5d3,Keita M.,KEITAM,fantacalcio-it-statistiche,403,Keita M.,PARMA,exact,1.0,fantacalcio_it_id=6898
fcf265cc-e57c-5d60-8f46-fd555124ecb5,bddc1ca5-79dc-584b-ac4c-b8caa51c23c7,Ondrejka,ONDREJKA,fantacalcio-it-statistiche,404,Ondrejka,PARMA,exact,1.0,fantacalcio_it_id=6984
975115db-f72e-5a32-b73b-81915dfc69f1,3f8503ed-73f4-550a-ac2f-9ea1e21f3120,Fitz-Jim,FITZJIM,fantacalcio-it-statistiche,405,Fitz-Jim,TORINO,exact,1.0,fantacalcio_it_id=7535
04c6cb44-e174-53d8-98a6-401df4e8ec6f,27eb496d-528f-546c-a8cb-462c9975cc38,Gineitis,GINEITIS,fantacalcio-it-statistiche,406,Gineitis,TORINO,exact,1.0,fantacalcio_it_id=6170
a17521a0-9539-5bf2-8c6e-9a9e49ca735f,124e429f-063e-5c24-aa2c-1a61cd7f7f61,Busio,BUSIO,fantacalcio-it-statistiche,407,Busio,VENEZIA,exact,1.0,fantacalcio_it_id=5507
aaba2067-7650-54b5-afc4-94bc00b91ce2,bff0ccd1-3d87-5f26-ae19-8d7c64b25225,Sohm,SOHM,fantacalcio-it-statistiche,408,Sohm,VENEZIA,exact,1.0,fantacalcio_it_id=5319
929dea14-65f9-5d71-8767-832e3ce9d737,2f6830ef-5684-5940-bc99-7977d88470f2,Perez K.,PEREZK,fantacalcio-it-statistiche,409,Perez K.,VENEZIA,exact,1.0,fantacalcio_it_id=6994
290a3f6d-80ee-597b-baae-198f0613e928,d8f71d4a-284b-5b10-bccf-b3a49e4f5427,Cissè A.,CISSEA,fantacalcio-it-statistiche,410,Cissè A.,MILAN,exact,1.0,fantacalcio_it_id=6618
902c7366-7329-5f2e-a85b-ffd8094fe92c,7f47bbc8-7e30-5e50-bcc3-952bf30e0e3c,De Roon,DEROON,fantacalcio-it-statistiche,411,De Roon,ROMA,exact,1.0,fantacalcio_it_id=22
85cc0e59-4c89-535c-9f1a-455a4097491b,1d15d98c-d69e-50b8-b0b5-855911b6cb24,Moro N.,MORON,fantacalcio-it-statistiche,412,Moro N.,BOLOGNA,exact,1.0,fantacalcio_it_id=6054
6d2c083e-4c26-5a3f-8ae4-5ed4f27ec90a,a6ea026a-ac51-5c7d-bb8c-205589000598,Dominguez B.,DOMINGUEZB,fantacalcio-it-statistiche,413,Dominguez B.,SASSUOLO,exact,1.0,fantacalcio_it_id=6895
c9f75491-3697-55e5-98a5-ab49bc75f35b,916285ef-e76a-59fd-a2a9-0a8abc3bcad4,Prati,PRATI,fantacalcio-it-statistiche,414,Prati,CAGLIARI,exact,1.0,fantacalcio_it_id=6424
06b89b22-0427-5020-8677-c15d26d8fac8,9087a138-6a69-5121-a41e-72e2b15a4642,Addai,ADDAI,fantacalcio-it-statistiche,415,Addai,COMO,exact,1.0,fantacalcio_it_id=7127
c8eec6d4-686b-503e-81b1-53cc445094e6,58db02f0-3bcd-5df5-9dd7-a06a9e83fb4c,Fabbian,FABBIAN,fantacalcio-it-statistiche,416,Fabbian,PARMA,exact,1.0,fantacalcio_it_id=6206
41f2cb55-bdb5-5a55-aaf9-0110a36e6fb5,1a624d4c-04ba-5655-9f17-1a41fbe398b4,Cichella,CICHELLA,fantacalcio-it-statistiche,417,Cichella,FROSINONE,exact,1.0,fantacalcio_it_id=7473
75c2c68c-cedd-5ca3-8081-ac942ccc2b57,bdad7bbe-26d0-53ea-b585-030a6eb0e9e5,Koutsoupias,KOUTSOUPIAS,fantacalcio-it-statistiche,418,Koutsoupias,FROSINONE,exact,1.0,fantacalcio_it_id=7474
f573ff5e-ff3a-5112-a299-c69edd12a492,86f972aa-8eec-5a5b-b095-1e28e725b7a6,Fini ,FINI,fantacalcio-it-statistiche,419,Fini ,FROSINONE,exact,1.0,fantacalcio_it_id=6506
c224de94-48d1-56fb-b9af-26ecd71366ab,47ab3115-d9da-5334-931d-7ff9b240361b,Amorim,AMORIM,fantacalcio-it-statistiche,420,Amorim,GENOA,exact,1.0,fantacalcio_it_id=7341
5c7a2dd0-4f76-5f04-9496-f655bec3a8a5,cb65fc9f-50c5-5222-9253-bc25355b2add,Messias,MESSIAS,fantacalcio-it-statistiche,421,Messias,GENOA,exact,1.0,fantacalcio_it_id=4970
c9bbf4de-163a-517d-9c48-d1a9c58e1ffd,59cebb5e-aea4-53d4-b7e3-e895f6dce99f,Traorè Hj.,TRAOREHJ,fantacalcio-it-statistiche,422,Traorè Hj.,GENOA,exact,1.0,fantacalcio_it_id=2857
6cc6a4ec-2538-5b0d-9442-31467cd97c52,569ee3ba-ea95-5ef2-b646-5931a8b98af5,Mkhitaryan,MKHITARYAN,fantacalcio-it-statistiche,423,Mkhitaryan,INTER,exact,1.0,fantacalcio_it_id=2529
11442b70-4ba8-5561-8709-b83c48efa50e,6ba8aab0-f9dc-5e74-95eb-0283a423c050,Douglas Luiz,DOUGLASLUIZ,fantacalcio-it-statistiche,424,Douglas Luiz,JUVENTUS,exact,1.0,fantacalcio_it_id=4911
7081351d-e511-5ed2-8a4d-d33b7edc6af1,d2d0d04d-eebe-5da7-b94e-e292051a9b55,Cataldi,CATALDI,fantacalcio-it-statistiche,425,Cataldi,LAZIO,exact,1.0,fantacalcio_it_id=333
c983e0b5-8391-5d7f-94d7-2e1b073119b5,63f1fdb3-b49b-526e-8986-f7347384e03d,Ngom,NGOM,fantacalcio-it-statistiche,426,Ngom,LECCE,exact,1.0,fantacalcio_it_id=7322
64b2f99a-654f-584b-a770-95b6e01df731,668ba604-d90a-50b7-8b0e-526696071854,Berisha M.,BERISHAM,fantacalcio-it-statistiche,427,Berisha M.,LECCE,exact,1.0,fantacalcio_it_id=6015
a3e163f7-1768-5adc-98bd-78efa172cfb2,7ac4b621-d0eb-55d2-b56e-c9843550f8d7,Gandelman,GANDELMAN,fantacalcio-it-statistiche,428,Gandelman,LECCE,exact,1.0,fantacalcio_it_id=7318
13ec1877-a936-559d-9554-f2c240b21ce7,45a12b46-e356-5132-abe3-b77979ce9225,Fofana Y.,FOFANAY,fantacalcio-it-statistiche,429,Fofana Y.,MILAN,exact,1.0,fantacalcio_it_id=4686
77b41694-f77b-57a4-9ab2-780139f6737e,5729bda8-5bcf-5f53-bc45-1d38d7e380e4,Ricci S.,RICCIS,fantacalcio-it-statistiche,430,Ricci S.,COMO,exact,1.0,fantacalcio_it_id=5453
d922a888-022f-50f8-86f6-709e5b31841f,0db55dda-f564-5f8c-9663-ddc66c22baa4,Loftus-Cheek,LOFTUSCHEEK,fantacalcio-it-statistiche,431,Loftus-Cheek,MILAN,exact,1.0,fantacalcio_it_id=4199
5061a45b-00cc-53a3-98db-3357ffa213fd,62e7bcb6-a19f-556a-8bd8-4c6d3a2876a4,Folorunsho,FOLORUNSHO,fantacalcio-it-statistiche,432,Folorunsho,MONZA,exact,1.0,fantacalcio_it_id=6252
622e9478-c021-5421-bfad-902ad1a1b6cf,e036af08-1e2a-5d82-97c9-bc53ed51a09a,Almqvist,ALMQVIST,fantacalcio-it-statistiche,433,Almqvist,PARMA,exact,1.0,fantacalcio_it_id=6207
1c22a5eb-37a8-5be6-ae92-d2b5e5a6e570,23b96d81-84b6-5126-9a31-237805aca646,El Aynaoui,ELAYNAOUI,fantacalcio-it-statistiche,434,El Aynaoui,ROMA,exact,1.0,fantacalcio_it_id=6271
8de0a9b2-497c-5182-805e-9e805d54602a,e8deb1bf-9244-5979-9b0b-fbceac23f3eb,Ilkhan,ILKHAN,fantacalcio-it-statistiche,435,Ilkhan,TORINO,exact,1.0,fantacalcio_it_id=6005
a5d24765-92c9-5d59-aa22-f259527656a6,2e5d3c6d-da7d-5202-a34a-bd8203aea70e,Njie,NJIE,fantacalcio-it-statistiche,436,Njie,FIORENTINA,exact,1.0,fantacalcio_it_id=6827
046959b7-1349-5e9f-a7a5-52d9ddfa7523,d63d347e-8da6-598c-bf59-57ebaf23e9f6,Miller L.,MILLERL,fantacalcio-it-statistiche,437,Miller L.,UDINESE,exact,1.0,fantacalcio_it_id=7208
1e216d89-beab-5040-bf5d-741206b309c9,f7a0199b-bf0f-583f-9e22-35993c9d1e46,Grillitsch,GRILLITSCH,fantacalcio-it-statistiche,438,Grillitsch,FROSINONE,exact,1.0,fantacalcio_it_id=7550
92fc41d9-d34f-5aca-9564-8299680c07c5,6b0952f1-6436-593e-9ace-fe67733df1c9,Massolin,MASSOLIN,fantacalcio-it-statistiche,439,Massolin,CAGLIARI,exact,1.0,fantacalcio_it_id=7579
c02df0e0-c51b-5d0f-b9ea-2300fd342d08,55ea4ec3-695e-51e4-85e1-896db11e9ae3,Sulemana I.,SULEMANAI,fantacalcio-it-statistiche,440,Sulemana I.,SASSUOLO,exact,1.0,fantacalcio_it_id=6024
c55a868b-1266-5a7a-82bf-b9985cd266ea,7b89cc62-7d1e-5753-925d-e83e98c3fe79,Deiola,DEIOLA,fantacalcio-it-statistiche,441,Deiola,CAGLIARI,exact,1.0,fantacalcio_it_id=1871
e5886d11-43a5-5359-8221-581938a8d399,e0920390-79aa-5d59-9273-f7adc0c20a61,Brescianini,BRESCIANINI,fantacalcio-it-statistiche,442,Brescianini,FIORENTINA,exact,1.0,fantacalcio_it_id=4947
d8e631f3-19a2-55b4-bf25-58d50ee0379b,028458d8-7386-55ed-b99b-7c91ef987646,Gelli F.,GELLIF,fantacalcio-it-statistiche,443,Gelli F.,FROSINONE,exact,1.0,fantacalcio_it_id=6241
a6988816-8ef6-5a11-bf81-837fb821047e,0959057c-1057-5a47-be62-b92f0d122f9b,Masini,MASINI,fantacalcio-it-statistiche,444,Masini,FROSINONE,exact,1.0,fantacalcio_it_id=6917
423a6b92-78ac-50be-b09f-bfa1c4dfbf5e,2fdb45af-e3da-5061-a073-5e07d6714843,Stankovic A.,STANKOVICA,fantacalcio-it-statistiche,445,Stankovic A.,INTER,exact,1.0,fantacalcio_it_id=6503
1fa6603c-9030-51c6-b6f4-873c1b420a9c,d2d25632-7b76-5de5-a515-eebfa1b95875,Miretti,MIRETTI,fantacalcio-it-statistiche,446,Miretti,JUVENTUS,exact,1.0,fantacalcio_it_id=5813
5bdcc241-4e21-5b92-a879-4202aca9c4d8,ac6ebc26-74fb-5bbb-b23f-96ec5e04ac71,Gorter,GORTER,fantacalcio-it-statistiche,447,Gorter,LECCE,exact,1.0,fantacalcio_it_id=7248
b7865f07-8b12-5876-8c12-0c9f896888f0,8c12b315-1b2f-5e89-9332-7a28b0acac47,Maleh,MALEH,fantacalcio-it-statistiche,448,Maleh,LECCE,exact,1.0,fantacalcio_it_id=5457
7bce76aa-58f1-5ecd-831a-1517b9f0d119,ced96226-1220-5a3e-b599-19f6e13b9656,Musah,MUSAH,fantacalcio-it-statistiche,449,Musah,MILAN,exact,1.0,fantacalcio_it_id=5295
e24b2d38-00f2-57b4-8efb-fbf53cd7eb26,e189ff0a-cf2e-582a-a4b3-dc98496924b5,Colombo L.,COLOMBOL,fantacalcio-it-statistiche,450,Colombo L.,MONZA,exact,1.0,fantacalcio_it_id=7477
29293108-c7e7-5562-a2c6-c43a8642c12c,cc70fff6-4ca0-59db-a1ea-badc72be6539,Gilmour,GILMOUR,fantacalcio-it-statistiche,451,Gilmour,NAPOLI,exact,1.0,fantacalcio_it_id=5131
b216ce55-18be-5462-86b5-45133a6e84bf,35715968-bd13-5054-924d-adae383ee908,Ordonez C.,ORDONEZC,fantacalcio-it-statistiche,452,Ordonez C.,PARMA,exact,1.0,fantacalcio_it_id=7138
8c528b65-fda6-50c1-a5c8-53e332884b0d,48f6f1a9-611d-5ac3-b8e4-b64ca139402c,Sorensen O.,SORENSENO,fantacalcio-it-statistiche,453,Sorensen O.,PARMA,exact,1.0,fantacalcio_it_id=7209
326e5c53-ccdf-5d2b-bcf8-7f6baaea0030,3105434b-2888-5301-92a0-60379432fda8,Diallo O.,DIALLOO,fantacalcio-it-statistiche,454,Diallo O.,PARMA,exact,1.0,fantacalcio_it_id=7536
8b245049-57e7-5a11-b81a-bb64db66141c,44202792-a4ef-5b0c-8f61-1138d9609442,Aboukhlal,ABOUKHLAL,fantacalcio-it-statistiche,455,Aboukhlal,TORINO,exact,1.0,fantacalcio_it_id=7183
90bd5a6a-08c4-5f79-85af-a0f19a3bd0be,afb83e69-b14a-5ec9-abb4-0a83c5b60488,Helgason,HELGASON,fantacalcio-it-statistiche,456,Helgason,VENEZIA,exact,1.0,fantacalcio_it_id=5872
ccc21444-30a4-58c6-bc94-4cc1b9660079,c1e9bfd4-2bde-5355-b322-25c660070313,Gagliardini,GAGLIARDINI,fantacalcio-it-statistiche,457,Gagliardini,CAGLIARI,exact,1.0,fantacalcio_it_id=801
b35cd52b-7238-56cb-b65a-3e5d7ceb0956,ebf206f5-02ab-5b25-ba5d-e7e62025b7ee,Fernandez T.,FERNANDEZT,fantacalcio-it-statistiche,458,Fernandez T.,VENEZIA,exact,1.0,fantacalcio_it_id=7232
966b0117-f0d0-5fa4-9b8e-4461e2656d9e,34f59f32-8cb8-5bea-971d-be5ee70cc7b9,El Azzouzi O.,ELAZZOUZIO,fantacalcio-it-statistiche,459,El Azzouzi O.,BOLOGNA,exact,1.0,fantacalcio_it_id=6225
244ab8d6-eb67-592c-b251-4a1dac46c0a8,4d8b6b3f-51cd-54db-9d7c-365fadf7d961,Fadera,FADERA,fantacalcio-it-statistiche,460,Fadera,CAGLIARI,exact,1.0,fantacalcio_it_id=6815
7f890b3e-3ac6-5a9c-aa9f-7b23c46ea208,abb229de-9196-5a4c-8faf-d15a78edc35b,Hasa,HASA,fantacalcio-it-statistiche,461,Hasa,FROSINONE,exact,1.0,fantacalcio_it_id=6903
87f136b1-5b6e-59e4-9e7c-bee9fa046e88,b0bb3fc5-924a-5ed6-a4a0-d711f71be096,Venturino,VENTURINO,fantacalcio-it-statistiche,462,Venturino,GENOA,exact,1.0,fantacalcio_it_id=6980
8379e162-496b-52ee-9310-278b4dbfadc3,7c527c2f-3e68-5b70-bb89-ee8172b8560d,Belahyane,BELAHYANE,fantacalcio-it-statistiche,463,Belahyane,LAZIO,exact,1.0,fantacalcio_it_id=6191
c9803f5a-9efe-5dbd-9055-2f33cfd58cbd,b4d3d8ee-85da-5d10-8d65-288578652923,Ciurria,CIURRIA,fantacalcio-it-statistiche,464,Ciurria,MONZA,exact,1.0,fantacalcio_it_id=5880
96e3f774-c6f3-5514-8967-6d84045a5aeb,c82658bd-d24c-5725-a5f2-022b807efa10,Cremaschi,CREMASCHI,fantacalcio-it-statistiche,465,Cremaschi,PARMA,exact,1.0,fantacalcio_it_id=7276
34244ff4-6800-5736-9be4-b5341a212a67,8e7c7738-b1ff-52a3-ab8e-e8ceda70c5a5,Boloca,BOLOCA,fantacalcio-it-statistiche,466,Boloca,SASSUOLO,exact,1.0,fantacalcio_it_id=6219
b66b8ed9-ed9a-55b1-bd3f-c5bca4b03ae3,b36430e7-e631-5872-ba4f-c9cba6c1c278,Lipani,LIPANI,fantacalcio-it-statistiche,467,Lipani,SASSUOLO,exact,1.0,fantacalcio_it_id=6246
94f8f6f7-5c83-562a-8a57-c65aa334ea3a,d896452a-68bd-5120-ae85-eab30d67dc28,Zarraga,ZARRAGA,fantacalcio-it-statistiche,468,Zarraga,UDINESE,exact,1.0,fantacalcio_it_id=6212
ea0aeedb-f9c3-58f4-aaac-c589199d1f89,b752b8d1-c83b-53d6-b432-bf914f945e5b,Chakvetadze,CHAKVETADZE,fantacalcio-it-statistiche,469,Chakvetadze,UDINESE,exact,1.0,fantacalcio_it_id=7418
5cbbb31e-2a1b-5c2e-adaf-5867dad13762,c3c7dc6f-6d3f-5cf9-81ab-a77b6c3c34c0,Duncan,DUNCAN,fantacalcio-it-statistiche,470,Duncan,VENEZIA,exact,1.0,fantacalcio_it_id=526
78deb362-23b9-508a-9079-4dfea136bd14,cb576d9d-0545-5141-bb0b-ebadf287a41f,Forson O.,FORSONO,fantacalcio-it-statistiche,471,Forson O.,MONZA,exact,1.0,fantacalcio_it_id=6592
6d7a6a12-7dcf-5998-9b13-e833b688a2dc,2ba96b19-8089-5707-aeb8-49ae35fe3fba,Foe Ondoa,FOEONDOA,fantacalcio-it-statistiche,472,Foe Ondoa,MONZA,exact,1.0,fantacalcio_it_id=7574
cf278bf5-4742-5037-96d2-5bba609b13f4,10535b65-f1bc-5d06-b6c4-c85d4fa36b56,Jovanovic,JOVANOVIC,fantacalcio-it-statistiche,473,Jovanovic,UDINESE,exact,1.0,fantacalcio_it_id=7092
4da460fe-7e49-5d0e-8a25-4b78e1cbb1e0,56c57e88-3b00-5e00-b693-5a2c5fea47cc,Liteta,LITETA,fantacalcio-it-statistiche,474,Liteta,CAGLIARI,exact,1.0,fantacalcio_it_id=7165
b70a4681-7156-58c7-9b05-56dc48cd397f,1970e9a4-dc07-598b-b420-f173c196ac6b,Lahdo,LAHDO,fantacalcio-it-statistiche,475,Lahdo,COMO,exact,1.0,fantacalcio_it_id=7357
3da68d6c-4641-51b4-bb87-eb4927162b51,ca8a5638-7e8e-543b-9afe-93d7293330ec,El Azzouzi A.,ELAZZOUZIA,fantacalcio-it-statistiche,476,El Azzouzi A.,FROSINONE,exact,1.0,fantacalcio_it_id=7456
61e15dc1-05c2-5270-895c-d1ff8d7b23ce,860c2824-2b89-51a9-810b-aa73b6c7bbf9,Kone B.,KONEB,fantacalcio-it-statistiche,477,Kone B.,FROSINONE,exact,1.0,fantacalcio_it_id=5725
d2944135-b664-5a99-b207-63759f2403a7,7e65a324-f83a-5133-bb2c-9c26900ce2ed,Przyborek,PRZYBOREK,fantacalcio-it-statistiche,478,Przyborek,LAZIO,exact,1.0,fantacalcio_it_id=7345
add9769d-f086-560c-8e27-22d9f07ebeb3,e72fc633-5ab6-50ab-acf3-e46af57bbe9b,Kaba,KABA,fantacalcio-it-statistiche,479,Kaba,LECCE,exact,1.0,fantacalcio_it_id=6410
31d7176a-36cf-58d3-b0a8-f3bf556e36f1,83916522-1480-56c2-a71e-a003b5056465,Fofana Sa.,FOFANASA,fantacalcio-it-statistiche,480,Fofana Sa.,LECCE,exact,1.0,fantacalcio_it_id=7319
7c077343-6fb7-5518-9bc2-694cc258f34a,b3f87ee8-0fcf-530e-8deb-ddc6dedeffb3,Iannoni,IANNONI,fantacalcio-it-statistiche,481,Iannoni,SASSUOLO,exact,1.0,fantacalcio_it_id=7157
1fc03d15-5b24-56d0-9a70-528c9d8845b4,c527651f-1f42-5fa6-8d79-cd9310b5dc92,Ilic,ILIC,fantacalcio-it-statistiche,482,Ilic,LECCE,exact,1.0,fantacalcio_it_id=5007
0590562a-62bf-5136-a7b5-58b425e390f1,54cbfea6-7656-5016-81f6-feb46661cb91,Anjorin,ANJORIN,fantacalcio-it-statistiche,483,Anjorin,TORINO,exact,1.0,fantacalcio_it_id=6889
8c852ab4-8308-56f3-83d3-632a99876159,07f3cf62-d992-58f5-b991-bd6d1f661929,Camara A.,CAMARAA,fantacalcio-it-statistiche,484,Camara A.,UDINESE,exact,1.0,fantacalcio_it_id=7392
9a3c09b8-c54c-556a-a818-cb6b7bc0cf7e,a629a3c3-bee9-5b09-929f-779b7ba66a6c,Bjarkason,BJARKASON,fantacalcio-it-statistiche,485,Bjarkason,VENEZIA,exact,1.0,fantacalcio_it_id=5485
cd2c98c7-c7a9-528f-b4ae-7cd657e9a414,8ec24093-ed1d-593e-856f-7fe09c533d16,Dagasso,DAGASSO,fantacalcio-it-statistiche,486,Dagasso,VENEZIA,exact,1.0,fantacalcio_it_id=7481
be3d4653-ae20-50ba-a7bb-69a2efd81228,ef0f8c7f-84b7-59f6-9b95-b9032b4d3359,Laerke,LAERKE,fantacalcio-it-statistiche,487,Laerke,LECCE,exact,1.0,fantacalcio_it_id=7571
802e85d6-2e98-53da-867c-5d62229a5892,e595a29e-2a83-5088-b62f-cf51b50fbbbc,Comotto,COMOTTO,fantacalcio-it-statistiche,488,Comotto,MILAN,exact,1.0,fantacalcio_it_id=7572
4fe2f3b6-3218-52d0-8db0-9e39f8c6c06b,213f66fc-4d86-5c9b-ac1b-ab89bf2edf67,Mout,MOUT,fantacalcio-it-statistiche,489,Mout,MONZA,exact,1.0,fantacalcio_it_id=7575
f420111a-e656-519c-9aff-60b5ed32c4d9,931a8b55-f1a8-53f1-9d22-24385451ae2b,Ciervo,CIERVO,fantacalcio-it-statistiche,490,Ciervo,CAGLIARI,exact,1.0,fantacalcio_it_id=5462
9b24c58e-51b9-580b-937a-54a73373c2dd,f19b8af5-15f4-57cd-8555-b44f52925ff6,Sierro,SIERRO,fantacalcio-it-statistiche,491,Sierro,PARMA,exact,1.0,fantacalcio_it_id=7628
fdc7fd54-47c4-5291-b7b5-e88c35713400,f466e9cf-6c05-5fc1-9791-3fe353f314e6,Malen,MALEN,fantacalcio-it-statistiche,492,Malen,ROMA,exact,1.0,fantacalcio_it_id=5585
30a88706-b981-5fe6-a88a-48937ee2cee8,f454a09a-827f-5e6b-9a00-a78ba92a5d2d,Martinez L.,MARTINEZL,fantacalcio-it-statistiche,493,Martinez L.,INTER,exact,1.0,fantacalcio_it_id=2764
7005d024-6197-55b5-a889-b97315ea3ba8,b35d3c40-1c2c-5521-b093-31463bbe7020,Thuram,THURAM,fantacalcio-it-statistiche,494,Thuram,INTER,exact,1.0,fantacalcio_it_id=4871
47613290-4018-5046-a396-b2ca76596183,22a68c44-7c6f-527a-bd6c-3be0b7cb7b61,Hojlund,HOJLUND,fantacalcio-it-statistiche,495,Hojlund,NAPOLI,exact,1.0,fantacalcio_it_id=6052
8283dcda-2fdb-5c79-950c-fc95b0fe7185,81a19374-3148-5175-9c29-086672da9908,Ramos G.,RAMOSG,fantacalcio-it-statistiche,496,Ramos G.,MILAN,exact,1.0,fantacalcio_it_id=6397
f3e43558-1f5a-5012-a851-ac3eebbf2b6e,c9dc905f-0616-5a17-adde-fca48fc6788e,Kolo Muani,KOLOMUANI,fantacalcio-it-statistiche,497,Kolo Muani,JUVENTUS,exact,1.0,fantacalcio_it_id=5951
d638cde4-6497-5f1c-86a6-d3e1a889b68a,299f04c4-38ee-5e64-a1c6-e3f858e13a9a,Kean,KEAN,fantacalcio-it-statistiche,498,Kean,COMO,exact,1.0,fantacalcio_it_id=2097
885f7057-594c-5826-810f-3c13b3690145,d2053735-6842-516a-ba36-1fe8ac58b1eb,Woltemade,WOLTEMADE,fantacalcio-it-statistiche,499,Woltemade,JUVENTUS,exact,1.0,fantacalcio_it_id=6752
9da04fea-0ad6-57ae-b860-3d1efea78524,d26cfe03-037b-521b-bbcd-cd0df8ed4794,Douvikas,DOUVIKAS,fantacalcio-it-statistiche,500,Douvikas,COMO,exact,1.0,fantacalcio_it_id=7017
a1290eb4-02d2-53b3-9dc9-46a3b0323053,89c46f44-8328-56ca-b724-66235f993858,Yildiz,YILDIZ,fantacalcio-it-statistiche,501,Yildiz,JUVENTUS,exact,1.0,fantacalcio_it_id=6434
7abd0f38-3bef-57b7-a008-c70272c78a2d,e8723912-ff5e-5151-a54a-506232a6347c,Scamacca,SCAMACCA,fantacalcio-it-statistiche,502,Scamacca,ATALANTA,exact,1.0,fantacalcio_it_id=2137
d09bb6c5-eda3-5b7e-a7ed-d6a92f097192,2edb2c83-1d34-5c46-9f6b-2098ffdcdc70,Berardi,BERARDI,fantacalcio-it-statistiche,503,Berardi,SASSUOLO,exact,1.0,fantacalcio_it_id=531
d8846acd-1dd5-5f3d-a12a-1762f11fe8dd,d37107da-4273-502c-9ae2-9e916d988dc9,Davis K.,DAVISK,fantacalcio-it-statistiche,504,Davis K.,UDINESE,exact,1.0,fantacalcio_it_id=5637
3cdc4b66-4adf-525d-a37d-5de2cfb99231,836ba970-bfd8-5008-90eb-bed2cc2c3652,Krstovic,KRSTOVIC,fantacalcio-it-statistiche,505,Krstovic,ATALANTA,exact,1.0,fantacalcio_it_id=6435
2f9b1f48-e9d1-55f1-bea8-027afdf1fd9e,23868676-9368-53d8-a5f2-76780e5aaa67,Leao,LEAO,fantacalcio-it-statistiche,506,Leao,MILAN,exact,1.0,fantacalcio_it_id=4510
cd3caed8-12c3-5de8-9352-26ee38bd48b1,2fa1c2fe-4b91-53a7-92dd-26ae1338a887,De Ketelaere,DEKETELAERE,fantacalcio-it-statistiche,507,De Ketelaere,ATALANTA,exact,1.0,fantacalcio_it_id=5995
eaa009a9-9a56-51ea-b53f-6ecbd5411212,01040a65-ae6c-59f4-a322-dbd4fd41c522,Esposito F.P.,ESPOSITOFP,fantacalcio-it-statistiche,508,Esposito F.P.,INTER,exact,1.0,fantacalcio_it_id=7071
fd1f843e-d30d-5e39-b295-522a07ee03e6,39fa1860-e14a-5061-87ae-3ce6ce54d0d9,Dybala,DYBALA,fantacalcio-it-statistiche,509,Dybala,ROMA,exact,1.0,fantacalcio_it_id=309
b7bf64e3-d8d4-5560-a3b0-b1d5140fea1f,48bae933-7437-5e06-b658-9a2a6886ea7c,Dovbyk,DOVBYK,fantacalcio-it-statistiche,510,Dovbyk,BOLOGNA,exact,1.0,fantacalcio_it_id=6675
7d6a3dba-bfef-59b8-8f40-6586ba6c213c,77d890b6-14b8-52af-bfae-47f76182d5f6,Laurientè,LAURIENTE,fantacalcio-it-statistiche,511,Laurientè,SASSUOLO,exact,1.0,fantacalcio_it_id=6060
847232fb-09f0-5977-a3e6-e7596ed129d6,1e8801f9-fee9-5567-bda0-f11580e8f01d,Raspadori,RASPADORI,fantacalcio-it-statistiche,512,Raspadori,ATALANTA,exact,1.0,fantacalcio_it_id=4371
71f43344-0610-5e22-95a3-16dc4c7d30df,5887864b-eaed-5647-84b4-3ad17bcb7bc0,Santos A.,SANTOSA,fantacalcio-it-statistiche,513,Santos A.,NAPOLI,exact,1.0,fantacalcio_it_id=7351
4f37629c-a060-52df-9385-3355f1458f1e,9b3f6734-5348-58c7-bbf1-3307cc074142,Pellegrino M.,PELLEGRINOM,fantacalcio-it-statistiche,514,Pellegrino M.,FIORENTINA,exact,1.0,fantacalcio_it_id=7023
63571e3e-8364-57c5-aa3c-857f18b6a0c5,c0a2f1df-991b-5dc2-97af-15c7dcceced0,Castro S.,CASTROS,fantacalcio-it-statistiche,515,Castro S.,ROMA,exact,1.0,fantacalcio_it_id=6572
85b3ba65-20bd-535b-bf8d-61cb159e682d,b1de4b88-9c06-5d65-9f43-36cf9f64796a,Simeone,SIMEONE,fantacalcio-it-statistiche,516,Simeone,TORINO,exact,1.0,fantacalcio_it_id=2061
6b7c872d-5f65-578a-bcf8-114ef5713673,1409bf4c-1729-58da-a276-500de0f74e68,Beto,BETO,fantacalcio-it-statistiche,517,Beto,FIORENTINA,exact,1.0,fantacalcio_it_id=5694
9ad0017f-f169-5377-940c-5fa96bb693b7,3d9ff417-292c-537a-b066-889c98345b52,Nkunku,NKUNKU,fantacalcio-it-statistiche,518,Nkunku,MILAN,exact,1.0,fantacalcio_it_id=4728
271d6ba3-70f0-5074-a0f2-09a048f9ff24,c5993b2d-67ac-5d81-be4f-c90b252ecc7f,Soulè,SOULE,fantacalcio-it-statistiche,519,Soulè,ROMA,exact,1.0,fantacalcio_it_id=5734
bde82cb5-654d-5e4b-8bb1-32602640d6a2,dd9e3dee-a9dd-535a-9194-14d55cb9940c,Esposito Se.,ESPOSITOSE,fantacalcio-it-statistiche,520,Esposito Se.,SASSUOLO,exact,1.0,fantacalcio_it_id=4463
825f31f1-69b4-5305-bfd9-0ec71e5e4f25,33558ee0-d5dd-5459-930a-a6000a32c73b,Diao,DIAO,fantacalcio-it-statistiche,521,Diao,COMO,exact,1.0,fantacalcio_it_id=6967
a50bd7db-a192-519f-b217-2a1c9e5327f3,7e061269-465c-5180-83d1-afb880cfccab,Pinamonti,PINAMONTI,fantacalcio-it-statistiche,522,Pinamonti,LAZIO,exact,1.0,fantacalcio_it_id=2038
008843c5-e9cd-5c6f-81ab-a12128b2262a,9c64eb3e-04e5-5d4c-96a0-4e40d3ba67b2,Kevin Carlos,KEVINCARLOS,fantacalcio-it-statistiche,523,Kevin Carlos,CAGLIARI,exact,1.0,fantacalcio_it_id=7547
ed877640-c1f9-51f3-9be4-6ef454fdb485,7a9afde9-80e2-5c9f-b32e-aab9f9214fc1,Colombo,COLOMBO,fantacalcio-it-statistiche,524,Colombo,GENOA,exact,1.0,fantacalcio_it_id=4923
0d59fb55-9561-54e7-8e4f-d1bbe8063b69,00ed29a2-be58-5f34-b6ca-4ea5663473d1,Adams A.,ADAMSA,fantacalcio-it-statistiche,525,Adams A.,VENEZIA,exact,1.0,fantacalcio_it_id=7484
613458e3-9c0b-5124-8817-dd2ee2efc401,b9f77188-dc57-5d1e-be94-b1e2b3dd80d2,Dia,DIA,fantacalcio-it-statistiche,526,Dia,LAZIO,exact,1.0,fantacalcio_it_id=5672
04f926bb-4d7c-57a9-b547-d63819b3111d,00053192-f134-5a6f-b01d-908d6371ffc4,Lukaku,LUKAKU,fantacalcio-it-statistiche,527,Lukaku,NAPOLI,exact,1.0,fantacalcio_it_id=2531
36b7e48c-542c-5cfe-bf03-79b2b8b7a32a,4d1ddfbc-131f-5fb8-8219-36fa97eb7f5d,Adams C.,ADAMSC,fantacalcio-it-statistiche,528,Adams C.,TORINO,exact,1.0,fantacalcio_it_id=6646
b7bd2e08-b8fe-53da-b478-0d66b8bbffe8,08919d7b-5d16-5343-9aca-d65d0ce9b2c1,Tourè E.,TOUREE,fantacalcio-it-statistiche,529,Tourè E.,PARMA,exact,1.0,fantacalcio_it_id=6229
87a9a494-7680-5d97-83f7-685bffcddd8e,0391cca0-e2b6-5a8a-9e15-10426bcd7f44,Romero D.,ROMEROD,fantacalcio-it-statistiche,530,Romero D.,PARMA,exact,1.0,fantacalcio_it_id=7554
3b69c2e1-a61e-52c4-a6f1-fd261fa460f8,3f6abb70-deb4-5320-995d-00ce9d1c3ef3,Raimondo,RAIMONDO,fantacalcio-it-statistiche,531,Raimondo,FROSINONE,exact,1.0,fantacalcio_it_id=5436
cad61a7c-2e47-5bd0-910e-fb774c5bb764,bd15256e-8bea-5da6-8e3c-b70e5d5c8fc2,Ratkov,RATKOV,fantacalcio-it-statistiche,532,Ratkov,LAZIO,exact,1.0,fantacalcio_it_id=7313
ccc9f57d-1b0f-5a2e-b643-abe77601c928,09650e8e-340b-52be-ad4d-7a7dd337b681,Cutrone,CUTRONE,fantacalcio-it-statistiche,533,Cutrone,MONZA,exact,1.0,fantacalcio_it_id=2155
1ef17621-5a99-568f-badc-b8468fde83c8,6132a17a-ed7a-58f4-ad31-9eaf2b0f9e7c,Bowie,BOWIE,fantacalcio-it-statistiche,534,Bowie,SASSUOLO,exact,1.0,fantacalcio_it_id=7347
063e0a81-f792-542e-9a0b-cc4f8157c404,cb308558-85ac-5cec-bcc8-5e577926e85b,Yeboah J.,YEBOAHJ,fantacalcio-it-statistiche,535,Yeboah J.,VENEZIA,exact,1.0,fantacalcio_it_id=6904
98fc5397-efd1-5a9d-8f75-a87ed66bda86,4ac09863-8fe3-51ef-bd80-c195cc305386,Bobcek,BOBCEK,fantacalcio-it-statistiche,536,Bobcek,FROSINONE,exact,1.0,fantacalcio_it_id=7612
6671d704-d97e-59b9-b61d-3a389e8a5978,0f69abb8-40c4-5f3c-a253-09320777fdd9,Dallinga,DALLINGA,fantacalcio-it-statistiche,537,Dallinga,BOLOGNA,exact,1.0,fantacalcio_it_id=6643
64bef9b2-d6c1-58e0-809d-647b38c8a4ac,05d8bed9-6b5e-5a8a-8a08-23f29e3f826b,Piccoli,PICCOLI,fantacalcio-it-statistiche,538,Piccoli,BOLOGNA,exact,1.0,fantacalcio_it_id=4359
6209eb9b-ba1b-56a9-9edb-5b145af9d29e,fbb865ab-30fa-55b3-a35a-08ef1c84df8b,Ghedjemis,GHEDJEMIS,fantacalcio-it-statistiche,539,Ghedjemis,FROSINONE,exact,1.0,fantacalcio_it_id=6530
4f2f9ff3-710e-5e84-a61f-e67f5d9f3e0f,808c7ba9-a34d-5a2a-8705-d1790caff7af,Vitinha O.,VITINHAO,fantacalcio-it-statistiche,540,Vitinha O.,GENOA,exact,1.0,fantacalcio_it_id=6164
b6bd9477-0d2a-56e2-b6b3-12ef2552f908,569ce61a-7cc1-5e7e-893d-9e5306996939,David,DAVID,fantacalcio-it-statistiche,541,David,JUVENTUS,exact,1.0,fantacalcio_it_id=5544
34f273e2-20eb-5c7f-991b-3bb8370adb4a,3619e2c5-3778-5cb8-bfc5-3594acf3f519,Geubbels,GEUBBELS,fantacalcio-it-statistiche,542,Geubbels,LECCE,exact,1.0,fantacalcio_it_id=5029
017db9c7-ab64-555e-bf64-1e7f1e0091e5,7074a0de-6120-5004-a34d-d45cc5f05a75,Osmajic,OSMAJIC,fantacalcio-it-statistiche,543,Osmajic,GENOA,exact,1.0,fantacalcio_it_id=7600
4eb4f90f-631e-53d2-939d-e60815824292,16acde62-5fb6-5481-93d8-884e7a571a8f,Bonny,BONNY,fantacalcio-it-statistiche,544,Bonny,INTER,exact,1.0,fantacalcio_it_id=6669
901663af-8951-5bcc-9642-f0cbabe4f120,1a7369fe-0fff-5f73-ac73-8d4a852ae526,Boga,BOGA,fantacalcio-it-statistiche,545,Boga,JUVENTUS,exact,1.0,fantacalcio_it_id=2832
449fa40a-1000-5b8b-a93e-a61aceb89850,7872a629-1ccf-57ca-a090-583be1e7cc33,Varela G.,VARELAG,fantacalcio-it-statistiche,546,Varela G.,MONZA,exact,1.0,fantacalcio_it_id=7523
b19719b4-256c-5d42-a0b2-93d7b1b5ae37,78ccda9e-4888-5441-b417-0091dff52d71,Rrahmani Al.,RRAHMANIAL,fantacalcio-it-statistiche,547,Rrahmani Al.,VENEZIA,exact,1.0,fantacalcio_it_id=7449
b6421a45-afda-5d18-94b3-4aa8cda99c16,b04cb7d8-a6be-55ae-8644-15435456eae4,Gnonto,GNONTO,fantacalcio-it-statistiche,548,Gnonto,FIORENTINA,exact,1.0,fantacalcio_it_id=7623
024360a1-edab-5304-a5e9-69349a34accf,000b6b8b-18fe-5e6d-b11e-4708982147f1,Sulemana K.,SULEMANAK,fantacalcio-it-statistiche,549,Sulemana K.,ATALANTA,exact,1.0,fantacalcio_it_id=5918
c80f5504-e545-567e-a6f6-26b7ec72a221,5c0d52a2-40f7-5bfe-9e90-d4ced47fbf1a,Mutandwa,MUTANDWA,fantacalcio-it-statistiche,550,Mutandwa,CAGLIARI,exact,1.0,fantacalcio_it_id=6598
af301cd3-b528-535a-b934-7d79f0945adb,0415ec53-0228-5ff7-8a2d-7f13a387e719,Kvernadze,KVERNADZE,fantacalcio-it-statistiche,551,Kvernadze,FROSINONE,exact,1.0,fantacalcio_it_id=6204
9ffea182-50a8-5bb3-9f09-7792b190d903,a16f1e6f-e094-54f3-9b4b-692596f4301b,Noslin,NOSLIN,fantacalcio-it-statistiche,552,Noslin,LAZIO,exact,1.0,fantacalcio_it_id=6556
255b0916-908b-5bf6-8c17-d7212c5aacf4,23845d31-45b1-5656-892d-34d4f50aa44c,Stulic,STULIC,fantacalcio-it-statistiche,553,Stulic,LECCE,exact,1.0,fantacalcio_it_id=7252
503017dc-a7db-598d-b19f-9c55063e603b,8c9fce84-44b9-5f34-9bb3-5da91df0135b,Gimenez,GIMENEZ,fantacalcio-it-statistiche,554,Gimenez,MILAN,exact,1.0,fantacalcio_it_id=7008
3394ed66-cc18-59f2-99e0-a3a57d57a1ec,084deed7-c910-5654-998a-bd7ccd10ca8c,Neres,NERES,fantacalcio-it-statistiche,555,Neres,NAPOLI,exact,1.0,fantacalcio_it_id=6831
ff97d8ad-19d6-5728-aa2f-6d9fdd2ca894,ccaaeeb9-80c7-5403-8dd5-d35815cc09af,Zapata D.,ZAPATAD,fantacalcio-it-statistiche,556,Zapata D.,TORINO,exact,1.0,fantacalcio_it_id=608
7fbb153c-7c80-588e-a4ac-1988a4c7ee7f,bc0e4431-8d9a-573f-bbf4-0ae7b1d27c3e,Zeballos,ZEBALLOS,fantacalcio-it-statistiche,557,Zeballos,MONZA,exact,1.0,fantacalcio_it_id=7620
7bc5fe22-543e-5f99-addd-f8bbee83551e,de99400b-1797-5965-be46-baac563cc4b1,Maldini,MALDINI,fantacalcio-it-statistiche,558,Maldini,CAGLIARI,exact,1.0,fantacalcio_it_id=4896
4bac2494-be92-50ad-8bf9-a2beb3e8c147,3727b481-6a24-51ca-a1c4-b2d0e9c9abda,Birligea,BIRLIGEA,fantacalcio-it-statistiche,559,Birligea,FROSINONE,exact,1.0,fantacalcio_it_id=7610
2362f22d-2a8a-560c-8b77-dbce84d81c42,e7040afb-d689-50a8-92ff-2ae72b629015,Ngonge,NGONGE,fantacalcio-it-statistiche,560,Ngonge,MONZA,exact,1.0,fantacalcio_it_id=6145
4744920f-8ad2-50d0-87f4-e256a56a3aed,b0bddb5b-2a05-566c-a8b1-86608f0afa85,Borrelli,BORRELLI,fantacalcio-it-statistiche,561,Borrelli,CAGLIARI,exact,1.0,fantacalcio_it_id=6243
235103c0-7d42-5cb8-a121-df4f71c78599,e6667788-015e-5da4-9fa7-c38ef986b839,Mendy P.,MENDYP,fantacalcio-it-statistiche,562,Mendy P.,CAGLIARI,exact,1.0,fantacalcio_it_id=7374
15a899ec-1a98-5cd9-bf77-caf70c47f96c,23559295-7b0e-5905-92fb-9ca3db68d2fb,Morata,MORATA,fantacalcio-it-statistiche,563,Morata,COMO,exact,1.0,fantacalcio_it_id=313
f5939196-aece-505f-a46b-a37d93be45e9,9eaa7fe4-8524-572e-8687-dd441911a31b,Havel,HAVEL,fantacalcio-it-statistiche,564,Havel,GENOA,exact,1.0,fantacalcio_it_id=7453
c5b6ef14-389e-5b7c-9e1b-56b1025adf6b,8f590144-12f5-5985-a0a9-724ac1279e7b,N'Dri,NDRI,fantacalcio-it-statistiche,565,N'Dri,LECCE,exact,1.0,fantacalcio_it_id=7001
97dbd50b-773d-5eae-8d73-633d4be14477,8fe789a7-9ec7-53c9-a268-1ee56504b50c,Camarda,CAMARDA,fantacalcio-it-statistiche,566,Camarda,MILAN,exact,1.0,fantacalcio_it_id=6519
8632726b-74f5-5c11-944e-4527bc426654,ceeae955-5996-54af-a29c-7aba82fd02dc,Mota,MOTA,fantacalcio-it-statistiche,567,Mota,MONZA,exact,1.0,fantacalcio_it_id=5882
83e71542-8674-5488-b6f4-a1be57a88ced,991c3d92-7669-5658-990f-ee35a3a48fae,Giovane,GIOVANE,fantacalcio-it-statistiche,568,Giovane,NAPOLI,exact,1.0,fantacalcio_it_id=7162
1fee793b-4915-5132-b892-7257b0a78dc6,83273265-d0f1-56e2-80a2-d06f7cccca93,Lang,LANG,fantacalcio-it-statistiche,569,Lang,NAPOLI,exact,1.0,fantacalcio_it_id=7120
a6916126-2dc9-577b-aefb-4a3ccc40c90c,f88984eb-9743-55b4-a30a-99a44ae8b03f,Lucca,LUCCA,fantacalcio-it-statistiche,570,Lucca,NAPOLI,exact,1.0,fantacalcio_it_id=6215
5e7d23d8-240e-5e3a-9bee-b0ac69dcdc13,8c083867-90ea-5a34-bec6-84d030d3c4e4,Frigan,FRIGAN,fantacalcio-it-statistiche,571,Frigan,PARMA,exact,1.0,fantacalcio_it_id=7213
9f383e60-8c40-5256-9197-db80ac098847,e079ba02-5b02-587f-a348-5a3e29c968ed,Kulenovic,KULENOVIC,fantacalcio-it-statistiche,572,Kulenovic,TORINO,exact,1.0,fantacalcio_it_id=7349
3c28a917-3ef3-5521-87ca-563e9d674012,88a2b16e-6592-5751-adef-c470d8c20207,Gueye,GUEYE,fantacalcio-it-statistiche,573,Gueye,UDINESE,exact,1.0,fantacalcio_it_id=7272
341bcea5-3c46-51e2-aeae-942cdd4a742c,85640051-d17a-58c9-bea1-074bab51196a,Adorante,ADORANTE,fantacalcio-it-statistiche,574,Adorante,VENEZIA,exact,1.0,fantacalcio_it_id=4387
147de69a-8ce1-52dd-b5da-9e3acae47f5a,4254f1b2-dc71-56e3-9a47-3fa003ecf2da,Robinson J.,ROBINSONJ,fantacalcio-it-statistiche,575,Robinson J.,MONZA,exact,1.0,fantacalcio_it_id=7546
3e296a4f-a015-5e9e-b231-805c4e7f2571,79376bd2-bd82-5161-9e75-7407af4b54a1,Milik,MILIK,fantacalcio-it-statistiche,576,Milik,JUVENTUS,exact,1.0,fantacalcio_it_id=2012
a340f01a-03d2-5398-a2c7-fb87a670f7ee,71e2e55f-d8b3-505d-8551-a2b20c327f75,Fatah,FATAH,fantacalcio-it-statistiche,577,Fatah,LECCE,exact,1.0,fantacalcio_it_id=7602
7e0be810-399b-58f1-adf7-480eb8baf0c5,56d2bff4-c53d-58f9-8cfd-6fb52a9c4b43,Nzola,NZOLA,fantacalcio-it-statistiche,578,Nzola,CAGLIARI,exact,1.0,fantacalcio_it_id=5336
1a9d33a5-0711-5b9a-862d-3461325586b9,cbf86a70-2433-5e47-96f0-02ad7881ddd1,Kuhn,KUHN,fantacalcio-it-statistiche,579,Kuhn,COMO,exact,1.0,fantacalcio_it_id=7128
3a5206a1-cc76-5a57-aa56-784b606d89b0,55a3e5df-1d76-5516-a76f-d10496475bd6,Ekhator,EKHATOR,fantacalcio-it-statistiche,580,Ekhator,JUVENTUS,exact,1.0,fantacalcio_it_id=6822
a53ef1bb-6915-5235-8a4e-9cefb123861f,335bbe12-ef2d-512f-b9c9-cb853373a98d,Elphege,ELPHEGE,fantacalcio-it-statistiche,581,Elphege,PARMA,exact,1.0,fantacalcio_it_id=7342
ae55e0f3-be0d-561b-b7ae-2cae00587487,87899dab-bc8e-52cc-9a48-5f3ecbb62cdb,Lontani,LONTANI,fantacalcio-it-statistiche,582,Lontani,PARMA,exact,1.0,fantacalcio_it_id=7561
8f60c436-3752-546a-8d6d-dda2414232d9,8eb6d26b-a859-5c47-868e-a06f6ae2bebb,Petagna,PETAGNA,fantacalcio-it-statistiche,583,Petagna,MONZA,exact,1.0,fantacalcio_it_id=383
13d0193e-009d-5153-b6d8-ea11de521abd,7b4a2266-e3cc-585e-b0d1-eb03f2e3f455,Buksa,BUKSA,fantacalcio-it-statistiche,584,Buksa,UDINESE,exact,1.0,fantacalcio_it_id=7249
3402fdb0-87cc-52ce-bf72-98d780ca2073,70052f8e-cf18-5734-87b5-6189a6f3208b,Enem,ENEM,fantacalcio-it-statistiche,585,Enem,BOLOGNA,exact,1.0,fantacalcio_it_id=7627
085d07b7-9f4e-5302-8db9-64c7c5110dce,830ebe7e-0bcd-558e-9ddb-43be0039e2df,Albarracin,ALBARRACIN,fantacalcio-it-statistiche,586,Albarracin,CAGLIARI,exact,1.0,fantacalcio_it_id=7338
3ddbe08e-9be5-5539-a24e-0de97b7a7b13,9d821e0d-31bb-5f2a-893c-eb8250d4e45a,Trepy,TREPY,fantacalcio-it-statistiche,587,Trepy,CAGLIARI,exact,1.0,fantacalcio_it_id=7317
8defd41c-f690-5229-a51c-24edbb6f712f,495c02a9-ae8a-51cc-b38a-f7588f217edb,Azon,AZON,fantacalcio-it-statistiche,588,Azon,COMO,exact,1.0,fantacalcio_it_id=7027
212fba05-48e7-559f-899e-036ba3c214c3,a8e86f88-e92a-5983-88bf-1b34dcf6f58f,Vaz,VAZ,fantacalcio-it-statistiche,589,Vaz,ROMA,exact,1.0,fantacalcio_it_id=6981
4bc9ca26-a626-57cb-af1b-ee4eebbc0bb7,9d9acd11-6039-5a5b-928f-bf76b5610ee1,Moro L.,MOROL,fantacalcio-it-statistiche,590,Moro L.,SASSUOLO,exact,1.0,fantacalcio_it_id=7158
74f52a27-d681-5f6f-a3e8-b7b672ff72d3,c3f448e0-770a-5374-85d3-1ef70d758276,Bayo V.,BAYOV,fantacalcio-it-statistiche,591,Bayo V.,UDINESE,exact,1.0,fantacalcio_it_id=7161
b5eca482-9854-53ae-a7f5-bdfec4145cf4,4a8d01b6-6fc7-5342-a39b-a0880bda3734,Lisman,LISMAN,fantacalcio-it-statistiche,592,Lisman,VENEZIA,exact,1.0,fantacalcio_it_id=7408
1ac567c6-f084-5b46-a7b0-f6ef268916db,15b9d873-c61e-5df2-b7e2-bccc7fb74c10,Lauberbach,LAUBERBACH,fantacalcio-it-statistiche,593,Lauberbach,VENEZIA,exact,1.0,fantacalcio_it_id=7482
eba76c15-3c54-5ae0-b419-01c2d89a6a9c,75e9282c-f176-55c5-b3d9-27687590609a,De Martis,DEMARTIS,fantacalcio-it-statistiche,594,De Martis,PARMA,exact,1.0,fantacalcio_it_id=7568
7e285321-63e7-52ce-901e-69632f8d103d,20e867ac-ac90-5717-9671-3c5c2e7b8d3b,Robinho Junior,ROBINHOJUNIOR,fantacalcio-it-statistiche,595,Robinho Junior,GENOA,exact,1.0,fantacalcio_it_id=7622
db0029fe-f1bb-5400-a4b1-c2ba41822201,2758540b-ef7b-5c42-a952-28c1632392eb,Svilar,SVILAR,fantacalcio-it-quotazioni,3,Svilar,ROMA,exact,1.0,fantacalcio_it_id=5841
0b8248d8-b7a0-503f-9ca9-768efb3f6c1e,cef9348a-c929-565c-a8b3-6536db51b5db,Carnesecchi,CARNESECCHI,fantacalcio-it-quotazioni,4,Carnesecchi,ATALANTA,exact,1.0,fantacalcio_it_id=4431
3b5c4091-6e20-5dda-949e-bd9ca6f292ea,349468de-6081-5163-93d5-1c672fbe4123,Martinez Jo.,MARTINEZJO,fantacalcio-it-quotazioni,5,Martinez Jo.,INTER,exact,1.0,fantacalcio_it_id=5116
f09780cd-18e6-5536-947b-f76fdfe59475,3df6a2a0-5aa9-5b04-9f3b-fc13a00c2b92,Vicario,VICARIO,fantacalcio-it-quotazioni,6,Vicario,JUVENTUS,exact,1.0,fantacalcio_it_id=4964
026bc37c-77cd-5769-9224-dd3b3c961eb5,fa064876-b843-5100-b9e0-d9e0722cfd37,Butez,BUTEZ,fantacalcio-it-quotazioni,7,Butez,COMO,exact,1.0,fantacalcio_it_id=6966
caf314ce-24f5-5ead-afcb-6b6bc6b618a1,34663dfb-da77-5721-b376-c97b75a5130f,Maignan,MAIGNAN,fantacalcio-it-quotazioni,8,Maignan,MILAN,exact,1.0,fantacalcio_it_id=4312
a5216478-5a09-5329-8272-fc52561ec90f,a06f94aa-7e28-5d67-b377-71f96d5826dc,De Gea,DEGEA,fantacalcio-it-quotazioni,9,De Gea,FIORENTINA,exact,1.0,fantacalcio_it_id=2521
e6be1cfb-7720-51bf-aae2-c768355e582d,de58134d-3354-540c-9626-e7d1b1528545,Meret,MERET,fantacalcio-it-quotazioni,10,Meret,NAPOLI,exact,1.0,fantacalcio_it_id=572
58159c54-52f1-5b42-a968-a97240947519,e9cc7077-f72f-5bfb-9b14-33ade9ce40b0,Skorupski,SKORUPSKI,fantacalcio-it-quotazioni,11,Skorupski,BOLOGNA,exact,1.0,fantacalcio_it_id=133
3a7dd137-5b91-551b-adc9-1072ea36edca,25377d8c-3bea-559e-b40f-3b8bcc5717f6,Caprile,CAPRILE,fantacalcio-it-quotazioni,12,Caprile,CAGLIARI,exact,1.0,fantacalcio_it_id=4360
dfee5e26-ce2d-5452-a7db-20435700870f,59f7d8c6-34fd-566f-82f3-2a0c9683ff09,Mandas,MANDAS,fantacalcio-it-quotazioni,13,Mandas,LAZIO,exact,1.0,fantacalcio_it_id=6482
85bb14c0-ef0a-534b-a2ba-11e0494f8140,ffe27926-7b3b-5d1e-9541-fdd84124d43a,Okoye,OKOYE,fantacalcio-it-quotazioni,14,Okoye,UDINESE,exact,1.0,fantacalcio_it_id=6462
7d72b23c-298f-5123-978b-30b6f6cbd701,00d4da42-50f9-5ab6-809b-445718eeecb8,Perri,PERRI,fantacalcio-it-quotazioni,15,Perri,TORINO,exact,1.0,fantacalcio_it_id=6534
59e77184-e960-5e1f-95b8-5070a6d992bf,c29fe639-29f2-5d03-b549-ae5900487d32,Bijlow,BIJLOW,fantacalcio-it-quotazioni,16,Bijlow,GENOA,exact,1.0,fantacalcio_it_id=7332
cbb158ae-84a5-555b-9042-88ce55dd06bb,4c445b48-5aaa-5955-aba8-337d7902dafc,Falcone,FALCONE,fantacalcio-it-quotazioni,17,Falcone,LECCE,exact,1.0,fantacalcio_it_id=2134
21c9e436-7d20-566d-834a-cd4f58153a53,5ab298bb-cb5d-50bc-846a-b3c547953098,Sanchez Ro.,SANCHEZRO,fantacalcio-it-quotazioni,18,Sanchez Ro.,COMO,exact,1.0,fantacalcio_it_id=6344
ae71c7bc-d1be-57f6-9a89-45ace660b79b,557967e9-6a1f-5b41-be7a-8940a9dbdc0b,Muric,MURIC,fantacalcio-it-quotazioni,19,Muric,SASSUOLO,exact,1.0,fantacalcio_it_id=4236
d1eb83a7-57de-5386-9099-312ee80c2571,cdb063b3-3fba-5c23-a582-d85f32d95075,Daffara,DAFFARA,fantacalcio-it-quotazioni,20,Daffara,PARMA,exact,1.0,fantacalcio_it_id=7411
2dde792c-507f-57c0-94e7-5a3794d36826,ebf85e98-c991-54bc-8cce-fad841032a78,Stankovic F.,STANKOVICF,fantacalcio-it-quotazioni,21,Stankovic F.,VENEZIA,exact,1.0,fantacalcio_it_id=6248
17a2f9b6-2610-5293-a270-0c56c63dc02b,1794c897-a3a1-5737-bf34-88e3d630de93,Palmisani,PALMISANI,fantacalcio-it-quotazioni,22,Palmisani,FROSINONE,exact,1.0,fantacalcio_it_id=6415
329be2ee-0d22-5381-8c5b-668713f98d58,3ab29e9c-04ea-5a15-a0e5-ab477fd0fc42,Milinkovic-Savic V.,MILINKOVICSAVICV,fantacalcio-it-quotazioni,23,Milinkovic-Savic V.,NAPOLI,exact,1.0,fantacalcio_it_id=2170
081a6600-dd55-5709-a044-aafe4d05e3e5,66a1e2e6-1d49-5618-8911-92ed40d52b44,Thiam,THIAM,fantacalcio-it-quotazioni,24,Thiam,MONZA,exact,1.0,fantacalcio_it_id=4485
c91120ef-b8b2-5d32-8d55-4520e264d67e,62cf0514-454c-5058-ad28-603f54962e3a,Desplanches,DESPLANCHES,fantacalcio-it-quotazioni,25,Desplanches,FROSINONE,exact,1.0,fantacalcio_it_id=7463
29ba22ee-d9c0-550f-8bb6-f4f74e83e0f9,abaf4465-be29-506e-9534-5b3a83fdbd08,Provedel,PROVEDEL,fantacalcio-it-quotazioni,26,Provedel,INTER,exact,1.0,fantacalcio_it_id=2814
d586957b-e78b-5397-847f-5c5147f95def,86f1d747-000a-5d23-915d-a21399060f0d,Corvi,CORVI,fantacalcio-it-quotazioni,27,Corvi,PARMA,exact,1.0,fantacalcio_it_id=6662
58f34991-4ef9-5903-b797-2370406b5cb2,b8e95ab0-4c2a-58e9-a19e-ccc2e07307ba,Sportiello,SPORTIELLO,fantacalcio-it-quotazioni,28,Sportiello,ATALANTA,exact,1.0,fantacalcio_it_id=4
b185d3ad-958c-5bd5-8842-8de82709248a,e5970de1-d896-52bf-b2a9-debcb06a7806,Happonen,HAPPONEN,fantacalcio-it-quotazioni,29,Happonen,BOLOGNA,exact,1.0,fantacalcio_it_id=7533
2e838b59-e0d9-5b8d-8ea5-d7c17f80c3d6,e294a356-2afe-5170-b1f2-9a62e9347a50,Pessina Mas.,PESSINAMAS,fantacalcio-it-quotazioni,30,Pessina Mas.,BOLOGNA,exact,1.0,fantacalcio_it_id=7172
0519f06c-cd61-517f-bbfc-a3bc71acbab0,12205eed-7d8d-561b-a25e-79dc8b88bfee,Sherri,SHERRI,fantacalcio-it-quotazioni,31,Sherri,CAGLIARI,exact,1.0,fantacalcio_it_id=6650
f86e6634-36bb-5cf1-bcd9-713daa46cb88,37b11dee-c603-5945-9e9a-641180f55a4d,Tornqvist,TORNQVIST,fantacalcio-it-quotazioni,32,Tornqvist,MONZA,exact,1.0,fantacalcio_it_id=7301
c19aa864-a8e6-5f59-bd6f-bd07482a2521,13aec648-b4b3-5d86-9a52-3a86de19725d,Vigorito,VIGORITO,fantacalcio-it-quotazioni,33,Vigorito,COMO,exact,1.0,fantacalcio_it_id=2809
b08875b0-c664-5ea1-9e7f-14d86eb3e00c,c38d2d07-d9dc-58d4-85a5-5451e9de1a14,Christensen O.,CHRISTENSENO,fantacalcio-it-quotazioni,34,Christensen O.,FIORENTINA,exact,1.0,fantacalcio_it_id=6403
3a38952b-71ee-526d-825f-b130fce66405,6066e141-f039-55e3-8448-3a3355b2edf5,Lezzerini,LEZZERINI,fantacalcio-it-quotazioni,35,Lezzerini,FIORENTINA,exact,1.0,fantacalcio_it_id=158
fb7e86fa-c4cc-5be9-b743-72530ceb8abb,d093cf47-74e9-5777-85ea-5a1e44222249,Lolic,LOLIC,fantacalcio-it-quotazioni,36,Lolic,FROSINONE,exact,1.0,fantacalcio_it_id=7466
7f65260d-26eb-5375-88fc-69b3e7928018,ecbfa523-c483-5b65-9243-5ac174c0ddbd,Sommariva,SOMMARIVA,fantacalcio-it-quotazioni,37,Sommariva,GENOA,exact,1.0,fantacalcio_it_id=219
c77b8c2a-6d02-5bbb-b5eb-300d1a83ea5e,79b7bd3c-63d2-5843-9460-c9b57add0c0a,Stolz,STOLZ,fantacalcio-it-quotazioni,38,Stolz,GENOA,exact,1.0,fantacalcio_it_id=6569
2e990bb6-1150-5782-bc10-8c5070a6ef2f,dbbf37b6-6f67-549b-a0ed-58722024f3b0,Di Gennaro,DIGENNARO,fantacalcio-it-quotazioni,39,Di Gennaro,INTER,exact,1.0,fantacalcio_it_id=1926
a1da66c3-aacb-51e7-91d0-a0b386786588,c0f26b52-a129-56b7-a759-ad0b9847e64b,Pinsoglio,PINSOGLIO,fantacalcio-it-quotazioni,40,Pinsoglio,JUVENTUS,exact,1.0,fantacalcio_it_id=1930
1af15d28-b9f9-52f4-a501-a264ea893c48,d493bb3c-b840-5068-8dfd-b4e1e5b93d4e,Motta,MOTTA,fantacalcio-it-quotazioni,41,Motta,LAZIO,exact,1.0,fantacalcio_it_id=7337
fa0c6426-bff9-5fd5-9d1f-42afcabdb1d5,ae5187e4-6dc4-5436-9720-4b694a4eccee,Renzetti,RENZETTI,fantacalcio-it-quotazioni,42,Renzetti,LAZIO,exact,1.0,fantacalcio_it_id=7534
d189b4b1-cf94-5fea-b670-3c968551e059,e920b0b7-432a-5142-8a70-348e95e7c1e4,Terracciano,TERRACCIANO,fantacalcio-it-quotazioni,43,Terracciano,MILAN,exact,1.0,fantacalcio_it_id=2815
7acf34ff-57ce-57e4-80d7-01f720e01c3d,f92ecd59-842f-5742-93bc-68d3d9ae2eee,Torriani,TORRIANI,fantacalcio-it-quotazioni,44,Torriani,MILAN,exact,1.0,fantacalcio_it_id=6813
7a49aee6-8e9f-568b-8378-5911d645cbc7,45ccc1ee-e01f-5ce5-ae5d-4228dc49d301,Strajnar,STRAJNAR,fantacalcio-it-quotazioni,45,Strajnar,MONZA,exact,1.0,fantacalcio_it_id=7475
3975f6a1-a079-545c-8983-1be23d417985,f774f020-ee14-592b-a9ac-66c60c1ce571,Contini,CONTINI,fantacalcio-it-quotazioni,46,Contini,NAPOLI,exact,1.0,fantacalcio_it_id=2845
54630dae-6689-5b0e-937e-4ffa9f51cc21,790ef4af-ec58-5868-840f-fd0523f41e4c,De Marzi,DEMARZI,fantacalcio-it-quotazioni,47,De Marzi,ROMA,exact,1.0,fantacalcio_it_id=7048
54386f3c-6a64-5d96-a514-19eabfa07a9b,6af4d924-3b4d-5ef3-8af8-50c2f04cedd4,Gollini,GOLLINI,fantacalcio-it-quotazioni,48,Gollini,ROMA,exact,1.0,fantacalcio_it_id=610
8f3d211a-b90a-5388-afe2-53fedf7ce75c,c3676304-d340-514f-bdfe-e14e1e3e36a1,Russo A.,RUSSOA,fantacalcio-it-quotazioni,49,Russo A.,SASSUOLO,exact,1.0,fantacalcio_it_id=4518
30ffcec6-ea1a-5966-aab7-f1cc8f7b6b67,4073011b-d5ed-5db7-9647-08437c4793ae,Turati,TURATI,fantacalcio-it-quotazioni,50,Turati,SASSUOLO,exact,1.0,fantacalcio_it_id=4867
dffb9faa-9ae4-5de2-bd20-4252e4fd4d96,b294df48-290d-5210-bfe1-88a0ac5944f8,Mascardi,MASCARDI,fantacalcio-it-quotazioni,51,Mascardi,TORINO,exact,1.0,fantacalcio_it_id=7457
b52a55a2-3ecd-5b6b-aff9-1597a60d2928,52b94b9a-e67b-58d4-bd44-ecbb3dd5e4d4,Siviero,SIVIERO,fantacalcio-it-quotazioni,52,Siviero,TORINO,exact,1.0,fantacalcio_it_id=7363
a01f81e7-0ea0-598f-a800-08dafe98ae6c,49148dbf-923c-5a09-b8a1-f9bf7693cf98,Padelli,PADELLI,fantacalcio-it-quotazioni,53,Padelli,UDINESE,exact,1.0,fantacalcio_it_id=543
17c4ef98-e6ad-5aad-964d-d6d1d8574c79,8b59a503-9d67-57e1-aa55-050ce76ccfb4,Piana,PIANA,fantacalcio-it-quotazioni,54,Piana,UDINESE,exact,1.0,fantacalcio_it_id=5707
bfa1f0e2-4d75-57ab-9976-ba7f826929a9,de882b9b-7905-5229-bf3d-d73d6319195d,Grandi,GRANDI,fantacalcio-it-quotazioni,55,Grandi,VENEZIA,exact,1.0,fantacalcio_it_id=6671
37b3d157-dc0f-5dbb-9812-a0a435a8939a,c10a188b-4ff6-52a9-a5e2-3453b5d15cf5,Pozzi,POZZI,fantacalcio-it-quotazioni,56,Pozzi,VENEZIA,exact,1.0,fantacalcio_it_id=7531
322dd14a-770f-51d6-b22c-167701c5d27b,6ac50603-e3ea-5970-b7ca-0b07ec8f5369,Satalino,SATALINO,fantacalcio-it-quotazioni,57,Satalino,SASSUOLO,exact,1.0,fantacalcio_it_id=2127
74299570-5278-5d71-83c3-2d2b2d2fb29b,998a2a33-7724-568e-806f-cbe983040198,Penev,PENEV,fantacalcio-it-quotazioni,58,Penev,LECCE,exact,1.0,fantacalcio_it_id=7557
4c67d47e-1d6e-5074-95da-40b3b3440d1a,42342a5c-2df2-5a2c-9416-1522c223832f,Pisseri,PISSERI,fantacalcio-it-quotazioni,59,Pisseri,FROSINONE,exact,1.0,fantacalcio_it_id=7560
7002438e-bc45-5c36-aefc-da70a3cacd1b,73b94810-56e7-5c7d-9d6f-cef9329fe18a,Radunovic,RADUNOVIC,fantacalcio-it-quotazioni,60,Radunovic,CAGLIARI,exact,1.0,fantacalcio_it_id=3
e020ae93-a7cb-5d43-95d8-36c9e23e727a,2dcd3197-2855-5dbf-8dc8-98bcf0b52e1d,Montipò,MONTIPO,fantacalcio-it-quotazioni,61,Montipò,VENEZIA,exact,1.0,fantacalcio_it_id=4957
6f88545d-834f-567c-905c-e2ee4ed95e74,bb956845-662e-59f6-81d7-daef8a47a291,Bleve,BLEVE,fantacalcio-it-quotazioni,62,Bleve,LECCE,exact,1.0,fantacalcio_it_id=4468
2498df31-f7ac-5ad6-9954-9b58a62addfc,f1767556-06c7-5180-996e-84511719ff14,Grabara,GRABARA,fantacalcio-it-quotazioni,63,Grabara,JUVENTUS,exact,1.0,fantacalcio_it_id=7603
de6261fe-4656-594e-b1d6-dc61b7f853a7,44257434-bf35-57dc-ad00-e6f1a9fc5ed0,Mrozek,MROZEK,fantacalcio-it-quotazioni,64,Mrozek,UDINESE,exact,1.0,fantacalcio_it_id=7611
a1f44074-844f-51ac-8471-ab739f0c28a3,287bdb96-800a-5743-948a-317232d4336b,Ghidotti,GHIDOTTI,fantacalcio-it-quotazioni,65,Ghidotti,PARMA,exact,1.0,fantacalcio_it_id=2874
0700dc9b-1d77-53c0-9edb-87e3c0ce4df0,6a3eccea-9bf8-5203-b9f4-f1d6432525d0,Pompei,POMPEI,fantacalcio-it-quotazioni,66,Pompei,ATALANTA,exact,1.0,fantacalcio_it_id=7626
7fccf6b7-085e-59d0-aab4-58ddc0b05b1b,63eefcc1-5bce-5668-8c67-9d5e0415a92f,Dimarco,DIMARCO,fantacalcio-it-quotazioni,67,Dimarco,INTER,exact,1.0,fantacalcio_it_id=254
903a1713-f0bf-5c52-8efb-13c953352a47,5450d751-aad1-5ed9-a745-53e57db1d406,Wesley,WESLEY,fantacalcio-it-quotazioni,68,Wesley,ROMA,exact,1.0,fantacalcio_it_id=7181
f230dce5-2a0d-58c8-aceb-464c73b0a6be,da321cb8-128f-59af-a346-7bf7a49f06f4,Molina N.,MOLINAN,fantacalcio-it-quotazioni,69,Molina N.,ROMA,exact,1.0,fantacalcio_it_id=4998
417f2d64-120d-570a-90be-dad9dcd964e0,fbfdc422-2eac-521d-b5af-4ed3e67cfa4f,Bremer,BREMER,fantacalcio-it-quotazioni,70,Bremer,JUVENTUS,exact,1.0,fantacalcio_it_id=2788
4cc6d2d0-7672-522d-818d-d1d6ffba4013,c041c50e-257e-51c2-94a9-d80e3b328d51,Mancini,MANCINI,fantacalcio-it-quotazioni,71,Mancini,ROMA,exact,1.0,fantacalcio_it_id=2296
0eee5b20-eee5-5e71-84ed-13642652a4b2,562255e5-f3ef-5d98-bb67-5ab3b6ebf206,Akanji,AKANJI,fantacalcio-it-quotazioni,72,Akanji,INTER,exact,1.0,fantacalcio_it_id=4159
1f8dcf25-df7b-5568-88b9-eb22dd72b7b4,32ec7a2d-e015-58e3-9197-fe326ee86e1d,Rrahmani,RRAHMANI,fantacalcio-it-quotazioni,73,Rrahmani,NAPOLI,exact,1.0,fantacalcio_it_id=4409
456c3ca0-d476-57e9-a441-a9f2135e0d8f,83ffec59-362d-5d04-bd58-083057b04b5b,Bastoni,BASTONI,fantacalcio-it-quotazioni,74,Bastoni,INTER,exact,1.0,fantacalcio_it_id=2120
3d104606-2bbf-5776-93e3-1180f2608049,b4a1875b-f92d-5f64-a2c4-b05489098397,Kalulu,KALULU,fantacalcio-it-quotazioni,75,Kalulu,JUVENTUS,exact,1.0,fantacalcio_it_id=4976
f4291f5d-e63d-592c-a424-c4f1e60c028a,8a3932c4-b573-5b0f-871b-dc6a405773eb,Pavlovic,PAVLOVIC,fantacalcio-it-quotazioni,76,Pavlovic,MILAN,exact,1.0,fantacalcio_it_id=5022
24e725d2-aa76-5fcf-92a2-34b8fe0815a3,60d40d18-7cdc-5b46-a78d-60d5df945340,Gila,GILA,fantacalcio-it-quotazioni,77,Gila,MILAN,exact,1.0,fantacalcio_it_id=5833
677a4573-0ef7-54d3-96e7-bfbc1d32a4c7,61b8eb0e-c1ed-5dea-9049-ccaf4ff28349,N'Dicka,NDICKA,fantacalcio-it-quotazioni,78,N'Dicka,ROMA,exact,1.0,fantacalcio_it_id=4317
eb3ba870-f66d-539d-9ad6-2e9e6f78a642,bcabb331-b9d3-515b-9f94-59db2b937121,Solet,SOLET,fantacalcio-it-quotazioni,79,Solet,UDINESE,exact,1.0,fantacalcio_it_id=6956
8f8685b6-595b-56a2-8f1a-7e29e10858b7,aa026973-3c06-53c4-a075-95e5894d45f9,Bisseck,BISSECK,fantacalcio-it-quotazioni,80,Bisseck,INTER,exact,1.0,fantacalcio_it_id=6217
6f91fe9d-958b-5137-ae7a-7d72f80454ff,0266cacb-45ae-5ddc-8c08-5f482a428c59,Stones,STONES,fantacalcio-it-quotazioni,81,Stones,INTER,exact,1.0,fantacalcio_it_id=2514
d8d61326-3c60-51d3-b380-e2ba938ba506,b43a0981-04ef-5e07-bc19-dfc1472d6970,Di Lorenzo,DILORENZO,fantacalcio-it-quotazioni,82,Di Lorenzo,NAPOLI,exact,1.0,fantacalcio_it_id=2816
075d9024-6be8-5771-bf3e-b9339d326b26,514c10bd-48d4-5a1f-aac9-43fbe2688b2d,Ostigard,OSTIGARD,fantacalcio-it-quotazioni,83,Ostigard,GENOA,exact,1.0,fantacalcio_it_id=5750
e31196eb-f138-5d6d-8d89-5320a326fb4c,3cb6031d-79f1-5d3f-97a4-272684230b7c,Hermoso,HERMOSO,fantacalcio-it-quotazioni,84,Hermoso,ROMA,exact,1.0,fantacalcio_it_id=4807
540da07c-d6e2-5e01-aa61-22d787e843fb,a7f943bc-6b35-5270-9baf-b47e3c274527,Spence,SPENCE,fantacalcio-it-quotazioni,85,Spence,INTER,exact,1.0,fantacalcio_it_id=5982
83da9618-65f4-5524-b675-d6f6ca0989f8,597d3742-f800-5df2-abd3-d99928feba21,Scalvini,SCALVINI,fantacalcio-it-quotazioni,86,Scalvini,ATALANTA,exact,1.0,fantacalcio_it_id=5526
1e8b4182-4d27-57ee-845c-d79af260ccf8,865c4f60-78c0-5161-a753-ab6143b41c1b,Ramon,RAMON,fantacalcio-it-quotazioni,87,Ramon,COMO,exact,1.0,fantacalcio_it_id=6869
d66e02e7-9ffe-5846-aee0-c874204c46a2,e4479da0-be41-56e6-acd4-bc6e4148105d,Chalobah T.,CHALOBAHT,fantacalcio-it-quotazioni,88,Chalobah T.,COMO,exact,1.0,fantacalcio_it_id=5641
8dfcbcc4-2729-52cc-bec7-826ac026d068,9cf6a8c9-4378-566c-a592-e087d4a01ef8,Dodò,DODO,fantacalcio-it-quotazioni,89,Dodò,FIORENTINA,exact,1.0,fantacalcio_it_id=5885
2a52034e-e819-5c03-8aaa-42cdd24bcd66,0c1af21d-51be-5dbd-9b50-2d1f2dc94704,Vasquez,VASQUEZ,fantacalcio-it-quotazioni,90,Vasquez,GENOA,exact,1.0,fantacalcio_it_id=5514
fc5bd4b9-7f05-5d65-940f-43217ddc7e2c,d9a23204-64b2-5e4a-9f9e-98d1058d89f3,Vojvoda,VOJVODA,fantacalcio-it-quotazioni,91,Vojvoda,UDINESE,exact,1.0,fantacalcio_it_id=4994
b50a4b0f-329c-5bd5-be01-d600ee241331,d9d4c54e-7719-5376-9771-9638eb1e50c3,Kamara H.,KAMARAH,fantacalcio-it-quotazioni,92,Kamara H.,UDINESE,exact,1.0,fantacalcio_it_id=5555
975136cd-9138-5fa2-83f5-9d0e8f30c338,239b888d-06de-5fbb-9c22-6d5ed7ef11a0,Zappacosta,ZAPPACOSTA,fantacalcio-it-quotazioni,93,Zappacosta,ATALANTA,exact,1.0,fantacalcio_it_id=554
97242760-c997-5d7f-8253-82611ca60b96,b27699bc-8147-51e6-9c9f-4fc8108b3998,Miranda J.,MIRANDAJ,fantacalcio-it-quotazioni,94,Miranda J.,BOLOGNA,exact,1.0,fantacalcio_it_id=4734
51b0b30c-3853-574f-933e-be0ec7522d78,6a6638b8-9233-5620-868e-55f88a04fb40,Celik,CELIK,fantacalcio-it-quotazioni,95,Celik,JUVENTUS,exact,1.0,fantacalcio_it_id=4657
85d89c23-12bd-5209-9408-965f06df9534,52bbeff1-d3ee-5bae-9312-302088c24745,Cambiaso,CAMBIASO,fantacalcio-it-quotazioni,96,Cambiaso,JUVENTUS,exact,1.0,fantacalcio_it_id=5520
c856dc6a-8faf-5f83-bade-54a833f9a91d,44ee9d3b-0e0a-5c83-abbf-cb41dd00e8a6,Doekhi,DOEKHI,fantacalcio-it-quotazioni,97,Doekhi,LAZIO,exact,1.0,fantacalcio_it_id=6320
ff6b0f9a-34ca-5d28-8483-7f41a75daf48,b29469ce-f135-5f6b-8572-da9f773f9cbf,Tiago Gabriel,TIAGOGABRIEL,fantacalcio-it-quotazioni,98,Tiago Gabriel,LECCE,exact,1.0,fantacalcio_it_id=6989
f94a5917-e97f-592f-8797-b6086b5aa404,a747e084-9a88-58ea-b2bb-f1497dd0b366,Bartesaghi,BARTESAGHI,fantacalcio-it-quotazioni,99,Bartesaghi,MILAN,exact,1.0,fantacalcio_it_id=6496
617bcf03-efa3-5697-abf2-09f5f1d2f62f,54321b0b-1551-55bb-98b1-6732c38725c8,Spinazzola,SPINAZZOLA,fantacalcio-it-quotazioni,100,Spinazzola,NAPOLI,exact,1.0,fantacalcio_it_id=1852
ae7d2c68-6293-553e-a688-78e574d7c2e9,ca563a24-d1e4-54fc-aa92-bf9eae909625,Delprato,DELPRATO,fantacalcio-it-quotazioni,101,Delprato,PARMA,exact,1.0,fantacalcio_it_id=6664
f4f43cec-4b4a-5c0a-b3a2-17d236308fa9,095852ac-a0bc-5789-8079-b5e6880129c4,Valeri,VALERI,fantacalcio-it-quotazioni,102,Valeri,PARMA,exact,1.0,fantacalcio_it_id=5862
b97c9306-c46f-5b04-afd0-05ec37a1c075,53a37a87-123c-5e84-9201-f91c0816973d,Koulierakis,KOULIERAKIS,fantacalcio-it-quotazioni,103,Koulierakis,ROMA,exact,1.0,fantacalcio_it_id=7529
dced1662-2f6e-5da4-8546-c38ccea1cbe4,0973436d-c8f1-5209-ac84-4079d2e6d6a6,Comuzzo,COMUZZO,fantacalcio-it-quotazioni,104,Comuzzo,TORINO,exact,1.0,fantacalcio_it_id=6495
c789b029-330a-550d-8b02-670a72bf626e,edfe3516-ccc6-552d-9b79-428ca4273943,Couto,COUTO,fantacalcio-it-quotazioni,105,Couto,COMO,exact,1.0,fantacalcio_it_id=6727
bb95f633-1fdb-5604-8bd9-471d4274f1c4,6e35125a-2d8a-5401-b2db-336c1bb2d2ff,Theate,THEATE,fantacalcio-it-quotazioni,106,Theate,BOLOGNA,exact,1.0,fantacalcio_it_id=5675
03482bbe-42a2-5c95-8a10-947e41920199,2695549e-f20b-561a-b3ec-87316c772bac,Diego Carlos,DIEGOCARLOS,fantacalcio-it-quotazioni,107,Diego Carlos,PARMA,exact,1.0,fantacalcio_it_id=4137
0c28980b-8ec9-555a-b9f2-a10dbb84f5f3,39017816-5858-555a-a892-ab96ce175023,Hien,HIEN,fantacalcio-it-quotazioni,108,Hien,ATALANTA,exact,1.0,fantacalcio_it_id=6046
d9af334e-78d6-52bf-826e-9916b43c14d3,75bf9b4d-55ce-5ebd-9042-73be8b09ea25,Lucumì,LUCUMI,fantacalcio-it-quotazioni,109,Lucumì,JUVENTUS,exact,1.0,fantacalcio_it_id=6042
0a3ff89e-7a75-545e-b6bc-b0c8d4def4a8,02d14f7a-3cbb-51f3-9901-1e4f430ef24e,Zortea,ZORTEA,fantacalcio-it-quotazioni,110,Zortea,BOLOGNA,exact,1.0,fantacalcio_it_id=4433
8e2ed925-c530-5a5c-bf73-c67da4dd5276,7f1699f0-a3c9-5e02-8a8a-500c59d3f09f,Mina,MINA,fantacalcio-it-quotazioni,111,Mina,CAGLIARI,exact,1.0,fantacalcio_it_id=4210
22367a13-2f55-5347-9a31-4ff103ad1d90,d3d3b612-6e14-50a7-b6c6-446795887ac8,Obert,OBERT,fantacalcio-it-quotazioni,112,Obert,CAGLIARI,exact,1.0,fantacalcio_it_id=5701
7cf32645-f0e4-5be8-b11d-0a21e54fbd5d,e8376a89-fe36-5c02-bed7-5e1b21bb4824,Dragusin,DRAGUSIN,fantacalcio-it-quotazioni,113,Dragusin,FIORENTINA,exact,1.0,fantacalcio_it_id=5365
010a2efa-527c-545d-a1ce-1658b710595a,f36f327d-6b63-56d4-8edb-5a196455d5de,Jimenez A.,JIMENEZA,fantacalcio-it-quotazioni,114,Jimenez A.,FIORENTINA,exact,1.0,fantacalcio_it_id=6531
888a8b3e-6f70-5360-9f3f-eebf606ca366,80c489c6-95ad-5ef3-b02f-e5d32bbc1c9b,Bracaglia,BRACAGLIA,fantacalcio-it-quotazioni,115,Bracaglia,FROSINONE,exact,1.0,fantacalcio_it_id=7469
f6d8270b-5414-5507-a642-d1dec1af3de5,68c0236d-0f8a-54db-8a18-d797d31921f5,Tavares N.,TAVARESN,fantacalcio-it-quotazioni,116,Tavares N.,LAZIO,exact,1.0,fantacalcio_it_id=5620
285a5cbf-381d-5523-9701-7358ea70b994,700d8211-f872-587b-81e6-6be0619cb6a2,Gabbia,GABBIA,fantacalcio-it-quotazioni,117,Gabbia,MILAN,exact,1.0,fantacalcio_it_id=4401
773dad97-2a34-53db-b021-809294e51a6e,08b5eaad-8b27-5b27-aa18-558af4d58e18,Mangas,MANGAS,fantacalcio-it-quotazioni,118,Mangas,MONZA,exact,1.0,fantacalcio_it_id=7485
daab52ba-3c9c-5e7c-a9a2-e7a14b0f5e14,9523673d-cc26-5a24-ba61-6a39994ab7d5,Idzes,IDZES,fantacalcio-it-quotazioni,119,Idzes,SASSUOLO,exact,1.0,fantacalcio_it_id=6672
ac64959b-bd79-5367-9308-2a9895faddcb,43a02047-f212-5393-83a5-ee3e1507b7e5,Coco,COCO,fantacalcio-it-quotazioni,120,Coco,TORINO,exact,1.0,fantacalcio_it_id=6642
e0e2bd4c-51da-5c12-b4a9-e11caa630097,fefb1f19-6570-54c5-a749-ef2f7731e832,Ismajli,ISMAJLI,fantacalcio-it-quotazioni,121,Ismajli,TORINO,exact,1.0,fantacalcio_it_id=5010
068671ee-3a59-5c84-9bbb-b1e3fb354b48,8c1b3f7a-db6a-5468-8b5c-b5e1bc885da3,Badiashile,BADIASHILE,fantacalcio-it-quotazioni,122,Badiashile,NAPOLI,exact,1.0,fantacalcio_it_id=4664
92fb1e45-37d1-5d1d-83a8-e0704205f18b,12ac6641-e22f-5bc5-a7ef-c93cc0c33aaa,Sutalo J.,SUTALOJ,fantacalcio-it-quotazioni,123,Sutalo J.,LAZIO,exact,1.0,fantacalcio_it_id=7580
78263072-b8f5-5c6f-b882-077c9ef7f05a,dfd0f5d9-3a07-5cae-a232-e0919224d243,Belghali,BELGHALI,fantacalcio-it-quotazioni,124,Belghali,TORINO,exact,1.0,fantacalcio_it_id=7220
9e954f2c-b68d-5db9-99bb-4a9e1be52adb,0098b711-6a54-58ad-ab89-5dc97fb8b113,Kolasinac,KOLASINAC,fantacalcio-it-quotazioni,125,Kolasinac,ATALANTA,exact,1.0,fantacalcio_it_id=2640
b037b2c7-92aa-5731-8c99-08de94afaf65,10022774-2aa2-5b63-be35-d21099f89299,Bellanova,BELLANOVA,fantacalcio-it-quotazioni,126,Bellanova,ATALANTA,exact,1.0,fantacalcio_it_id=4887
ed3961f2-ddca-5863-b668-0f0cd15c2932,be8b870f-7131-5e79-b4ad-f020655ef1b0,Bernasconi,BERNASCONI,fantacalcio-it-quotazioni,127,Bernasconi,ATALANTA,exact,1.0,fantacalcio_it_id=7219
fc27a38b-7e55-59c6-96c5-733f3941d011,1724f225-b437-541b-8c9e-f23a5ba37fde,Heggem,HEGGEM,fantacalcio-it-quotazioni,128,Heggem,BOLOGNA,exact,1.0,fantacalcio_it_id=7212
195ba38f-da0d-5a1e-877c-78f07e54c7bb,ea894551-c5fa-5587-be26-77f4820a100f,Holm,HOLM,fantacalcio-it-quotazioni,129,Holm,BOLOGNA,exact,1.0,fantacalcio_it_id=5678
5cc2f3b5-db42-5251-acba-f62243e22784,637e6485-ab8e-539b-87b1-a7dc9279fac1,Kaiki,KAIKI,fantacalcio-it-quotazioni,130,Kaiki,COMO,exact,1.0,fantacalcio_it_id=7414
5cc48b51-ec5e-51e6-b97e-3e1e58ab4baf,f42b8265-2a4c-5a7c-a3fc-9d840ee2ab69,Valle,VALLE,fantacalcio-it-quotazioni,131,Valle,COMO,exact,1.0,fantacalcio_it_id=6867
35d202e9-b255-5f70-b2af-289f2db6ae6b,9f6c9ef9-9fbd-5fc6-b643-2b79663a623e,Viery,VIERY,fantacalcio-it-quotazioni,132,Viery,FIORENTINA,exact,1.0,fantacalcio_it_id=7410
bfff7e19-d1c7-5fc5-bf68-24ae681d2bcf,039de9ea-932d-551f-af55-d8daa9b441f4,Monterisi,MONTERISI,fantacalcio-it-quotazioni,133,Monterisi,FROSINONE,exact,1.0,fantacalcio_it_id=4952
f45ec6b0-3d0c-558b-9e39-d080fd9b2459,72474982-66b6-5ed7-b46c-de88c77fe1a5,Oyono A.,OYONOA,fantacalcio-it-quotazioni,134,Oyono A.,FROSINONE,exact,1.0,fantacalcio_it_id=6238
03c4dd7d-5e56-5038-98b3-9c182498085d,271cf438-cb38-5119-a216-9f3eb0d5375b,Marcandalli,MARCANDALLI,fantacalcio-it-quotazioni,135,Marcandalli,GENOA,exact,1.0,fantacalcio_it_id=6660
77fb2560-f268-562d-951f-877f1108ec38,852f717a-9703-5e23-9896-f3f8b653b1df,Pavard,PAVARD,fantacalcio-it-quotazioni,136,Pavard,INTER,exact,1.0,fantacalcio_it_id=4177
2e28c90e-d7f3-5407-8896-87a5a8a8d0e9,f78144a3-1105-5955-b8f6-812c080bbb2e,Carlos Augusto,CARLOSAUGUSTO,fantacalcio-it-quotazioni,137,Carlos Augusto,INTER,exact,1.0,fantacalcio_it_id=5877
7da0a17e-b982-5cc7-8410-27df7204c49a,a17dc007-50d2-55d2-adb1-516f77bb345e,Pedraza,PEDRAZA,fantacalcio-it-quotazioni,138,Pedraza,LAZIO,exact,1.0,fantacalcio_it_id=4817
80ce2ed3-41c7-5b41-9abb-8aba823029a8,c7db3fc7-aa49-50c3-8117-8f64b8986b95,Marusic,MARUSIC,fantacalcio-it-quotazioni,139,Marusic,LAZIO,exact,1.0,fantacalcio_it_id=2188
0b2565ac-1882-59fc-b9a3-96ee3262f59b,993a99b8-c9c9-5315-b5b4-03443d8b1df2,Veiga D.,VEIGAD,fantacalcio-it-quotazioni,140,Veiga D.,LECCE,exact,1.0,fantacalcio_it_id=6990
60d2fe96-0b88-5366-b731-6ccc254e42b5,f392d241-7cb7-5501-a50f-3c7e43d816a2,Gallo,GALLO,fantacalcio-it-quotazioni,141,Gallo,LECCE,exact,1.0,fantacalcio_it_id=4502
0b4eab7c-2ac2-5bee-bb76-67456a443384,cbab4e13-19a1-5dae-8f2b-d8ab1c67a5fc,Tomori,TOMORI,fantacalcio-it-quotazioni,142,Tomori,MILAN,exact,1.0,fantacalcio_it_id=4751
df25dc15-7b03-5496-bdf8-63d388a0a64d,7a10805d-767e-5c10-a6f1-2804b7ee0257,Beukema,BEUKEMA,fantacalcio-it-quotazioni,143,Beukema,NAPOLI,exact,1.0,fantacalcio_it_id=6202
7050377e-37a0-570b-807b-2e126153f822,b7c0be70-2610-50ba-a61c-4b13f4e039d9,Buongiorno,BUONGIORNO,fantacalcio-it-quotazioni,144,Buongiorno,NAPOLI,exact,1.0,fantacalcio_it_id=2724
bf008f49-dddc-539a-a185-83ab679140a2,fcd502c5-b908-589b-86c2-c28f976dc28b,Kristensen T.,KRISTENSENT,fantacalcio-it-quotazioni,145,Kristensen T.,ATALANTA,exact,1.0,fantacalcio_it_id=6485
52d21002-2b3a-5b84-9f8e-d6df1a4175de,ae1eb220-d963-57da-b93a-d410f09995d3,Obrador,OBRADOR,fantacalcio-it-quotazioni,146,Obrador,SASSUOLO,exact,1.0,fantacalcio_it_id=7329
480b14a9-bfb0-5e0d-b6f6-0e1560c03df4,6fade0df-7794-5c66-ba26-aec7313ac3a1,Fortini,FORTINI,fantacalcio-it-quotazioni,147,Fortini,TORINO,exact,1.0,fantacalcio_it_id=7069
75bb6a46-4be9-5ec9-9b05-1796962b250d,bb0fd19e-41b8-50e0-a218-6496907588e9,Leysen F.,LEYSENF,fantacalcio-it-quotazioni,148,Leysen F.,SASSUOLO,exact,1.0,fantacalcio_it_id=7564
2db5fbc8-ac44-598f-a124-acb639c5064b,c2b7dbf4-e9bf-57f2-8be3-3433de000ce2,Balerdi,BALERDI,fantacalcio-it-quotazioni,149,Balerdi,ROMA,exact,1.0,fantacalcio_it_id=4705
be14cab9-bbf3-5544-ba7e-7e92f23df3b8,6a894295-d3f6-55bd-a9c8-6d018f53313a,Caleta-Car,CALETACAR,fantacalcio-it-quotazioni,150,Caleta-Car,SASSUOLO,exact,1.0,fantacalcio_it_id=4147
419e2cbf-4954-5b80-92d9-b3aed5482c74,6f899d39-8d78-5c21-95ac-faf326b42828,Sugawara,SUGAWARA,fantacalcio-it-quotazioni,151,Sugawara,CAGLIARI,exact,1.0,fantacalcio_it_id=7621
7d200c89-0704-5a1a-af18-5e12489c7695,ca9f16e6-12b1-5bc8-b0d5-20b8d9f781fb,Kofler,KOFLER,fantacalcio-it-quotazioni,152,Kofler,CAGLIARI,exact,1.0,fantacalcio_it_id=7532
b9c8854d-21c7-58c9-b8bf-8d0d3eeda0f1,1878ae46-2008-53c0-82b4-09c3e22b963c,Zè Pedro,ZEPEDRO,fantacalcio-it-quotazioni,153,Zè Pedro,CAGLIARI,exact,1.0,fantacalcio_it_id=7274
64995426-01d5-51a4-9720-c220544bdf36,11b62d7b-2c99-5abc-9368-fbcdcebb78b4,Kempf,KEMPF,fantacalcio-it-quotazioni,154,Kempf,COMO,exact,1.0,fantacalcio_it_id=6893
d1b38a5b-f39d-5ba4-89f4-1d4ffa32872c,84054717-e1a5-5d4d-8076-eb74ac945e5b,Valdepenas,VALDEPENAS,fantacalcio-it-quotazioni,155,Valdepenas,FIORENTINA,exact,1.0,fantacalcio_it_id=7294
bc1b5528-eb81-5aa2-9497-c3019528afdb,467bf897-da1c-5c75-9c12-086526f363d4,Calvani,CALVANI,fantacalcio-it-quotazioni,156,Calvani,FROSINONE,exact,1.0,fantacalcio_it_id=7467
97d4964a-37cd-566c-b61e-9e2fa7d99698,abbd23ca-3a17-55b8-905f-ff269630c0a7,Kelly L.,KELLYL,fantacalcio-it-quotazioni,157,Kelly L.,JUVENTUS,exact,1.0,fantacalcio_it_id=6766
2ef44a0f-60dd-5356-87c3-4850167c0dbd,f626ad55-13bd-523d-bc34-e5e3f72513d8,Gaspar K.,GASPARK,fantacalcio-it-quotazioni,158,Gaspar K.,LECCE,exact,1.0,fantacalcio_it_id=6632
8cd31808-1a11-5697-be75-657eff45581a,eed943e4-d29d-5013-803b-1c45c2115728,De Winter,DEWINTER,fantacalcio-it-quotazioni,159,De Winter,MILAN,exact,1.0,fantacalcio_it_id=5739
a4bfdbe6-a977-51a1-b441-1f2941304aa0,ad7d894e-098f-588f-9f10-e115787b13cb,Olivera,OLIVERA,fantacalcio-it-quotazioni,160,Olivera,NAPOLI,exact,1.0,fantacalcio_it_id=5840
760021ed-6671-58b3-85f2-fe6d58cb7860,c1b6dc00-3c6d-5d89-98e6-bee70a0b550b,Ghilardi,GHILARDI,fantacalcio-it-quotazioni,161,Ghilardi,ROMA,exact,1.0,fantacalcio_it_id=6631
dd898ff9-2392-5626-a714-82a61f9670f2,39e28d5f-97a4-5193-adb3-ce158b215394,Doig,DOIG,fantacalcio-it-quotazioni,162,Doig,SASSUOLO,exact,1.0,fantacalcio_it_id=5851
e6574d40-89c1-5830-8ce0-352356798c22,2e5de527-6cf3-569c-b079-d5a63edf3427,Bella-Kotchap,BELLAKOTCHAP,fantacalcio-it-quotazioni,163,Bella-Kotchap,VENEZIA,exact,1.0,fantacalcio_it_id=7253
f7574154-8a7c-5f01-a304-e28e9b682d4d,b7e1b662-6cda-5724-8d28-611a10410d9b,Correia T.,CORREIAT,fantacalcio-it-quotazioni,164,Correia T.,VENEZIA,exact,1.0,fantacalcio_it_id=4845
b0c121b6-ee53-5e38-93a5-ee3d6effd342,62f94d33-8179-584c-9e6a-c860a4c019aa,Haps,HAPS,fantacalcio-it-quotazioni,165,Haps,VENEZIA,exact,1.0,fantacalcio_it_id=5695
d8293883-1df0-56e4-8a17-100b5b1f411e,9d27e1c5-9998-5ad5-9ee2-18e344422249,Patterson,PATTERSON,fantacalcio-it-quotazioni,166,Patterson,TORINO,exact,1.0,fantacalcio_it_id=5751
1b6533f8-443b-569f-8843-0763fb21ddec,6bfccb40-480d-5dd8-b98a-25a093b1ecc5,Rodriguez R.,RODRIGUEZR,fantacalcio-it-quotazioni,167,Rodriguez R.,TORINO,exact,1.0,fantacalcio_it_id=2169
6f2deff4-2af1-5dff-9833-2e91bb298410,6c310625-1bb2-5373-8a37-0c12328c0dcb,Kossounou,KOSSOUNOU,fantacalcio-it-quotazioni,168,Kossounou,ATALANTA,exact,1.0,fantacalcio_it_id=5578
8eeea87d-4a79-5a09-ae1f-87ef8f7ecf04,76aa3ccb-ee94-55c3-90fe-48fe6d2a3330,Vitik,VITIK,fantacalcio-it-quotazioni,169,Vitik,BOLOGNA,exact,1.0,fantacalcio_it_id=7068
6510db5b-5056-523c-9968-1f3e94eed6de,f7eaba3e-ac0c-5481-a646-b21959f721bb,Rodriguez Ju.,RODRIGUEZJU,fantacalcio-it-quotazioni,170,Rodriguez Ju.,CAGLIARI,exact,1.0,fantacalcio_it_id=7268
a563db26-4af3-574e-9bf3-4b1f93ff967b,d4954d4c-b5e4-5d85-ba08-436f7cde1176,Smolcic I.,SMOLCICI,fantacalcio-it-quotazioni,171,Smolcic I.,COMO,exact,1.0,fantacalcio_it_id=7014
cfb4bed8-888b-54a3-b9ea-241588b86b97,2fb21251-d5b6-5016-a25b-4fb68a093db6,Pongracic,PONGRACIC,fantacalcio-it-quotazioni,172,Pongracic,FIORENTINA,exact,1.0,fantacalcio_it_id=5603
d3527b98-9967-53a5-8eb3-6f052bec1937,de3a4d2b-c048-5a26-ae93-4b66462738fd,Parisi,PARISI,fantacalcio-it-quotazioni,173,Parisi,FIORENTINA,exact,1.0,fantacalcio_it_id=5449
085eafab-1f78-512b-be41-0bd32a27d3bf,87c1b120-cf0d-5927-a307-c80cc314c11d,Cittadini,CITTADINI,fantacalcio-it-quotazioni,174,Cittadini,FROSINONE,exact,1.0,fantacalcio_it_id=5757
5c8b340d-865f-5332-9b4a-785c0bb43b9c,05d5b659-8e4c-550b-a1ef-b3c2a09f3202,Mitaj,MITAJ,fantacalcio-it-quotazioni,175,Mitaj,GENOA,exact,1.0,fantacalcio_it_id=7537
f351e207-94c6-5f92-b978-d1bbd0111067,6e843b8c-301f-5f3f-9c80-b91531f692cf,Gatti,GATTI,fantacalcio-it-quotazioni,176,Gatti,JUVENTUS,exact,1.0,fantacalcio_it_id=5831
75a2c3db-8422-5419-b5ae-c73dcf2c997f,5d3378e4-73ca-59db-bf8d-7643ebdbe67d,Provstgaard,PROVSTGAARD,fantacalcio-it-quotazioni,177,Provstgaard,LAZIO,exact,1.0,fantacalcio_it_id=7012
224876bb-314b-5297-8e31-5b94d9851ccb,4af21229-a6b5-51c5-a953-f92968a6c3d2,Floriani Mussolini,FLORIANIMUSSOLINI,fantacalcio-it-quotazioni,178,Floriani Mussolini,LAZIO,exact,1.0,fantacalcio_it_id=7131
66773e1d-4c4f-5240-ac8d-fa70a236c0f4,d2f569c1-396f-539a-a6bf-568a636586d3,Siebert,SIEBERT,fantacalcio-it-quotazioni,179,Siebert,LECCE,exact,1.0,fantacalcio_it_id=7240
67948f38-ac75-51c4-bcda-016aec45ff27,a16cfbf0-0ca2-53b4-8c40-62f21b3cec97,Birindelli,BIRINDELLI,fantacalcio-it-quotazioni,180,Birindelli,MONZA,exact,1.0,fantacalcio_it_id=5838
cfd6197e-fc6f-5e12-a8fa-d03b93dbb7a8,0d82022a-2b5d-5996-b04a-951f09b7e4d5,Valenti,VALENTI,fantacalcio-it-quotazioni,181,Valenti,PARMA,exact,1.0,fantacalcio_it_id=5307
6b611943-cc06-527a-bb96-03e35b4ffa8f,f5836538-0853-5e48-a34e-324d0e91496a,Rensch,RENSCH,fantacalcio-it-quotazioni,182,Rensch,ROMA,exact,1.0,fantacalcio_it_id=6986
de1542c4-5ea3-58ed-b69e-1123c4fba3dc,5cbf11dd-2025-5898-a6fa-470470f8ec76,Walukiewicz,WALUKIEWICZ,fantacalcio-it-quotazioni,183,Walukiewicz,SASSUOLO,exact,1.0,fantacalcio_it_id=4374
5bfa847c-1c30-5c13-8571-494c20629513,4e5566a6-de5a-5c2c-99dc-9fb27177eb1c,Comert,COMERT,fantacalcio-it-quotazioni,184,Comert,TORINO,exact,1.0,fantacalcio_it_id=7526
eb108c40-12d3-5560-afbc-3218dffc6d3c,66e40056-5e06-5bf1-8ea3-34805aafc286,Kabasele,KABASELE,fantacalcio-it-quotazioni,185,Kabasele,UDINESE,exact,1.0,fantacalcio_it_id=4263
7ba941df-0288-53be-a1c1-116366a54823,e4c79bb1-5812-589f-9964-90b7c32aeb64,Bertola,BERTOLA,fantacalcio-it-quotazioni,186,Bertola,UDINESE,exact,1.0,fantacalcio_it_id=5820
48284ae3-b98c-5967-9187-91c12a977772,fd05c8bc-3520-5ddc-b44d-0162af7c1b30,Zanoli,ZANOLI,fantacalcio-it-quotazioni,187,Zanoli,UDINESE,exact,1.0,fantacalcio_it_id=5527
dad19aec-8309-5780-ad14-8bc8aa4f0f7f,391ce13f-e34e-575a-997c-e6d5cb56be96,Arizala,ARIZALA,fantacalcio-it-quotazioni,188,Arizala,UDINESE,exact,1.0,fantacalcio_it_id=7312
0a308099-e572-534b-9876-45ee878a09c4,2938f92b-0438-582c-a2ce-ef14eaf611c1,Moreno M.,MORENOM,fantacalcio-it-quotazioni,189,Moreno M.,VENEZIA,exact,1.0,fantacalcio_it_id=6890
3de6ea86-3303-58a1-b497-78284dd23011,cf97c7d2-f043-5823-915c-726a3a6584e7,Hainaut,HAINAUT,fantacalcio-it-quotazioni,190,Hainaut,VENEZIA,exact,1.0,fantacalcio_it_id=6821
8e5c66da-2464-507e-a40c-89bd1978bc01,de3e4d93-4088-5bbd-92e3-219a5d4272b6,Terzic,TERZIC,fantacalcio-it-quotazioni,191,Terzic,FROSINONE,exact,1.0,fantacalcio_it_id=4375
67501410-b194-5c4e-b5b8-a998452ca0a5,ff809962-6178-5655-87f7-27ebea8fb853,Favasuli,FAVASULI,fantacalcio-it-quotazioni,192,Favasuli,NAPOLI,exact,1.0,fantacalcio_it_id=7563
197b70a9-cdc8-54b6-836e-7cc412d2254f,b25c0827-e2a3-5c0c-b740-ac65ff88ee3e,Juan Jesus,JUANJESUS,fantacalcio-it-quotazioni,193,Juan Jesus,VENEZIA,exact,1.0,fantacalcio_it_id=256
6833bf64-b7eb-5650-b483-10d9b5bf6acf,713b07ad-6809-5ae4-a7f0-76b36c2fbdd2,Ehizibue,EHIZIBUE,fantacalcio-it-quotazioni,194,Ehizibue,GENOA,exact,1.0,fantacalcio_it_id=6047
853cd094-6dda-5e10-91a6-48ba05a67806,182634e1-3ba1-5caf-8293-cbbbc83873dc,Casale,CASALE,fantacalcio-it-quotazioni,195,Casale,BOLOGNA,exact,1.0,fantacalcio_it_id=5498
c6f4fae9-fb4b-57bb-bc46-f4271c49f04e,cdd05a74-177f-5603-b5c6-25753d54347b,Helland,HELLAND,fantacalcio-it-quotazioni,196,Helland,BOLOGNA,exact,1.0,fantacalcio_it_id=7326
a59907c5-21ab-56ec-86ee-3241e705af23,65300679-cdd9-534e-a5c6-8c7e627e3952,Idrissi R.,IDRISSIR,fantacalcio-it-quotazioni,197,Idrissi R.,CAGLIARI,exact,1.0,fantacalcio_it_id=7125
98c891af-070f-52ac-923c-87be785f52c8,088c5c23-61b6-549c-9d57-ebb38f6ef964,Ranieri L.,RANIERIL,fantacalcio-it-quotazioni,198,Ranieri L.,FIORENTINA,exact,1.0,fantacalcio_it_id=4378
756bae20-e931-58db-84f9-0ee6ed6d8303,706598d1-5871-5fb6-8c01-81201afa8cc3,Joao Mario,JOAOMARIO,fantacalcio-it-quotazioni,199,Joao Mario,FIORENTINA,exact,1.0,fantacalcio_it_id=7175
4de2e14c-9893-52c6-8b10-2820c804e546,a996f4ab-a5ef-5d37-8b60-884d95b94b4e,Akpoguma,AKPOGUMA,fantacalcio-it-quotazioni,200,Akpoguma,FROSINONE,exact,1.0,fantacalcio_it_id=7540
a8e75d2c-edfe-555b-b2cf-81ec54b66862,d0a10a63-462b-514a-a85e-46768736c968,Estupinan,ESTUPINAN,fantacalcio-it-quotazioni,201,Estupinan,MILAN,exact,1.0,fantacalcio_it_id=5273
aedfa921-0489-5686-b3d5-2dc36c3b8c64,b7f910ae-402f-5e95-8905-dada7e616aca,Lucchesi,LUCCHESI,fantacalcio-it-quotazioni,202,Lucchesi,MONZA,exact,1.0,fantacalcio_it_id=6659
d34a87e7-8caf-53bd-8735-ed0a605f28f0,e54f2256-bf27-5eaa-8ab6-45482cac06b5,Kouadio,KOUADIO,fantacalcio-it-quotazioni,203,Kouadio,MONZA,exact,1.0,fantacalcio_it_id=7238
d8c08e28-7598-5e51-b591-5496ceef8de0,f01ac1ce-e842-5c28-949a-fead65c59423,Carboni A.,CARBONIA,fantacalcio-it-quotazioni,204,Carboni A.,MONZA,exact,1.0,fantacalcio_it_id=4925
5b40f8c9-4f1b-5904-838d-65725ab6d17d,88b26f3d-f437-57d2-b741-e57ad6b5cc6f,Troilo,TROILO,fantacalcio-it-quotazioni,205,Troilo,PARMA,exact,1.0,fantacalcio_it_id=7235
2378316d-b258-5fb8-b9e7-12eae6f46312,6c0e5494-70ad-55d8-a24f-e9be6ac481eb,Britschgi,BRITSCHGI,fantacalcio-it-quotazioni,206,Britschgi,PARMA,exact,1.0,fantacalcio_it_id=7255
3ba077d6-0240-5e13-9a6a-77739f804bde,a9052c26-618f-51dd-9ac2-73c9b00d5ab9,Candè,CANDE,fantacalcio-it-quotazioni,207,Candè,SASSUOLO,exact,1.0,fantacalcio_it_id=6985
a6499365-9140-56d0-bbda-4e6256bbf813,e6a58710-fe0a-56a5-97cd-b0fb5edf53ad,Palma,PALMA,fantacalcio-it-quotazioni,208,Palma,UDINESE,exact,1.0,fantacalcio_it_id=6925
bff6e898-b154-5831-957c-08eadea9949c,5e18a465-e52c-569f-b52a-cc7839d773f5,Ebosse,EBOSSE,fantacalcio-it-quotazioni,209,Ebosse,UDINESE,exact,1.0,fantacalcio_it_id=5994
948eefd6-fb3d-5319-b59f-c5f5460a632c,37104695-7c0f-5f50-8514-96c4d7339d91,Halhal,HALHAL,fantacalcio-it-quotazioni,210,Halhal,VENEZIA,exact,1.0,fantacalcio_it_id=7538
b87c0bd4-ef4d-59f1-bd47-6c20b56e3a77,a22f02f4-f0b5-5105-9528-5202aa4d3993,Schingtienne,SCHINGTIENNE,fantacalcio-it-quotazioni,211,Schingtienne,VENEZIA,exact,1.0,fantacalcio_it_id=6892
fd1f7991-37e2-57eb-9fec-89464a4f9b66,c344b6bc-d8c4-5493-9b86-28e9ede4d200,Sverko,SVERKO,fantacalcio-it-quotazioni,212,Sverko,VENEZIA,exact,1.0,fantacalcio_it_id=6673
6d1372a1-8d57-59d8-afb7-dcf736b5238e,faeb7fe5-fff5-59fe-9cd0-624bdbdb3884,Franjic,FRANJIC,fantacalcio-it-quotazioni,213,Franjic,VENEZIA,exact,1.0,fantacalcio_it_id=7478
362e6911-2e5b-51d8-b436-f33403f5b625,e1d27422-e8b7-54e5-818f-df55dff4b58a,Odenthal,ODENTHAL,fantacalcio-it-quotazioni,214,Odenthal,SASSUOLO,exact,1.0,fantacalcio_it_id=7154
69fe6d5d-2d75-5c2d-9a5f-e4574c6bd1fe,a13d3c1f-1abd-58e6-a616-3c2e10fee658,Tchato,TCHATO,fantacalcio-it-quotazioni,215,Tchato,FROSINONE,exact,1.0,fantacalcio_it_id=7605
71180902-95fe-5056-a2db-ab1e4b4ee8ca,8a7d6d1c-6311-52c9-81b9-13e8eecda6ed,Kambwala,KAMBWALA,fantacalcio-it-quotazioni,216,Kambwala,COMO,exact,1.0,fantacalcio_it_id=6601
2024055a-d9cd-541a-9006-315899693570,e04c9ebb-e9a9-510c-b073-c90b292e1e15,Drameh,DRAMEH,fantacalcio-it-quotazioni,217,Drameh,GENOA,exact,1.0,fantacalcio_it_id=5742
0c332daa-4c80-5727-971b-49c361b5b931,b2fa3e0a-aabf-52d3-b018-3140d7ad3a21,Alhassane,ALHASSANE,fantacalcio-it-quotazioni,218,Alhassane,BOLOGNA,exact,1.0,fantacalcio_it_id=7483
a19a94ad-7c8b-5bea-b20e-244a58e3a488,47bac0c5-1d0d-5f8d-9465-0db8893feb87,Van Der Brempt,VANDERBREMPT,fantacalcio-it-quotazioni,219,Van Der Brempt,SASSUOLO,exact,1.0,fantacalcio_it_id=6896
4aa81896-2b2b-537d-a2d9-39597579b5b2,622ecd5c-6f9c-53c3-80b4-bf001f8550fa,Otoa,OTOA,fantacalcio-it-quotazioni,220,Otoa,GENOA,exact,1.0,fantacalcio_it_id=6977
0a1f41d5-a6e2-59d3-8cdb-30b427b23d47,be57d27b-a23e-567a-992c-f57d40495a26,Puczka,PUCZKA,fantacalcio-it-quotazioni,221,Puczka,GENOA,exact,1.0,fantacalcio_it_id=7413
9001e13d-dde7-517a-a314-15f7e0651453,27ab995b-6c4f-5a48-a45a-b54b58b1964d,Sabelli,SABELLI,fantacalcio-it-quotazioni,222,Sabelli,GENOA,exact,1.0,fantacalcio_it_id=791
934917fb-0caa-59d0-afcd-a3f73b71a196,83b980ba-009e-5678-b97d-f89469b4c806,Lazzari,LAZZARI,fantacalcio-it-quotazioni,223,Lazzari,LAZIO,exact,1.0,fantacalcio_it_id=2263
58756534-b9e2-5d1b-a324-bd03752345a5,abe566c9-3dca-573a-86d8-3b6ef67f8c66,Pellegrini Lu.,PELLEGRINILU,fantacalcio-it-quotazioni,224,Pellegrini Lu.,LAZIO,exact,1.0,fantacalcio_it_id=2728
66d99e28-7d6a-5666-b1ed-a13ea46d198a,5eba1186-4ebf-52d7-9be5-de4d5b4e2d74,Jean,JEAN,fantacalcio-it-quotazioni,225,Jean,LECCE,exact,1.0,fantacalcio_it_id=6883
421c407f-1e54-50af-aab6-6f8eb2507e28,f51cde19-3953-5d1e-b1c9-378a7b83d0a1,Ndaba,NDABA,fantacalcio-it-quotazioni,226,Ndaba,LECCE,exact,1.0,fantacalcio_it_id=7182
966ea60d-8baf-590b-b1af-3d77c205e117,88c93ecd-f728-54f4-a9c1-908eb14eda20,Diawara S.,DIAWARAS,fantacalcio-it-quotazioni,227,Diawara S.,MILAN,exact,1.0,fantacalcio_it_id=7525
44367385-4729-553d-b091-a341bc55521e,d25b3cce-e4cb-5180-91b1-63c777e26cee,Bakoune,BAKOUNE,fantacalcio-it-quotazioni,228,Bakoune,MONZA,exact,1.0,fantacalcio_it_id=7476
6444567e-0c3c-5fd9-bfe5-222938553c8f,77d4ddd3-d63d-526f-8f68-d7af20a7ff67,Marin R.,MARINR,fantacalcio-it-quotazioni,229,Marin R.,NAPOLI,exact,1.0,fantacalcio_it_id=6638
76b0ff48-4b95-5d81-b9a4-2359fa3b107c,2b3e63b2-c501-5e46-b6d7-a3ce2740b672,Ndiaye,NDIAYE,fantacalcio-it-quotazioni,230,Ndiaye,PARMA,exact,1.0,fantacalcio_it_id=7202
72a58396-85e6-5b45-80cb-293003cc68c9,f62a6983-089c-5b06-b204-da4ab5ecb5e4,Biraghi,BIRAGHI,fantacalcio-it-quotazioni,231,Biraghi,TORINO,exact,1.0,fantacalcio_it_id=252
195adadf-8e1b-5441-8ba7-7e4ce18cb7a8,10dc8fe6-6e9f-5097-bc89-938b87ab9ec5,Abankwah,ABANKWAH,fantacalcio-it-quotazioni,232,Abankwah,UDINESE,exact,1.0,fantacalcio_it_id=6021
cc7bf691-e408-5636-9c04-0c5710371c8b,7bd717bf-3b14-5b1d-8b41-0952d2f19009,Sagrado,SAGRADO,fantacalcio-it-quotazioni,233,Sagrado,VENEZIA,exact,1.0,fantacalcio_it_id=6681
d6feae72-1e60-5f88-b68a-dea5f465222f,77b9196e-e447-5b7b-ae23-83add093915e,Aurelio,AURELIO,fantacalcio-it-quotazioni,234,Aurelio,CAGLIARI,exact,1.0,fantacalcio_it_id=7548
fff7f632-e809-5665-bb0b-d6fffece9adb,83ebb084-b6f0-558e-9134-e5e5ac48546c,Goglichidze,GOGLICHIDZE,fantacalcio-it-quotazioni,235,Goglichidze,MONZA,exact,1.0,fantacalcio_it_id=6537
b7c5e780-3735-5587-b30e-f7f88e2196b4,f6dff5e6-a517-54d2-b3b8-024fd78d5a81,Cinquegrano,CINQUEGRANO,fantacalcio-it-quotazioni,236,Cinquegrano,SASSUOLO,exact,1.0,fantacalcio_it_id=7573
ee311dcf-01c2-52ea-a2b2-5a7c12320717,57a944b4-9924-5fe8-9762-30a4feb984e2,Terracciano F.,TERRACCIANOF,fantacalcio-it-quotazioni,237,Terracciano F.,MILAN,exact,1.0,fantacalcio_it_id=5812
57060b4c-10fd-54cc-9c82-3dc92b80d477,19697848-e209-5399-8478-9912d684a0a9,Lulli,LULLI,fantacalcio-it-quotazioni,238,Lulli,ROMA,exact,1.0,fantacalcio_it_id=7599
d8290a74-6b26-53fc-a142-106596398535,7c988390-39dd-59b8-bd33-52947d88a6e1,Drobnic,DROBNIC,fantacalcio-it-quotazioni,239,Drobnic,PARMA,exact,1.0,fantacalcio_it_id=7615
6c549091-23ac-5d40-9702-421fa8387f8d,089d098e-cda3-5538-ab83-19b9fb5cc1d9,De Silvestri,DESILVESTRI,fantacalcio-it-quotazioni,240,De Silvestri,BOLOGNA,exact,1.0,fantacalcio_it_id=487
182123d8-5675-59bb-9f07-1bf846cd0f73,86f5062a-f5b2-5d29-a46f-09fa3300f800,Goldaniga,GOLDANIGA,fantacalcio-it-quotazioni,241,Goldaniga,COMO,exact,1.0,fantacalcio_it_id=418
10233c3b-75e1-5ad8-b07c-cbf5593f3a08,e5a3d7c1-2222-5499-81a4-15a80dacc11e,Amey,AMEY,fantacalcio-it-quotazioni,242,Amey,FROSINONE,exact,1.0,fantacalcio_it_id=5424
4e5bb293-6680-521d-8193-06c98d7a60a6,ad032884-7ea7-58f0-870c-c652964d6e0c,Rugani,RUGANI,fantacalcio-it-quotazioni,243,Rugani,JUVENTUS,exact,1.0,fantacalcio_it_id=294
d2bf2cc6-d1be-5673-b55e-00c1d7e8c3c2,952ccb39-f434-56ff-a90e-908dcb7a9391,Cabal,CABAL,fantacalcio-it-quotazioni,244,Cabal,JUVENTUS,exact,1.0,fantacalcio_it_id=6039
6975cffc-f4f5-5810-9525-356d19e1604e,bd2b703f-1d99-5481-b230-c3f14d7b0c1b,Patric,PATRIC,fantacalcio-it-quotazioni,245,Patric,LAZIO,exact,1.0,fantacalcio_it_id=327
c4726813-069d-5db7-9109-30991988a151,3b5aed92-d649-59e5-8dee-db1ad0568ea5,Antov,ANTOV,fantacalcio-it-quotazioni,246,Antov,MONZA,exact,1.0,fantacalcio_it_id=5399
e4193381-d813-5382-92d6-e53716a380d8,8184fdf6-47af-5f3e-8052-10bd1c834bc5,Marianucci,MARIANUCCI,fantacalcio-it-quotazioni,247,Marianucci,NAPOLI,exact,1.0,fantacalcio_it_id=6809
6ae47fc0-075f-5bb9-a789-3b91a3014b98,7e62b5c5-d5e8-504f-a133-9459c00739a4,Mazzocchi,MAZZOCCHI,fantacalcio-it-quotazioni,248,Mazzocchi,VENEZIA,exact,1.0,fantacalcio_it_id=5481
13601df7-3c14-5a65-8b0e-19d5966dc773,1eeb6ca0-63d9-54b4-a455-6237e56d4768,Carboni F.,CARBONIF,fantacalcio-it-quotazioni,249,Carboni F.,PARMA,exact,1.0,fantacalcio_it_id=6149
40309171-cfe1-5d1b-a6bd-de60a7ff7561,b8907c74-813f-5322-9fba-478117042ae2,Ziolkowski,ZIOLKOWSKI,fantacalcio-it-quotazioni,250,Ziolkowski,MONZA,exact,1.0,fantacalcio_it_id=7260
9d921e23-8098-573e-aa01-3b65fc65e8da,028da3f4-1873-57b5-83c8-1ca752781128,Pieragnolo,PIERAGNOLO,fantacalcio-it-quotazioni,251,Pieragnolo,SASSUOLO,exact,1.0,fantacalcio_it_id=7156
6d7cdc61-4686-51f9-8d07-f9944db072e1,8ac54ae8-ecef-574f-b3e2-1120c47c2684,Gomes,GOMES,fantacalcio-it-quotazioni,252,Gomes,VENEZIA,exact,1.0,fantacalcio_it_id=7454
b5f52d2e-f123-50be-9aaf-eaf06705e9b1,84896b99-a94c-530e-b472-00d0ed3d3058,Omar Fayed,OMARFAYED,fantacalcio-it-quotazioni,253,Omar Fayed,FROSINONE,exact,1.0,fantacalcio_it_id=7553
f367e20a-66d2-5ba9-b1ee-ee1f74fa7b90,2ecf4d1a-32fb-5694-95fd-bb6e18127bde,Maye,MAYE,fantacalcio-it-quotazioni,254,Maye,MONZA,exact,1.0,fantacalcio_it_id=7604
01cf235a-6e15-5a4a-b08a-c2897bac8438,997ca01f-0103-5588-bc98-3901384aa6d8,Dembelè A.,DEMBELEA,fantacalcio-it-quotazioni,255,Dembelè A.,LECCE,exact,1.0,fantacalcio_it_id=6826
7cc648d6-a0b6-57c9-a234-4fddcb2922b8,17f1a76f-5307-516b-8310-47e2ebadefca,Paz N.,PAZN,fantacalcio-it-quotazioni,256,Paz N.,COMO,exact,1.0,fantacalcio_it_id=6875
ab28dfc3-de91-50d0-b0a3-e02d3f2377bd,71cbc518-b93b-505b-a585-29d68c7ab099,Calhanoglu,CALHANOGLU,fantacalcio-it-quotazioni,257,Calhanoglu,INTER,exact,1.0,fantacalcio_it_id=2194
b63cb9db-b886-51be-adc3-300da9efa421,217c34f3-21a3-50e4-9ad9-def8c9b9cf8d,McTominay,MCTOMINAY,fantacalcio-it-quotazioni,258,McTominay,NAPOLI,exact,1.0,fantacalcio_it_id=4777
12eada6e-b364-50fc-8a70-d13abcaf58b3,686b01ef-f078-50b9-ba66-6983fbe9af24,Orsolini,ORSOLINI,fantacalcio-it-quotazioni,259,Orsolini,BOLOGNA,exact,1.0,fantacalcio_it_id=2167
705c5f89-447d-5134-97ea-f77fb6063c94,2f9201be-afe6-5363-ae47-bbac0c7e9276,Pulisic,PULISIC,fantacalcio-it-quotazioni,260,Pulisic,MILAN,exact,1.0,fantacalcio_it_id=2423
eb8cbe8d-e44b-5ba2-b186-e610a629209f,0e7e939f-0174-5b16-aa41-4deb2ead471a,Rabiot,RABIOT,fantacalcio-it-quotazioni,261,Rabiot,MILAN,exact,1.0,fantacalcio_it_id=2379
d2aa4428-121e-5b61-a4ec-6eba5647a99e,43f8ce1d-9273-5268-8b07-e6b88011d17a,Baturina,BATURINA,fantacalcio-it-quotazioni,262,Baturina,COMO,exact,1.0,fantacalcio_it_id=7126
c36107cb-7d85-536d-961f-1d593a6e7af6,cd8617a0-dfeb-5024-9e19-94680315c8cf,Mora,MORA,fantacalcio-it-quotazioni,263,Mora,ROMA,exact,1.0,fantacalcio_it_id=7556
dfc5e5b1-2fe8-577d-ba45-a26f1fa176b8,f3da0fa9-20dc-5748-8fa5-3faa7c1f38e1,Da Cunha,DACUNHA,fantacalcio-it-quotazioni,264,Da Cunha,COMO,exact,1.0,fantacalcio_it_id=5559
78f3f587-37ba-5d20-83b1-74a0c0ff6e3f,a13c1b4d-bc4a-501e-8ec7-03a8c1f96d5c,Barella,BARELLA,fantacalcio-it-quotazioni,265,Barella,INTER,exact,1.0,fantacalcio_it_id=1870
a1e56d9c-e03a-570f-8062-13c1472e51d4,58a46468-eb82-5cb1-a7bc-a52df40f0441,Zaniolo,ZANIOLO,fantacalcio-it-quotazioni,266,Zaniolo,UDINESE,exact,1.0,fantacalcio_it_id=2766
6eedfeda-4c06-5d50-9e65-068db3967148,604055bd-94f5-5da0-a120-5dfeff1e00ed,McKennie,MCKENNIE,fantacalcio-it-quotazioni,267,McKennie,JUVENTUS,exact,1.0,fantacalcio_it_id=4973
302a3826-b7d2-5825-aaf8-ffd18b1606e4,fea0eb0e-ec0b-5ba6-87a6-80a83a386023,De Bruyne,DEBRUYNE,fantacalcio-it-quotazioni,268,De Bruyne,NAPOLI,exact,1.0,fantacalcio_it_id=2517
a8231d66-2243-5a24-bec0-ed9f56e68c68,dd5bba76-df81-529a-9b06-6f2d309c708d,Zaccagni,ZACCAGNI,fantacalcio-it-quotazioni,269,Zaccagni,LAZIO,exact,1.0,fantacalcio_it_id=632
7e17098e-4429-5297-b602-307073cd71c3,1c544a48-a178-501c-88d8-8b7ead048beb,Atta,ATTA,fantacalcio-it-quotazioni,270,Atta,FIORENTINA,exact,1.0,fantacalcio_it_id=6908
69b45bc8-5393-5394-88ed-88725a8a8778,c7dc1f19-bbbe-56f4-ba99-450f4fb0b858,Samardzic,SAMARDZIC,fantacalcio-it-quotazioni,271,Samardzic,ATALANTA,exact,1.0,fantacalcio_it_id=5119
aa002b3e-13b3-5f1b-b4e3-3bfc972ad9c3,b0fffe4b-2b25-52b9-9012-21b95c5272ca,Conceicao,CONCEICAO,fantacalcio-it-quotazioni,272,Conceicao,JUVENTUS,exact,1.0,fantacalcio_it_id=6884
c6164e66-36ad-511f-9c4f-61f0865fdfa0,93461120-7b51-51bc-98e5-6df876b3ded9,Taylor K.,TAYLORK,fantacalcio-it-quotazioni,273,Taylor K.,LAZIO,exact,1.0,fantacalcio_it_id=7314
7e14014e-59ed-502e-b557-c5f49f4ddd3a,e985a8b8-a299-593e-b535-7417423e339e,Vlasic,VLASIC,fantacalcio-it-quotazioni,274,Vlasic,TORINO,exact,1.0,fantacalcio_it_id=5687
4ddc6e23-3fe6-5254-9d1e-6f0211cf4275,98b9c3b6-e66b-5dc1-9cc0-f8d5ef068e72,Ederson D.S.,EDERSONDS,fantacalcio-it-quotazioni,275,Ederson D.S.,ATALANTA,exact,1.0,fantacalcio_it_id=5792
db7d5cfd-0adb-562d-a452-4b1b70ac0691,3ea98651-01f9-5855-8e19-742c4c6c105c,Gudmundsson A.,GUDMUNDSSONA,fantacalcio-it-quotazioni,276,Gudmundsson A.,LAZIO,exact,1.0,fantacalcio_it_id=5800
5c40c762-2ee3-5b84-b286-6cf35475e953,d137528d-ec14-52cf-a955-24717e6866ea,Zielinski,ZIELINSKI,fantacalcio-it-quotazioni,277,Zielinski,INTER,exact,1.0,fantacalcio_it_id=152
d04516cc-9362-52a5-addf-8b95bdb9d056,7ed18631-77f8-5f45-954f-3d82ec421c4f,Modric,MODRIC,fantacalcio-it-quotazioni,278,Modric,MILAN,exact,1.0,fantacalcio_it_id=2606
10e55902-5d67-5b6f-9032-871763abf03d,fb140223-4b84-549a-b454-6dd52cfd5234,Ekkelenkamp,EKKELENKAMP,fantacalcio-it-quotazioni,279,Ekkelenkamp,UDINESE,exact,1.0,fantacalcio_it_id=6684
de4dd170-ea54-560b-8aa0-f20d7526cd58,6476950b-b829-5c94-a52b-c5bdf7fba88d,Jones C.,JONESC,fantacalcio-it-quotazioni,280,Jones C.,INTER,exact,1.0,fantacalcio_it_id=5172
585a733c-fb19-528a-8c57-e880d9f0f895,15893305-0919-5f86-adaf-841778d7d05a,Gonzalez N.,GONZALEZN,fantacalcio-it-quotazioni,281,Gonzalez N.,JUVENTUS,exact,1.0,fantacalcio_it_id=4179
451eb8fe-468a-5d8f-b92b-29e1da2581a3,8fe6912b-8429-52b1-9534-a5cc05ac50d1,Kessiè,KESSIE,fantacalcio-it-quotazioni,282,Kessiè,ATALANTA,exact,1.0,fantacalcio_it_id=1850
0c6e40bf-e2d0-5e13-9f2a-27dca58274c1,d8661b39-503e-513f-aa50-48341e7f313f,Goncalves P.,GONCALVESP,fantacalcio-it-quotazioni,283,Goncalves P.,FIORENTINA,exact,1.0,fantacalcio_it_id=7625
c4615335-bdd9-5575-8bb7-65087cd22551,3e29e540-5b6a-5bba-bf91-10d018f7424c,Rodriguez Je.,RODRIGUEZJE,fantacalcio-it-quotazioni,284,Rodriguez Je.,COMO,exact,1.0,fantacalcio_it_id=7129
6da8deca-43bc-5d8f-98a7-4a531b94791e,5698c708-58e3-5459-b471-5a5ac7d55d41,Baldanzi,BALDANZI,fantacalcio-it-quotazioni,285,Baldanzi,GENOA,exact,1.0,fantacalcio_it_id=5823
ecbc0460-9152-5664-a719-ef73011c9b55,25a79c7d-bb68-51a6-a6d1-1ecbfac3d760,Alajbegovic,ALAJBEGOVIC,fantacalcio-it-quotazioni,286,Alajbegovic,JUVENTUS,exact,1.0,fantacalcio_it_id=7436
9dad5aa6-9d77-5c71-9182-76ccc8209453,a8ad0c8d-57e9-5371-81db-022119ac4809,Saelemaekers,SAELEMAEKERS,fantacalcio-it-quotazioni,287,Saelemaekers,MILAN,exact,1.0,fantacalcio_it_id=4892
3efdac38-7cd7-5e09-9075-0643380f0961,0ac37811-5b2c-57c1-9682-7993e1bfa542,Mastantuono,MASTANTUONO,fantacalcio-it-quotazioni,288,Mastantuono,FIORENTINA,exact,1.0,fantacalcio_it_id=7078
403956b1-74cc-5d2b-acf4-f6b1c8d24d3c,91d6a8e0-7689-5d85-8cd1-1314a722b40d,Moreira,MOREIRA,fantacalcio-it-quotazioni,289,Moreira,MILAN,exact,1.0,fantacalcio_it_id=6372
bd6ad033-10c2-5cb6-9407-b1581e605312,c1449d5b-d420-53ca-98bb-5eea7b1bfd3a,Bernardeschi,BERNARDESCHI,fantacalcio-it-quotazioni,290,Bernardeschi,BOLOGNA,exact,1.0,fantacalcio_it_id=184
f019c6fa-c671-513c-8df7-51fdec2d02e9,b4e698cc-5b6d-545e-99a3-2328abcbba40,Rowe,ROWE,fantacalcio-it-quotazioni,291,Rowe,ATALANTA,exact,1.0,fantacalcio_it_id=6844
0828bd58-d396-54f8-bdc7-11dcce8d03bd,7ac1e07c-e70b-56a0-b175-74eb23f7b217,Perrone,PERRONE,fantacalcio-it-quotazioni,292,Perrone,COMO,exact,1.0,fantacalcio_it_id=6151
4452bd95-4ab4-5e57-83e1-3b3faf915429,de201baf-7f56-5503-82e7-f6e2a29de9dc,Frattesi,FRATTESI,fantacalcio-it-quotazioni,293,Frattesi,LAZIO,exact,1.0,fantacalcio_it_id=2848
b0fe2201-fa61-5941-ab57-e99716b421c8,65fa4b88-21c9-5222-9f6c-5af854355c44,Zambo Anguissa,ZAMBOANGUISSA,fantacalcio-it-quotazioni,294,Zambo Anguissa,NAPOLI,exact,1.0,fantacalcio_it_id=4220
37ad5255-7032-5941-a6c9-1b3c9048a356,fe2fc395-af52-545a-ab41-5f5b06f21dcb,Vergara,VERGARA,fantacalcio-it-quotazioni,295,Vergara,NAPOLI,exact,1.0,fantacalcio_it_id=7223
70335deb-f9f5-5f62-a450-c4422fec2320,ef95bb61-9274-5743-b9f1-b238aaaec23e,Konè M.,KONEM,fantacalcio-it-quotazioni,296,Konè M.,ROMA,exact,1.0,fantacalcio_it_id=5589
52cbefa0-01a5-548a-8e75-cc6f60deb8d1,a559f7ed-d91d-501d-b79a-7d83d197a168,Thorstvedt,THORSTVEDT,fantacalcio-it-quotazioni,297,Thorstvedt,SASSUOLO,exact,1.0,fantacalcio_it_id=5844
27770e18-4528-543d-8d97-d901ae281644,7b4151ce-003c-5684-be86-95f0d32afa67,Diouf,DIOUF,fantacalcio-it-quotazioni,298,Diouf,INTER,exact,1.0,fantacalcio_it_id=6274
0043a968-6e98-5968-8746-6ce3670ecf03,70fb165b-e4e1-5b09-8f4b-ef461e87200c,Sucic P.,SUCICP,fantacalcio-it-quotazioni,299,Sucic P.,INTER,exact,1.0,fantacalcio_it_id=7070
ec28cd13-d8b4-5ca0-ae12-0b8108d548c6,24e91424-5f74-5bac-bd38-aac55516b95f,Locatelli,LOCATELLI,fantacalcio-it-quotazioni,300,Locatelli,JUVENTUS,exact,1.0,fantacalcio_it_id=827
a57fc973-07a2-5295-b800-fb70c0a29b44,25e1e594-cba4-5e18-962a-4025ceafd1ec,Thuram K.,THURAMK,fantacalcio-it-quotazioni,301,Thuram K.,JUVENTUS,exact,1.0,fantacalcio_it_id=5562
8454e69f-0a35-5353-98b5-9fbdd2578283,921e57ef-5894-542c-84d0-86393f1c3a2e,Cancellieri,CANCELLIERI,fantacalcio-it-quotazioni,302,Cancellieri,LAZIO,exact,1.0,fantacalcio_it_id=5500
b574a3f8-e909-5e0d-8745-f489ac7231b9,c8a5a9cc-0376-546e-b639-6f88531c6a2b,Isaksen,ISAKSEN,fantacalcio-it-quotazioni,303,Isaksen,LAZIO,exact,1.0,fantacalcio_it_id=6398
19b40d87-d7a8-5177-94e8-dc173f8a415e,e54f95fe-96c9-50f5-a34d-d8358de705ab,Colpani,COLPANI,fantacalcio-it-quotazioni,304,Colpani,MONZA,exact,1.0,fantacalcio_it_id=5878
c0b60ccb-5280-5863-8b62-acbc73849255,a8672d87-3f77-5400-b7a5-0fb7b0535499,Politano,POLITANO,fantacalcio-it-quotazioni,305,Politano,NAPOLI,exact,1.0,fantacalcio_it_id=536
ed02a53c-598d-5b32-bb5f-76a3eb54f4f2,06fbc7e2-0f53-5019-a842-08b25d796429,Cristante,CRISTANTE,fantacalcio-it-quotazioni,306,Cristante,ROMA,exact,1.0,fantacalcio_it_id=779
dd60497d-2474-56d4-8060-9121c95d0620,bf8cff3e-1cd1-5a4e-80a0-ff76d25b2694,Volpato,VOLPATO,fantacalcio-it-quotazioni,307,Volpato,SASSUOLO,exact,1.0,fantacalcio_it_id=5735
9900dccc-1205-5186-8813-c415dc083ebf,3f414e1d-944a-53f7-8018-967fe348ae5d,Casadei,CASADEI,fantacalcio-it-quotazioni,308,Casadei,TORINO,exact,1.0,fantacalcio_it_id=5888
ba0237e9-1bff-577f-9a7f-25a2e19b4279,1cfc54ff-c071-50d6-a038-f174f541cd87,Pellegrini Lo.,PELLEGRINILO,fantacalcio-it-quotazioni,309,Pellegrini Lo.,ROMA,exact,1.0,fantacalcio_it_id=530
d23608db-1ba9-591f-8208-65807e951380,5cd4d7d1-adb6-5189-ad72-6d7894498961,Pasalic,PASALIC,fantacalcio-it-quotazioni,310,Pasalic,ATALANTA,exact,1.0,fantacalcio_it_id=2077
8d632863-b6c6-54da-99b4-17f8492cb309,3eb2d63c-711d-5bd9-9c82-dcc3035b5848,Odgaard,ODGAARD,fantacalcio-it-quotazioni,311,Odgaard,BOLOGNA,exact,1.0,fantacalcio_it_id=2765
b79eee54-59e5-5c61-8c73-9cf0b2038aa3,f31f3ec5-5974-5198-b40e-7305978b5928,Cambiaghi,CAMBIAGHI,fantacalcio-it-quotazioni,312,Cambiaghi,BOLOGNA,exact,1.0,fantacalcio_it_id=4436
2ede51a3-377b-5c1a-9add-1fa40b1186d8,8a74585b-4096-5070-9f1e-262906d4345b,Mandragora,MANDRAGORA,fantacalcio-it-quotazioni,313,Mandragora,TORINO,exact,1.0,fantacalcio_it_id=1933
b9185cf6-19c9-5ce3-b1af-134087b4141c,3b3fc09d-5d87-5751-b925-b5e033d4eab3,Calò,CALO,fantacalcio-it-quotazioni,314,Calò,FROSINONE,exact,1.0,fantacalcio_it_id=7472
fa141797-f931-50c7-b789-40bc75cac5ce,ae20b324-0e00-566d-8a21-883ad9ddd9ed,Chukwueze,CHUKWUEZE,fantacalcio-it-quotazioni,315,Chukwueze,MILAN,exact,1.0,fantacalcio_it_id=4856
738e26a5-4ca0-5f51-8c8b-dd2dc97421b7,5d2acaaa-15d7-5619-8786-acc9094962ab,Lobotka,LOBOTKA,fantacalcio-it-quotazioni,316,Lobotka,NAPOLI,exact,1.0,fantacalcio_it_id=4287
3bc190c1-2aca-5617-9c80-e6260133db4c,a261eedf-f7b4-5ad6-a160-d6eebc6889bc,Konè I.,KONEI,fantacalcio-it-quotazioni,317,Konè I.,SASSUOLO,exact,1.0,fantacalcio_it_id=6717
da60f560-4b21-5a73-b07b-4e8ebe5296de,1f7e9936-2dd7-5f35-a078-fe717878600d,Schmid,SCHMID,fantacalcio-it-quotazioni,318,Schmid,FROSINONE,exact,1.0,fantacalcio_it_id=7551
b2f4cffd-74c7-5bcc-893f-78ee210780b6,a0e63140-637a-5a46-af1d-632aff71d952,Hutchinson,HUTCHINSON,fantacalcio-it-quotazioni,319,Hutchinson,MILAN,exact,1.0,fantacalcio_it_id=7618
556cfb8c-8046-502e-b11b-7129265ed6e0,f45d9118-558d-5efc-bfb7-bc1996abb4ef,Mbangula,MBANGULA,fantacalcio-it-quotazioni,320,Mbangula,BOLOGNA,exact,1.0,fantacalcio_it_id=6833
9569d6a0-cb59-5105-8fa9-441e8436ae18,c631a93f-997a-5777-aa84-dc051badeafa,Gaetano,GAETANO,fantacalcio-it-quotazioni,321,Gaetano,ATALANTA,exact,1.0,fantacalcio_it_id=4364
0df452d8-a365-521e-9564-0186568e73fe,fcc97452-5f13-58ea-bb7d-984dfaf1adc2,Zalewski,ZALEWSKI,fantacalcio-it-quotazioni,322,Zalewski,ATALANTA,exact,1.0,fantacalcio_it_id=5422
02b1675f-e701-5dfb-9c70-be9f07c1492d,1a51675b-d038-5e8f-a83d-b2c913c22292,Ferguson,FERGUSON,fantacalcio-it-quotazioni,323,Ferguson,BOLOGNA,exact,1.0,fantacalcio_it_id=5858
55023ce8-4f78-53e9-9ed7-4ed4a43a9c5e,f3c5bf16-5faa-56bf-abf3-a20682f5b522,Adopo,ADOPO,fantacalcio-it-quotazioni,324,Adopo,CAGLIARI,exact,1.0,fantacalcio_it_id=4870
879feab1-d3f8-59ed-a3bd-3ef8a6c28c26,30e1951f-d821-5459-89ca-de282cbd3c0f,Romano,ROMANO,fantacalcio-it-quotazioni,325,Romano,CAGLIARI,exact,1.0,fantacalcio_it_id=7311
31c1eb1d-cdc4-501f-8362-5c87197a37e9,1dcfeeb3-de59-57d7-976a-ef96952a65d0,Fagioli,FAGIOLI,fantacalcio-it-quotazioni,326,Fagioli,FIORENTINA,exact,1.0,fantacalcio_it_id=4465
756ccb2a-205a-551c-b771-783143b30f41,064ec1ca-a024-524a-9f99-7afffa41fd00,Ndour,NDOUR,fantacalcio-it-quotazioni,327,Ndour,FIORENTINA,exact,1.0,fantacalcio_it_id=6294
3338c7fe-f9b5-5105-bf9a-d0d776477046,c8895f77-42ab-5699-be7b-5150a44c012a,Frendrup,FRENDRUP,fantacalcio-it-quotazioni,328,Frendrup,GENOA,exact,1.0,fantacalcio_it_id=5791
d8929773-da97-54ae-a351-763d6739ac13,ae8e2421-af4f-5e75-a262-d11f94d7ceb3,Koopmeiners,KOOPMEINERS,fantacalcio-it-quotazioni,329,Koopmeiners,JUVENTUS,exact,1.0,fantacalcio_it_id=5685
1c83cbc5-c55f-5c1a-a3e1-06b40ef495dc,8942149c-b960-5233-81f6-2b5076c04bfe,Rovella,ROVELLA,fantacalcio-it-quotazioni,330,Rovella,LAZIO,exact,1.0,fantacalcio_it_id=4459
edccbc05-6f2b-52a5-b285-ae79115a3855,58bf5335-94d3-5c59-920a-5582ba562724,Coulibaly L.,COULIBALYL,fantacalcio-it-quotazioni,331,Coulibaly L.,LECCE,exact,1.0,fantacalcio_it_id=5504
a04410a7-27ab-51f8-b22b-e17eb754c4d6,dea18ec3-36d1-5910-be98-73675698c274,Akinsanmiro,AKINSANMIRO,fantacalcio-it-quotazioni,332,Akinsanmiro,MONZA,exact,1.0,fantacalcio_it_id=6593
74779c65-83ff-5e97-9737-9cb23c3a3726,01ec36df-0f23-5b4d-9121-2b38b98c38a9,Bernabè,BERNABE,fantacalcio-it-quotazioni,333,Bernabè,PARMA,exact,1.0,fantacalcio_it_id=6666
2b5b9134-6397-57fc-8162-dd3c2cef7ab0,c0d89f52-2ec9-52a3-9ac4-eb9d3c4050a1,Pisilli,PISILLI,fantacalcio-it-quotazioni,334,Pisilli,ROMA,exact,1.0,fantacalcio_it_id=6190
e25c5bd4-08e5-5cd1-8e92-66df363ed00f,098ba44d-2f61-52c1-ab78-4c3860f4b2d7,Karlstrom,KARLSTROM,fantacalcio-it-quotazioni,335,Karlstrom,UDINESE,exact,1.0,fantacalcio_it_id=6680
016a1337-ce6e-5186-939a-66ca0a0de4d1,4b7f6de3-8a6b-5c9b-9986-23d60bd7f979,Unai Gomez,UNAIGOMEZ,fantacalcio-it-quotazioni,336,Unai Gomez,UDINESE,exact,1.0,fantacalcio_it_id=6783
a7e6e2cb-557c-5e13-892a-5aa40920ad54,fa2cd156-9c5c-59ab-9962-53aba8ad30d1,Sow,SOW,fantacalcio-it-quotazioni,337,Sow,GENOA,exact,1.0,fantacalcio_it_id=5946
1de55f69-feff-536d-bacb-e56754d15497,dad41fa7-59af-5b08-93bf-cdedd98076ac,Elmas,ELMAS,fantacalcio-it-quotazioni,338,Elmas,ATALANTA,exact,1.0,fantacalcio_it_id=4479
236df86b-14c4-5b1e-a827-b2c88e99082a,4870a398-f84b-5bf6-9e61-5cb8bcf99bb3,Monteiro J.,MONTEIROJ,fantacalcio-it-quotazioni,339,Monteiro J.,LECCE,exact,1.0,fantacalcio_it_id=7619
eddafd5d-172f-51ab-a344-766b7c2b0159,fe954dbe-7f9e-5462-bcf6-8e0fc4f8a567,Sarr P.,SARRP,fantacalcio-it-quotazioni,340,Sarr P.,JUVENTUS,exact,1.0,fantacalcio_it_id=5680
7097217e-7123-59e8-a890-8418420b6a36,ea8c9888-cae7-5cc2-8f97-b69d9d30b981,El Shaarawy,ELSHAARAWY,fantacalcio-it-quotazioni,341,El Shaarawy,GENOA,exact,1.0,fantacalcio_it_id=795
93ea9e4a-2714-535d-82a1-5fa4e306356b,cd23ae7a-bc00-5a69-802e-fe64ee48d897,Pobega,POBEGA,fantacalcio-it-quotazioni,342,Pobega,BOLOGNA,exact,1.0,fantacalcio_it_id=5298
c416c572-4b42-5cda-ba40-d772b1bb81c2,79b24d37-153e-5694-aa35-a47b277ce2ac,Winks,WINKS,fantacalcio-it-quotazioni,343,Winks,CAGLIARI,exact,1.0,fantacalcio_it_id=4260
ca5960d9-0051-5191-8c73-d672b0335fa5,70ee922d-fa9e-54bf-9936-0d95283d3a3e,Fazzini,FAZZINI,fantacalcio-it-quotazioni,344,Fazzini,CAGLIARI,exact,1.0,fantacalcio_it_id=6010
73979a9f-e079-5fe5-ae9a-fc83f70d7861,679a1e52-c4bb-5e18-aa65-6e9d3e2a2f7f,Milla,MILLA,fantacalcio-it-quotazioni,345,Milla,COMO,exact,1.0,fantacalcio_it_id=7412
1d74a232-8d59-547d-9e62-cf7cd7fe9e43,4fae29c9-fea2-585f-b53d-0fe0bf7f9c94,Caqueret,CAQUERET,fantacalcio-it-quotazioni,346,Caqueret,COMO,exact,1.0,fantacalcio_it_id=5036
dc076fab-6019-5eda-ad9f-d83eba8fc6cd,0f425cd1-70b0-5a1c-b840-097307384d38,Liberali,LIBERALI,fantacalcio-it-quotazioni,347,Liberali,COMO,exact,1.0,fantacalcio_it_id=6678
85da1d72-55bb-5343-bf9d-3c5b67e73f7c,0bea15f0-f9ff-5b83-9ec2-d7d008ec7337,Oulai,OULAI,fantacalcio-it-quotazioni,348,Oulai,FIORENTINA,exact,1.0,fantacalcio_it_id=7464
4a8b3275-e0ce-5dd4-8836-ed7b5ce14474,7a98ce22-533c-51af-b68a-45f576a9e212,Zerbin,ZERBIN,fantacalcio-it-quotazioni,349,Zerbin,FROSINONE,exact,1.0,fantacalcio_it_id=5998
c4a82f96-fcd0-5352-8606-3a6bb64b72c4,b9459bf0-7418-574f-b391-d541dc2d4eff,Ellertsson,ELLERTSSON,fantacalcio-it-quotazioni,350,Ellertsson,GENOA,exact,1.0,fantacalcio_it_id=6020
ce2190d7-579a-57ab-8887-0d44d0f254d1,2f8cba29-b953-5d54-a104-b156a26d9818,Zhegrova,ZHEGROVA,fantacalcio-it-quotazioni,351,Zhegrova,JUVENTUS,exact,1.0,fantacalcio_it_id=5761
9b13b9aa-496c-5cae-9b03-95cee9b69c45,a838ed9b-0083-5cb3-9dc2-67d3f47b7079,Pierotti,PIEROTTI,fantacalcio-it-quotazioni,352,Pierotti,LECCE,exact,1.0,fantacalcio_it_id=6549
5a7c13c0-1666-58ae-844b-fe69915e79c5,a98b02e4-9fca-5cd4-801c-c9f096f9d120,Pessina,PESSINA,fantacalcio-it-quotazioni,353,Pessina,MONZA,exact,1.0,fantacalcio_it_id=2741
fbd6710d-a8c3-5a8f-b56b-041f31f50c54,badf5159-baea-5202-947d-bf5849162213,Nicolussi Caviglia,NICOLUSSICAVIGLIA,fantacalcio-it-quotazioni,354,Nicolussi Caviglia,PARMA,exact,1.0,fantacalcio_it_id=4349
2826be3a-4b25-5fcd-8cd4-9796853c362d,c56b242e-000d-5dfa-8cae-5d13acb382c0,Matic,MATIC,fantacalcio-it-quotazioni,355,Matic,SASSUOLO,exact,1.0,fantacalcio_it_id=2528
9a41abb0-e87f-5a83-b665-63c7d93d8759,04f3d626-86f1-52b4-81d3-2e9bdad217a7,Adzic,ADZIC,fantacalcio-it-quotazioni,356,Adzic,SASSUOLO,exact,1.0,fantacalcio_it_id=6677
c14eff1e-7009-5ffa-9c32-dbc88f2cf996,7b394bca-864b-5cd2-ad62-7f90bb687eb2,Bakola,BAKOLA,fantacalcio-it-quotazioni,357,Bakola,SASSUOLO,exact,1.0,fantacalcio_it_id=7036
58f8fb61-2778-50f6-8db8-f26aecec94c4,489d2830-18c1-53a9-b6fd-a6ba67c6cb68,Cacciamani,CACCIAMANI,fantacalcio-it-quotazioni,358,Cacciamani,TORINO,exact,1.0,fantacalcio_it_id=7060
44465877-a7e9-5e99-8ac6-676cbb996e82,72dd7043-19fd-54c2-b469-cc25bdc703c4,Oristanio,ORISTANIO,fantacalcio-it-quotazioni,359,Oristanio,TORINO,exact,1.0,fantacalcio_it_id=6218
d6273759-b732-5e27-93ab-1852eb6e2849,b4455d4f-d4f1-5951-bd4b-24ef54f71d52,Piotrowski,PIOTROWSKI,fantacalcio-it-quotazioni,360,Piotrowski,UDINESE,exact,1.0,fantacalcio_it_id=7198
709d4cfe-f905-51b5-be7f-ffa374c23638,be710d42-81e7-5c07-a17d-e0e29280e8cc,Basic,BASIC,fantacalcio-it-quotazioni,361,Basic,VENEZIA,exact,1.0,fantacalcio_it_id=5674
5b4e3457-a472-5bb8-bde8-c11e86679548,13f2d157-44ee-5d97-a52b-c538f7018131,Tourè I.,TOUREI,fantacalcio-it-quotazioni,362,Tourè I.,MONZA,exact,1.0,fantacalcio_it_id=7146
afb4036e-40c3-5630-8fca-a454d355c058,301814ea-2aa5-512b-86e5-ae5868bba4b8,Braganca,BRAGANCA,fantacalcio-it-quotazioni,363,Braganca,TORINO,exact,1.0,fantacalcio_it_id=7624
d65c7943-e059-5a2f-9dbd-59facfae2acc,e2bdecc1-83f1-562a-8c36-5fab70ddd5d8,Amondarain,AMONDARAIN,fantacalcio-it-quotazioni,364,Amondarain,BOLOGNA,exact,1.0,fantacalcio_it_id=7528
e792422e-c328-511d-bc3e-54bcfdbb8f81,169f9a40-70eb-5a5f-91ca-3be3c751c62f,Felici,FELICI,fantacalcio-it-quotazioni,365,Felici,CAGLIARI,exact,1.0,fantacalcio_it_id=6640
ca4899d5-1ab7-569d-b1eb-ad9265b1ff80,e0837cac-f510-598d-8316-026271becc6b,Meichtry,MEICHTRY,fantacalcio-it-quotazioni,366,Meichtry,GENOA,exact,1.0,fantacalcio_it_id=7409
e8d01a47-9b59-5ffe-94a7-8b043a003bb3,5846ee56-ef2f-5175-a4fb-111605062b7e,Luis Henrique,LUISHENRIQUE,fantacalcio-it-quotazioni,367,Luis Henrique,INTER,exact,1.0,fantacalcio_it_id=5301
d648051c-31ef-5a36-86af-970695264c37,16d5410a-c394-5488-8d08-024b83d1da6c,Dele-Bashiru,DELEBASHIRU,fantacalcio-it-quotazioni,368,Dele-Bashiru,LAZIO,exact,1.0,fantacalcio_it_id=6629
093f1016-7bf1-55e6-adb1-7eeb9c9a757a,2645e2d3-a3b1-5ac8-bdc9-af8249dc56cb,Jashari,JASHARI,fantacalcio-it-quotazioni,369,Jashari,MILAN,exact,1.0,fantacalcio_it_id=7203
5761fed4-178f-51f9-82a8-8f7128be7111,d722f103-f61b-5332-bc2f-167946b3a5d3,Keita M.,KEITAM,fantacalcio-it-quotazioni,370,Keita M.,PARMA,exact,1.0,fantacalcio_it_id=6898
5409b862-ddec-5ee4-8770-5ab70ecee97a,3f8503ed-73f4-550a-ac2f-9ea1e21f3120,Fitz-Jim,FITZJIM,fantacalcio-it-quotazioni,371,Fitz-Jim,TORINO,exact,1.0,fantacalcio_it_id=7535
7ca84abe-48b5-50d9-ad6a-f157bb26a3c9,27eb496d-528f-546c-a8cb-462c9975cc38,Gineitis,GINEITIS,fantacalcio-it-quotazioni,372,Gineitis,TORINO,exact,1.0,fantacalcio_it_id=6170
cdbc18dd-9011-5d80-bc0a-8be1408e0a33,124e429f-063e-5c24-aa2c-1a61cd7f7f61,Busio,BUSIO,fantacalcio-it-quotazioni,373,Busio,VENEZIA,exact,1.0,fantacalcio_it_id=5507
14f7c0a2-a26e-51e5-b522-d10c1be30ded,bff0ccd1-3d87-5f26-ae19-8d7c64b25225,Sohm,SOHM,fantacalcio-it-quotazioni,374,Sohm,VENEZIA,exact,1.0,fantacalcio_it_id=5319
1f22acc0-befb-53b4-ba95-438f6fe2fc2a,2f6830ef-5684-5940-bc99-7977d88470f2,Perez K.,PEREZK,fantacalcio-it-quotazioni,375,Perez K.,VENEZIA,exact,1.0,fantacalcio_it_id=6994
a1291c6c-0ef9-534e-bc51-ad1b04eb9f41,d8f71d4a-284b-5b10-bccf-b3a49e4f5427,Cissè A.,CISSEA,fantacalcio-it-quotazioni,376,Cissè A.,MILAN,exact,1.0,fantacalcio_it_id=6618
076de2c2-172a-56cf-827b-b54935da4f26,7f47bbc8-7e30-5e50-bcc3-952bf30e0e3c,De Roon,DEROON,fantacalcio-it-quotazioni,377,De Roon,ROMA,exact,1.0,fantacalcio_it_id=22
6896b8c6-15d4-5d19-9559-59f17c7bf947,1d15d98c-d69e-50b8-b0b5-855911b6cb24,Moro N.,MORON,fantacalcio-it-quotazioni,378,Moro N.,BOLOGNA,exact,1.0,fantacalcio_it_id=6054
49011c1e-b15e-5170-bcd9-0ff03adafe2c,a6ea026a-ac51-5c7d-bb8c-205589000598,Dominguez B.,DOMINGUEZB,fantacalcio-it-quotazioni,379,Dominguez B.,SASSUOLO,exact,1.0,fantacalcio_it_id=6895
6c2d1498-dc7b-512b-b1e7-c38741364304,9087a138-6a69-5121-a41e-72e2b15a4642,Addai,ADDAI,fantacalcio-it-quotazioni,380,Addai,COMO,exact,1.0,fantacalcio_it_id=7127
e9bd78aa-da21-541a-b5e1-80f92761b4d8,58db02f0-3bcd-5df5-9dd7-a06a9e83fb4c,Fabbian,FABBIAN,fantacalcio-it-quotazioni,381,Fabbian,PARMA,exact,1.0,fantacalcio_it_id=6206
657dbeb6-ebca-5933-a45f-fc719ad1396f,1a624d4c-04ba-5655-9f17-1a41fbe398b4,Cichella,CICHELLA,fantacalcio-it-quotazioni,382,Cichella,FROSINONE,exact,1.0,fantacalcio_it_id=7473
d0fcb3de-f640-5325-b944-e7bab4add5e7,86f972aa-8eec-5a5b-b095-1e28e725b7a6,Fini ,FINI,fantacalcio-it-quotazioni,383,Fini ,FROSINONE,exact,1.0,fantacalcio_it_id=6506
ff47a7e8-4f7a-5cd8-900c-7df800a2be08,47ab3115-d9da-5334-931d-7ff9b240361b,Amorim,AMORIM,fantacalcio-it-quotazioni,384,Amorim,GENOA,exact,1.0,fantacalcio_it_id=7341
afb48a16-2d03-5af9-83d8-16688d8a3fcc,cb65fc9f-50c5-5222-9253-bc25355b2add,Messias,MESSIAS,fantacalcio-it-quotazioni,385,Messias,GENOA,exact,1.0,fantacalcio_it_id=4970
41c5baf9-675a-57fc-b140-488d9f2196eb,59cebb5e-aea4-53d4-b7e3-e895f6dce99f,Traorè Hj.,TRAOREHJ,fantacalcio-it-quotazioni,386,Traorè Hj.,GENOA,exact,1.0,fantacalcio_it_id=2857
8e1aaace-9dbe-5099-8eb2-55200b34f69a,569ee3ba-ea95-5ef2-b646-5931a8b98af5,Mkhitaryan,MKHITARYAN,fantacalcio-it-quotazioni,387,Mkhitaryan,INTER,exact,1.0,fantacalcio_it_id=2529
f2a483b0-9bf3-5d3a-9aae-228f6139aeb9,6ba8aab0-f9dc-5e74-95eb-0283a423c050,Douglas Luiz,DOUGLASLUIZ,fantacalcio-it-quotazioni,388,Douglas Luiz,JUVENTUS,exact,1.0,fantacalcio_it_id=4911
4d3b0cdd-daf5-51d9-8c46-f37021360ba6,d2d0d04d-eebe-5da7-b94e-e292051a9b55,Cataldi,CATALDI,fantacalcio-it-quotazioni,389,Cataldi,LAZIO,exact,1.0,fantacalcio_it_id=333
6d7ed3fb-592f-55d4-a5e9-ec2fe8a0d566,63f1fdb3-b49b-526e-8986-f7347384e03d,Ngom,NGOM,fantacalcio-it-quotazioni,390,Ngom,LECCE,exact,1.0,fantacalcio_it_id=7322
540b2d1f-f674-5607-8230-32936edf5d14,668ba604-d90a-50b7-8b0e-526696071854,Berisha M.,BERISHAM,fantacalcio-it-quotazioni,391,Berisha M.,LECCE,exact,1.0,fantacalcio_it_id=6015
49575102-351f-5030-bffe-62e6b47cd09b,7ac4b621-d0eb-55d2-b56e-c9843550f8d7,Gandelman,GANDELMAN,fantacalcio-it-quotazioni,392,Gandelman,LECCE,exact,1.0,fantacalcio_it_id=7318
177bbdaf-ab0a-5a24-9c87-09b318390843,5729bda8-5bcf-5f53-bc45-1d38d7e380e4,Ricci S.,RICCIS,fantacalcio-it-quotazioni,393,Ricci S.,COMO,exact,1.0,fantacalcio_it_id=5453
3dc5d897-2ef9-50f8-8a69-a550c330e7c7,0db55dda-f564-5f8c-9663-ddc66c22baa4,Loftus-Cheek,LOFTUSCHEEK,fantacalcio-it-quotazioni,394,Loftus-Cheek,MILAN,exact,1.0,fantacalcio_it_id=4199
bf248f80-30ce-5558-8ff7-010d8ed4f159,62e7bcb6-a19f-556a-8bd8-4c6d3a2876a4,Folorunsho,FOLORUNSHO,fantacalcio-it-quotazioni,395,Folorunsho,MONZA,exact,1.0,fantacalcio_it_id=6252
d2449565-e93e-5c9e-89eb-aa2caca5280a,e036af08-1e2a-5d82-97c9-bc53ed51a09a,Almqvist,ALMQVIST,fantacalcio-it-quotazioni,396,Almqvist,PARMA,exact,1.0,fantacalcio_it_id=6207
3c46cf00-ba19-505c-94ed-2883286770d4,e8deb1bf-9244-5979-9b0b-fbceac23f3eb,Ilkhan,ILKHAN,fantacalcio-it-quotazioni,397,Ilkhan,TORINO,exact,1.0,fantacalcio_it_id=6005
d35c2d7d-926e-5304-aa27-3ba7695e83f2,2e5d3c6d-da7d-5202-a34a-bd8203aea70e,Njie,NJIE,fantacalcio-it-quotazioni,398,Njie,FIORENTINA,exact,1.0,fantacalcio_it_id=6827
eeccdb06-83a6-56d1-aef6-2d55f62b57c9,d63d347e-8da6-598c-bf59-57ebaf23e9f6,Miller L.,MILLERL,fantacalcio-it-quotazioni,399,Miller L.,UDINESE,exact,1.0,fantacalcio_it_id=7208
95ff9ac6-7967-5a86-9fcb-bcb6b178961d,f7a0199b-bf0f-583f-9e22-35993c9d1e46,Grillitsch,GRILLITSCH,fantacalcio-it-quotazioni,400,Grillitsch,FROSINONE,exact,1.0,fantacalcio_it_id=7550
c0cc5320-7815-5e1a-818d-2a28082a7708,6b0952f1-6436-593e-9ace-fe67733df1c9,Massolin,MASSOLIN,fantacalcio-it-quotazioni,401,Massolin,CAGLIARI,exact,1.0,fantacalcio_it_id=7579
a8643e87-c523-5b7b-aca1-79e612a0b2f4,55ea4ec3-695e-51e4-85e1-896db11e9ae3,Sulemana I.,SULEMANAI,fantacalcio-it-quotazioni,402,Sulemana I.,SASSUOLO,exact,1.0,fantacalcio_it_id=6024
53c925bd-6fbf-519f-b914-d16f07acff8c,7b89cc62-7d1e-5753-925d-e83e98c3fe79,Deiola,DEIOLA,fantacalcio-it-quotazioni,403,Deiola,CAGLIARI,exact,1.0,fantacalcio_it_id=1871
74c20dee-70c3-5e8e-8edd-c070311880eb,e0920390-79aa-5d59-9273-f7adc0c20a61,Brescianini,BRESCIANINI,fantacalcio-it-quotazioni,404,Brescianini,FIORENTINA,exact,1.0,fantacalcio_it_id=4947
c4d1df1a-240f-57f5-a110-ebcedfb4bba3,028458d8-7386-55ed-b99b-7c91ef987646,Gelli F.,GELLIF,fantacalcio-it-quotazioni,405,Gelli F.,FROSINONE,exact,1.0,fantacalcio_it_id=6241
f5187183-b60c-5890-ac18-048d7a0757e1,0959057c-1057-5a47-be62-b92f0d122f9b,Masini,MASINI,fantacalcio-it-quotazioni,406,Masini,FROSINONE,exact,1.0,fantacalcio_it_id=6917
7cea33fd-5673-50ec-8445-919256501ab9,2fdb45af-e3da-5061-a073-5e07d6714843,Stankovic A.,STANKOVICA,fantacalcio-it-quotazioni,407,Stankovic A.,INTER,exact,1.0,fantacalcio_it_id=6503
7f611f51-33c4-5cb5-92fc-39a91f637b4c,ac6ebc26-74fb-5bbb-b23f-96ec5e04ac71,Gorter,GORTER,fantacalcio-it-quotazioni,408,Gorter,LECCE,exact,1.0,fantacalcio_it_id=7248
875b56d2-21a2-5dc8-95f6-133eccd8ef85,8c12b315-1b2f-5e89-9332-7a28b0acac47,Maleh,MALEH,fantacalcio-it-quotazioni,409,Maleh,LECCE,exact,1.0,fantacalcio_it_id=5457
a902938d-f722-5eb5-85c5-c75cecf2d718,ced96226-1220-5a3e-b599-19f6e13b9656,Musah,MUSAH,fantacalcio-it-quotazioni,410,Musah,MILAN,exact,1.0,fantacalcio_it_id=5295
6d62f6a4-b26d-51d9-9708-adb840460e8e,e189ff0a-cf2e-582a-a4b3-dc98496924b5,Colombo L.,COLOMBOL,fantacalcio-it-quotazioni,411,Colombo L.,MONZA,exact,1.0,fantacalcio_it_id=7477
22254f97-0628-51e6-ab6a-f22f3b0de402,cc70fff6-4ca0-59db-a1ea-badc72be6539,Gilmour,GILMOUR,fantacalcio-it-quotazioni,412,Gilmour,NAPOLI,exact,1.0,fantacalcio_it_id=5131
2e212e51-4845-52d2-a1f4-ebae77ee1748,35715968-bd13-5054-924d-adae383ee908,Ordonez C.,ORDONEZC,fantacalcio-it-quotazioni,413,Ordonez C.,PARMA,exact,1.0,fantacalcio_it_id=7138
f8655edb-1852-5f40-9b31-606d5893d501,3105434b-2888-5301-92a0-60379432fda8,Diallo O.,DIALLOO,fantacalcio-it-quotazioni,414,Diallo O.,PARMA,exact,1.0,fantacalcio_it_id=7536
90407a6f-8bca-5185-a3d5-0cd6b308c3ba,44202792-a4ef-5b0c-8f61-1138d9609442,Aboukhlal,ABOUKHLAL,fantacalcio-it-quotazioni,415,Aboukhlal,TORINO,exact,1.0,fantacalcio_it_id=7183
42cd0ffc-b1aa-5658-89fd-eb00a19b9731,afb83e69-b14a-5ec9-abb4-0a83c5b60488,Helgason,HELGASON,fantacalcio-it-quotazioni,416,Helgason,VENEZIA,exact,1.0,fantacalcio_it_id=5872
54321481-3c75-5e1a-b784-87510ba14067,c1e9bfd4-2bde-5355-b322-25c660070313,Gagliardini,GAGLIARDINI,fantacalcio-it-quotazioni,417,Gagliardini,CAGLIARI,exact,1.0,fantacalcio_it_id=801
76deccf2-c505-5244-a36f-717a783a2f1a,ebf206f5-02ab-5b25-ba5d-e7e62025b7ee,Fernandez T.,FERNANDEZT,fantacalcio-it-quotazioni,418,Fernandez T.,VENEZIA,exact,1.0,fantacalcio_it_id=7232
29fbb51d-36e3-5e30-be6c-448f6b320984,34f59f32-8cb8-5bea-971d-be5ee70cc7b9,El Azzouzi O.,ELAZZOUZIO,fantacalcio-it-quotazioni,419,El Azzouzi O.,BOLOGNA,exact,1.0,fantacalcio_it_id=6225
951b2ee0-e8ae-578d-a168-859a019182e7,4d8b6b3f-51cd-54db-9d7c-365fadf7d961,Fadera,FADERA,fantacalcio-it-quotazioni,420,Fadera,CAGLIARI,exact,1.0,fantacalcio_it_id=6815
304b330f-6b86-51c3-a72b-5ced2608ade5,abb229de-9196-5a4c-8faf-d15a78edc35b,Hasa,HASA,fantacalcio-it-quotazioni,421,Hasa,FROSINONE,exact,1.0,fantacalcio_it_id=6903
bb8ca3f0-4b46-5719-8add-6d4648f34dc2,b0bb3fc5-924a-5ed6-a4a0-d711f71be096,Venturino,VENTURINO,fantacalcio-it-quotazioni,422,Venturino,GENOA,exact,1.0,fantacalcio_it_id=6980
d4581596-271d-530a-83cf-8c3e4b7c5898,7c527c2f-3e68-5b70-bb89-ee8172b8560d,Belahyane,BELAHYANE,fantacalcio-it-quotazioni,423,Belahyane,LAZIO,exact,1.0,fantacalcio_it_id=6191
f1e43d85-9342-51e4-a916-54de3fbfe4b1,b4d3d8ee-85da-5d10-8d65-288578652923,Ciurria,CIURRIA,fantacalcio-it-quotazioni,424,Ciurria,MONZA,exact,1.0,fantacalcio_it_id=5880
8c96d79f-781a-5c18-9288-7d44f84b9595,c82658bd-d24c-5725-a5f2-022b807efa10,Cremaschi,CREMASCHI,fantacalcio-it-quotazioni,425,Cremaschi,PARMA,exact,1.0,fantacalcio_it_id=7276
d4bd89d8-ba97-5a5b-8cc9-5867e7a124ac,8e7c7738-b1ff-52a3-ab8e-e8ceda70c5a5,Boloca,BOLOCA,fantacalcio-it-quotazioni,426,Boloca,SASSUOLO,exact,1.0,fantacalcio_it_id=6219
64298297-af65-5a46-a961-1ad373c19e51,b36430e7-e631-5872-ba4f-c9cba6c1c278,Lipani,LIPANI,fantacalcio-it-quotazioni,427,Lipani,SASSUOLO,exact,1.0,fantacalcio_it_id=6246
f7d4202d-fd47-5939-8414-21edfa1f710a,d896452a-68bd-5120-ae85-eab30d67dc28,Zarraga,ZARRAGA,fantacalcio-it-quotazioni,428,Zarraga,UDINESE,exact,1.0,fantacalcio_it_id=6212
151c71cd-0415-5d68-9758-f20fd14f9543,b752b8d1-c83b-53d6-b432-bf914f945e5b,Chakvetadze,CHAKVETADZE,fantacalcio-it-quotazioni,429,Chakvetadze,UDINESE,exact,1.0,fantacalcio_it_id=7418
8f426ef4-c6de-5485-bbd2-f222b8f61f5d,c3c7dc6f-6d3f-5cf9-81ab-a77b6c3c34c0,Duncan,DUNCAN,fantacalcio-it-quotazioni,430,Duncan,VENEZIA,exact,1.0,fantacalcio_it_id=526
fb237d2d-b95e-5466-97ee-2ca10148e546,cb576d9d-0545-5141-bb0b-ebadf287a41f,Forson O.,FORSONO,fantacalcio-it-quotazioni,431,Forson O.,MONZA,exact,1.0,fantacalcio_it_id=6592
d5613cc3-882c-5ce2-9ffc-1ec7e143dd4f,2ba96b19-8089-5707-aeb8-49ae35fe3fba,Foe Ondoa,FOEONDOA,fantacalcio-it-quotazioni,432,Foe Ondoa,MONZA,exact,1.0,fantacalcio_it_id=7574
52b1dbae-219a-582d-be29-d5a4beee877b,10535b65-f1bc-5d06-b6c4-c85d4fa36b56,Jovanovic,JOVANOVIC,fantacalcio-it-quotazioni,433,Jovanovic,UDINESE,exact,1.0,fantacalcio_it_id=7092
e75b6d84-eb9b-5209-ad7f-7993aeef1179,56c57e88-3b00-5e00-b693-5a2c5fea47cc,Liteta,LITETA,fantacalcio-it-quotazioni,434,Liteta,CAGLIARI,exact,1.0,fantacalcio_it_id=7165
70c4f051-ad8c-5392-902c-0d8b3caff9da,1970e9a4-dc07-598b-b420-f173c196ac6b,Lahdo,LAHDO,fantacalcio-it-quotazioni,435,Lahdo,COMO,exact,1.0,fantacalcio_it_id=7357
08558926-18b0-50c3-a3d0-9731f0fd2510,ca8a5638-7e8e-543b-9afe-93d7293330ec,El Azzouzi A.,ELAZZOUZIA,fantacalcio-it-quotazioni,436,El Azzouzi A.,FROSINONE,exact,1.0,fantacalcio_it_id=7456
710b8e48-5534-526e-b932-35c1ee709a16,860c2824-2b89-51a9-810b-aa73b6c7bbf9,Kone B.,KONEB,fantacalcio-it-quotazioni,437,Kone B.,FROSINONE,exact,1.0,fantacalcio_it_id=5725
0fe6090a-016f-5246-b2cf-3698e717cf11,7e65a324-f83a-5133-bb2c-9c26900ce2ed,Przyborek,PRZYBOREK,fantacalcio-it-quotazioni,438,Przyborek,LAZIO,exact,1.0,fantacalcio_it_id=7345
26fc94b4-e7a4-5ebb-8950-e67d59c5a06f,e72fc633-5ab6-50ab-acf3-e46af57bbe9b,Kaba,KABA,fantacalcio-it-quotazioni,439,Kaba,LECCE,exact,1.0,fantacalcio_it_id=6410
f4a07c8e-cd52-5816-ae0c-c97d5b7fa13d,83916522-1480-56c2-a71e-a003b5056465,Fofana Sa.,FOFANASA,fantacalcio-it-quotazioni,440,Fofana Sa.,LECCE,exact,1.0,fantacalcio_it_id=7319
576643fc-ccc0-5344-9244-6b1be37ac3cc,c527651f-1f42-5fa6-8d79-cd9310b5dc92,Ilic,ILIC,fantacalcio-it-quotazioni,441,Ilic,LECCE,exact,1.0,fantacalcio_it_id=5007
6e4d4011-3b8c-584c-a22d-52fb4ecfdd95,8ec24093-ed1d-593e-856f-7fe09c533d16,Dagasso,DAGASSO,fantacalcio-it-quotazioni,442,Dagasso,VENEZIA,exact,1.0,fantacalcio_it_id=7481
e946885b-8b8f-5fff-9fbe-5b3b8c3e6f69,ef0f8c7f-84b7-59f6-9b95-b9032b4d3359,Laerke,LAERKE,fantacalcio-it-quotazioni,443,Laerke,LECCE,exact,1.0,fantacalcio_it_id=7571
4b24bbbf-4f81-5f27-942f-2df5aecc28fe,e595a29e-2a83-5088-b62f-cf51b50fbbbc,Comotto,COMOTTO,fantacalcio-it-quotazioni,444,Comotto,MILAN,exact,1.0,fantacalcio_it_id=7572
bf627973-f92a-5bc3-9b38-4cae4dea8278,213f66fc-4d86-5c9b-ac1b-ab89bf2edf67,Mout,MOUT,fantacalcio-it-quotazioni,445,Mout,MONZA,exact,1.0,fantacalcio_it_id=7575
99a987a5-4c74-52e8-a0ff-726ecad0bd50,931a8b55-f1a8-53f1-9d22-24385451ae2b,Ciervo,CIERVO,fantacalcio-it-quotazioni,446,Ciervo,CAGLIARI,exact,1.0,fantacalcio_it_id=5462
e386d766-5764-55fa-bf27-24bce90e05df,f19b8af5-15f4-57cd-8555-b44f52925ff6,Sierro,SIERRO,fantacalcio-it-quotazioni,447,Sierro,PARMA,exact,1.0,fantacalcio_it_id=7628
a298aa5a-dd19-5d92-a17e-ccf9ba6663b8,f466e9cf-6c05-5fc1-9791-3fe353f314e6,Malen,MALEN,fantacalcio-it-quotazioni,448,Malen,ROMA,exact,1.0,fantacalcio_it_id=5585
18183ad5-d629-5f79-9680-d2dfabee1924,f454a09a-827f-5e6b-9a00-a78ba92a5d2d,Martinez L.,MARTINEZL,fantacalcio-it-quotazioni,449,Martinez L.,INTER,exact,1.0,fantacalcio_it_id=2764
6c41ae90-97d7-5804-b5f6-60c75bba8403,b35d3c40-1c2c-5521-b093-31463bbe7020,Thuram,THURAM,fantacalcio-it-quotazioni,450,Thuram,INTER,exact,1.0,fantacalcio_it_id=4871
3677a886-2fbe-592c-b164-5be90fdb1228,22a68c44-7c6f-527a-bd6c-3be0b7cb7b61,Hojlund,HOJLUND,fantacalcio-it-quotazioni,451,Hojlund,NAPOLI,exact,1.0,fantacalcio_it_id=6052
06e65c17-233d-56a7-a035-61957293317b,81a19374-3148-5175-9c29-086672da9908,Ramos G.,RAMOSG,fantacalcio-it-quotazioni,452,Ramos G.,MILAN,exact,1.0,fantacalcio_it_id=6397
f276a684-d2c7-554f-bafa-d5b69e6c07d1,c9dc905f-0616-5a17-adde-fca48fc6788e,Kolo Muani,KOLOMUANI,fantacalcio-it-quotazioni,453,Kolo Muani,JUVENTUS,exact,1.0,fantacalcio_it_id=5951
6629f8b9-7ca1-55e8-a03f-379140d1e1ef,299f04c4-38ee-5e64-a1c6-e3f858e13a9a,Kean,KEAN,fantacalcio-it-quotazioni,454,Kean,COMO,exact,1.0,fantacalcio_it_id=2097
5772ca9f-bbbd-50df-adf4-316c4890906b,d2053735-6842-516a-ba36-1fe8ac58b1eb,Woltemade,WOLTEMADE,fantacalcio-it-quotazioni,455,Woltemade,JUVENTUS,exact,1.0,fantacalcio_it_id=6752
07fc46ae-ca87-5c6f-90ba-3bc5ddbddd02,d26cfe03-037b-521b-bbcd-cd0df8ed4794,Douvikas,DOUVIKAS,fantacalcio-it-quotazioni,456,Douvikas,COMO,exact,1.0,fantacalcio_it_id=7017
4592e424-618d-5a5f-9a19-cfa133c2ac3b,89c46f44-8328-56ca-b724-66235f993858,Yildiz,YILDIZ,fantacalcio-it-quotazioni,457,Yildiz,JUVENTUS,exact,1.0,fantacalcio_it_id=6434
685c6ca2-7432-5ed8-bb80-2bd52ce9cf1e,e8723912-ff5e-5151-a54a-506232a6347c,Scamacca,SCAMACCA,fantacalcio-it-quotazioni,458,Scamacca,ATALANTA,exact,1.0,fantacalcio_it_id=2137
03b26f03-1c60-5c59-baf7-1ff898b93023,2edb2c83-1d34-5c46-9f6b-2098ffdcdc70,Berardi,BERARDI,fantacalcio-it-quotazioni,459,Berardi,SASSUOLO,exact,1.0,fantacalcio_it_id=531
0e4d836f-ccfa-5d1d-bbe4-b0161f482809,d37107da-4273-502c-9ae2-9e916d988dc9,Davis K.,DAVISK,fantacalcio-it-quotazioni,460,Davis K.,UDINESE,exact,1.0,fantacalcio_it_id=5637
0fdccbb7-15c4-5494-bac1-6b83f33ae7b6,836ba970-bfd8-5008-90eb-bed2cc2c3652,Krstovic,KRSTOVIC,fantacalcio-it-quotazioni,461,Krstovic,ATALANTA,exact,1.0,fantacalcio_it_id=6435
5c1c597e-e4e1-551e-95d9-b1db02a31f4b,2fa1c2fe-4b91-53a7-92dd-26ae1338a887,De Ketelaere,DEKETELAERE,fantacalcio-it-quotazioni,462,De Ketelaere,ATALANTA,exact,1.0,fantacalcio_it_id=5995
b2ebac7d-b39f-52bd-b6b2-7372fc066e8a,01040a65-ae6c-59f4-a322-dbd4fd41c522,Esposito F.P.,ESPOSITOFP,fantacalcio-it-quotazioni,463,Esposito F.P.,INTER,exact,1.0,fantacalcio_it_id=7071
3b8d0ee7-550b-5361-a988-98c7aa700273,39fa1860-e14a-5061-87ae-3ce6ce54d0d9,Dybala,DYBALA,fantacalcio-it-quotazioni,464,Dybala,ROMA,exact,1.0,fantacalcio_it_id=309
37a440d7-873b-5e1f-8f16-f075ee9b955a,48bae933-7437-5e06-b658-9a2a6886ea7c,Dovbyk,DOVBYK,fantacalcio-it-quotazioni,465,Dovbyk,BOLOGNA,exact,1.0,fantacalcio_it_id=6675
2b85a9c0-a080-5f72-813b-da6284fd4f7d,77d890b6-14b8-52af-bfae-47f76182d5f6,Laurientè,LAURIENTE,fantacalcio-it-quotazioni,466,Laurientè,SASSUOLO,exact,1.0,fantacalcio_it_id=6060
2f2d81fe-6dc6-50f6-ad31-ece08cc6c38f,1e8801f9-fee9-5567-bda0-f11580e8f01d,Raspadori,RASPADORI,fantacalcio-it-quotazioni,467,Raspadori,ATALANTA,exact,1.0,fantacalcio_it_id=4371
1eec0b87-ce07-5c59-a66b-91113218f070,5887864b-eaed-5647-84b4-3ad17bcb7bc0,Santos A.,SANTOSA,fantacalcio-it-quotazioni,468,Santos A.,NAPOLI,exact,1.0,fantacalcio_it_id=7351
44de58c4-a3cd-5851-a536-ded9da42b99b,9b3f6734-5348-58c7-bbf1-3307cc074142,Pellegrino M.,PELLEGRINOM,fantacalcio-it-quotazioni,469,Pellegrino M.,FIORENTINA,exact,1.0,fantacalcio_it_id=7023
16271668-4af6-5478-b092-2d98d460e948,c0a2f1df-991b-5dc2-97af-15c7dcceced0,Castro S.,CASTROS,fantacalcio-it-quotazioni,470,Castro S.,ROMA,exact,1.0,fantacalcio_it_id=6572
164c8b44-585b-503d-b50b-318c5619da0c,b1de4b88-9c06-5d65-9f43-36cf9f64796a,Simeone,SIMEONE,fantacalcio-it-quotazioni,471,Simeone,TORINO,exact,1.0,fantacalcio_it_id=2061
6977c3f5-6a72-5e76-86f0-c18f03c342b9,1409bf4c-1729-58da-a276-500de0f74e68,Beto,BETO,fantacalcio-it-quotazioni,472,Beto,FIORENTINA,exact,1.0,fantacalcio_it_id=5694
cc0524b1-3a56-5d49-915f-a540b2b15d10,c5993b2d-67ac-5d81-be4f-c90b252ecc7f,Soulè,SOULE,fantacalcio-it-quotazioni,473,Soulè,ROMA,exact,1.0,fantacalcio_it_id=5734
eecb393e-0b44-5267-a2bf-352859fd0556,dd9e3dee-a9dd-535a-9194-14d55cb9940c,Esposito Se.,ESPOSITOSE,fantacalcio-it-quotazioni,474,Esposito Se.,SASSUOLO,exact,1.0,fantacalcio_it_id=4463
6a40528b-951a-5bf9-8336-820d69a142b7,33558ee0-d5dd-5459-930a-a6000a32c73b,Diao,DIAO,fantacalcio-it-quotazioni,475,Diao,COMO,exact,1.0,fantacalcio_it_id=6967
1450dd5f-690a-5580-8f0c-2dbd1c4800c7,7e061269-465c-5180-83d1-afb880cfccab,Pinamonti,PINAMONTI,fantacalcio-it-quotazioni,476,Pinamonti,LAZIO,exact,1.0,fantacalcio_it_id=2038
ae704733-8ef3-54e6-a1e2-b05d75a7a289,9c64eb3e-04e5-5d4c-96a0-4e40d3ba67b2,Kevin Carlos,KEVINCARLOS,fantacalcio-it-quotazioni,477,Kevin Carlos,CAGLIARI,exact,1.0,fantacalcio_it_id=7547
0f776ccc-5526-5626-ba03-8fe9b7cdab1e,7a9afde9-80e2-5c9f-b32e-aab9f9214fc1,Colombo,COLOMBO,fantacalcio-it-quotazioni,478,Colombo,GENOA,exact,1.0,fantacalcio_it_id=4923
c251f016-229f-5edf-a573-0542d328542f,00ed29a2-be58-5f34-b6ca-4ea5663473d1,Adams A.,ADAMSA,fantacalcio-it-quotazioni,479,Adams A.,VENEZIA,exact,1.0,fantacalcio_it_id=7484
10010bab-d7b6-59e3-b121-2c7d73e190c7,4d1ddfbc-131f-5fb8-8219-36fa97eb7f5d,Adams C.,ADAMSC,fantacalcio-it-quotazioni,480,Adams C.,TORINO,exact,1.0,fantacalcio_it_id=6646
39699c94-92eb-5842-8ab8-5f9943acb801,08919d7b-5d16-5343-9aca-d65d0ce9b2c1,Tourè E.,TOUREE,fantacalcio-it-quotazioni,481,Tourè E.,PARMA,exact,1.0,fantacalcio_it_id=6229
244bf0f5-c398-5e81-967e-340e7c5f969c,0391cca0-e2b6-5a8a-9e15-10426bcd7f44,Romero D.,ROMEROD,fantacalcio-it-quotazioni,482,Romero D.,PARMA,exact,1.0,fantacalcio_it_id=7554
2bbbf41b-a13d-5d0e-b810-4ea79a506d75,3f6abb70-deb4-5320-995d-00ce9d1c3ef3,Raimondo,RAIMONDO,fantacalcio-it-quotazioni,483,Raimondo,FROSINONE,exact,1.0,fantacalcio_it_id=5436
c8098f9a-3e3c-5237-8ec9-ef4fc7341375,09650e8e-340b-52be-ad4d-7a7dd337b681,Cutrone,CUTRONE,fantacalcio-it-quotazioni,484,Cutrone,MONZA,exact,1.0,fantacalcio_it_id=2155
79fc904a-efe8-5187-a0cf-4f36e7e4d783,6132a17a-ed7a-58f4-ad31-9eaf2b0f9e7c,Bowie,BOWIE,fantacalcio-it-quotazioni,485,Bowie,SASSUOLO,exact,1.0,fantacalcio_it_id=7347
dfc2c8ce-4ea0-51df-b69a-beba8dd1c50c,cb308558-85ac-5cec-bcc8-5e577926e85b,Yeboah J.,YEBOAHJ,fantacalcio-it-quotazioni,486,Yeboah J.,VENEZIA,exact,1.0,fantacalcio_it_id=6904
677df0be-7381-5ce3-aab9-a6004bd23437,4ac09863-8fe3-51ef-bd80-c195cc305386,Bobcek,BOBCEK,fantacalcio-it-quotazioni,487,Bobcek,FROSINONE,exact,1.0,fantacalcio_it_id=7612
5c385604-c597-50ec-800f-78c700c4997d,05d8bed9-6b5e-5a8a-8a08-23f29e3f826b,Piccoli,PICCOLI,fantacalcio-it-quotazioni,488,Piccoli,BOLOGNA,exact,1.0,fantacalcio_it_id=4359
141a29a1-e648-5b39-bc4e-25caa5364224,fbb865ab-30fa-55b3-a35a-08ef1c84df8b,Ghedjemis,GHEDJEMIS,fantacalcio-it-quotazioni,489,Ghedjemis,FROSINONE,exact,1.0,fantacalcio_it_id=6530
bce822e5-d764-50b5-b95a-75ffb67af13b,808c7ba9-a34d-5a2a-8705-d1790caff7af,Vitinha O.,VITINHAO,fantacalcio-it-quotazioni,490,Vitinha O.,GENOA,exact,1.0,fantacalcio_it_id=6164
2ab5f624-41df-5197-aabd-bcbe57f256ae,3619e2c5-3778-5cb8-bfc5-3594acf3f519,Geubbels,GEUBBELS,fantacalcio-it-quotazioni,491,Geubbels,LECCE,exact,1.0,fantacalcio_it_id=5029
89d5ddb3-0ffd-50a0-928b-e6fb33295f60,7074a0de-6120-5004-a34d-d45cc5f05a75,Osmajic,OSMAJIC,fantacalcio-it-quotazioni,492,Osmajic,GENOA,exact,1.0,fantacalcio_it_id=7600
bbb721d0-9c20-5d41-b176-fdc606761452,16acde62-5fb6-5481-93d8-884e7a571a8f,Bonny,BONNY,fantacalcio-it-quotazioni,493,Bonny,INTER,exact,1.0,fantacalcio_it_id=6669
8c00af11-47fe-50af-9552-a09a644efc0c,1a7369fe-0fff-5f73-ac73-8d4a852ae526,Boga,BOGA,fantacalcio-it-quotazioni,494,Boga,JUVENTUS,exact,1.0,fantacalcio_it_id=2832
8a3a04cb-1e39-51d4-a5cf-9142c6599dee,7872a629-1ccf-57ca-a090-583be1e7cc33,Varela G.,VARELAG,fantacalcio-it-quotazioni,495,Varela G.,MONZA,exact,1.0,fantacalcio_it_id=7523
c99a9c93-15b0-59df-b088-afc325377a94,78ccda9e-4888-5441-b417-0091dff52d71,Rrahmani Al.,RRAHMANIAL,fantacalcio-it-quotazioni,496,Rrahmani Al.,VENEZIA,exact,1.0,fantacalcio_it_id=7449
9756f436-fed1-5107-89f0-ebb20485472f,b04cb7d8-a6be-55ae-8644-15435456eae4,Gnonto,GNONTO,fantacalcio-it-quotazioni,497,Gnonto,FIORENTINA,exact,1.0,fantacalcio_it_id=7623
6fe56a14-3a2c-5cbd-9e34-e6fbafe0f5fc,000b6b8b-18fe-5e6d-b11e-4708982147f1,Sulemana K.,SULEMANAK,fantacalcio-it-quotazioni,498,Sulemana K.,ATALANTA,exact,1.0,fantacalcio_it_id=5918
433eb210-a930-518f-a42d-7779ea614fa9,0415ec53-0228-5ff7-8a2d-7f13a387e719,Kvernadze,KVERNADZE,fantacalcio-it-quotazioni,499,Kvernadze,FROSINONE,exact,1.0,fantacalcio_it_id=6204
052f006b-b2c1-537d-b294-8f97b1dd28cd,a16f1e6f-e094-54f3-9b4b-692596f4301b,Noslin,NOSLIN,fantacalcio-it-quotazioni,500,Noslin,LAZIO,exact,1.0,fantacalcio_it_id=6556
c5d4df9e-0d5c-5db4-adc6-8bf8e9fa705a,23845d31-45b1-5656-892d-34d4f50aa44c,Stulic,STULIC,fantacalcio-it-quotazioni,501,Stulic,LECCE,exact,1.0,fantacalcio_it_id=7252
bccb1086-9541-54d2-8242-3a9d5d979a5c,084deed7-c910-5654-998a-bd7ccd10ca8c,Neres,NERES,fantacalcio-it-quotazioni,502,Neres,NAPOLI,exact,1.0,fantacalcio_it_id=6831
a462e33d-2db6-56fa-97f9-d71c30b54a11,ccaaeeb9-80c7-5403-8dd5-d35815cc09af,Zapata D.,ZAPATAD,fantacalcio-it-quotazioni,503,Zapata D.,TORINO,exact,1.0,fantacalcio_it_id=608
76616d95-78eb-5fcd-9769-f25d3af2e6c5,bc0e4431-8d9a-573f-bbf4-0ae7b1d27c3e,Zeballos,ZEBALLOS,fantacalcio-it-quotazioni,504,Zeballos,MONZA,exact,1.0,fantacalcio_it_id=7620
dfc9167a-2d19-5cc6-9414-fac94e4e61be,de99400b-1797-5965-be46-baac563cc4b1,Maldini,MALDINI,fantacalcio-it-quotazioni,505,Maldini,CAGLIARI,exact,1.0,fantacalcio_it_id=4896
a1d18d18-7c9d-52fb-a662-49ef7c3e2793,3727b481-6a24-51ca-a1c4-b2d0e9c9abda,Birligea,BIRLIGEA,fantacalcio-it-quotazioni,506,Birligea,FROSINONE,exact,1.0,fantacalcio_it_id=7610
c4b5f8b5-26bf-5147-8e4a-0bb515ba2e7c,e7040afb-d689-50a8-92ff-2ae72b629015,Ngonge,NGONGE,fantacalcio-it-quotazioni,507,Ngonge,MONZA,exact,1.0,fantacalcio_it_id=6145
8425f315-07df-5006-ac70-597510e45d3d,e6667788-015e-5da4-9fa7-c38ef986b839,Mendy P.,MENDYP,fantacalcio-it-quotazioni,508,Mendy P.,CAGLIARI,exact,1.0,fantacalcio_it_id=7374
005f8eb9-7125-5cc5-81fb-4632e0e1dfc1,9eaa7fe4-8524-572e-8687-dd441911a31b,Havel,HAVEL,fantacalcio-it-quotazioni,509,Havel,GENOA,exact,1.0,fantacalcio_it_id=7453
5ff74353-db8c-54a1-97ae-375b66730afd,8f590144-12f5-5985-a0a9-724ac1279e7b,N'Dri,NDRI,fantacalcio-it-quotazioni,510,N'Dri,LECCE,exact,1.0,fantacalcio_it_id=7001
25fc0e8a-cb2d-5b25-963d-9e9888d47ee4,8fe789a7-9ec7-53c9-a268-1ee56504b50c,Camarda,CAMARDA,fantacalcio-it-quotazioni,511,Camarda,MILAN,exact,1.0,fantacalcio_it_id=6519
fe4181e0-4491-5208-ad8f-8f38de9178a5,ceeae955-5996-54af-a29c-7aba82fd02dc,Mota,MOTA,fantacalcio-it-quotazioni,512,Mota,MONZA,exact,1.0,fantacalcio_it_id=5882
fe2be035-30ea-54bf-8f33-0c95f175d6d1,991c3d92-7669-5658-990f-ee35a3a48fae,Giovane,GIOVANE,fantacalcio-it-quotazioni,513,Giovane,NAPOLI,exact,1.0,fantacalcio_it_id=7162
189af3b1-a3c1-592a-94b9-dedbb2323f60,83273265-d0f1-56e2-80a2-d06f7cccca93,Lang,LANG,fantacalcio-it-quotazioni,514,Lang,NAPOLI,exact,1.0,fantacalcio_it_id=7120
0475f46d-83b8-5497-a3ae-5476657a3de5,f88984eb-9743-55b4-a30a-99a44ae8b03f,Lucca,LUCCA,fantacalcio-it-quotazioni,515,Lucca,NAPOLI,exact,1.0,fantacalcio_it_id=6215
ccefe9de-f36a-514f-859c-1e78e2bb1eca,8c083867-90ea-5a34-bec6-84d030d3c4e4,Frigan,FRIGAN,fantacalcio-it-quotazioni,516,Frigan,PARMA,exact,1.0,fantacalcio_it_id=7213
edc41df5-904d-5869-a4a8-ad1bcba92aa9,e079ba02-5b02-587f-a348-5a3e29c968ed,Kulenovic,KULENOVIC,fantacalcio-it-quotazioni,517,Kulenovic,TORINO,exact,1.0,fantacalcio_it_id=7349
eb989d36-c5da-5fef-ad00-2f522a65787b,88a2b16e-6592-5751-adef-c470d8c20207,Gueye,GUEYE,fantacalcio-it-quotazioni,518,Gueye,UDINESE,exact,1.0,fantacalcio_it_id=7272
20140e02-34b9-5ede-9976-110793bbdd93,85640051-d17a-58c9-bea1-074bab51196a,Adorante,ADORANTE,fantacalcio-it-quotazioni,519,Adorante,VENEZIA,exact,1.0,fantacalcio_it_id=4387
bc8acd5b-8c9d-554a-b0aa-38a8e581eec2,4254f1b2-dc71-56e3-9a47-3fa003ecf2da,Robinson J.,ROBINSONJ,fantacalcio-it-quotazioni,520,Robinson J.,MONZA,exact,1.0,fantacalcio_it_id=7546
9fcc6cbe-9786-54c7-91ec-ff039b9a4aa4,79376bd2-bd82-5161-9e75-7407af4b54a1,Milik,MILIK,fantacalcio-it-quotazioni,521,Milik,JUVENTUS,exact,1.0,fantacalcio_it_id=2012
952bd121-11f5-519f-8dcd-63e0a01aaeca,71e2e55f-d8b3-505d-8551-a2b20c327f75,Fatah,FATAH,fantacalcio-it-quotazioni,522,Fatah,LECCE,exact,1.0,fantacalcio_it_id=7602
375017e7-acc7-5172-afaf-c47479876671,56d2bff4-c53d-58f9-8cfd-6fb52a9c4b43,Nzola,NZOLA,fantacalcio-it-quotazioni,523,Nzola,CAGLIARI,exact,1.0,fantacalcio_it_id=5336
809a7e2d-42fc-5749-b7d2-12006e44f0f5,55a3e5df-1d76-5516-a76f-d10496475bd6,Ekhator,EKHATOR,fantacalcio-it-quotazioni,524,Ekhator,JUVENTUS,exact,1.0,fantacalcio_it_id=6822
05694329-74bf-509e-89dc-514b452ca18e,335bbe12-ef2d-512f-b9c9-cb853373a98d,Elphege,ELPHEGE,fantacalcio-it-quotazioni,525,Elphege,PARMA,exact,1.0,fantacalcio_it_id=7342
c5599167-be80-5fee-aa04-4fcbe7822afb,87899dab-bc8e-52cc-9a48-5f3ecbb62cdb,Lontani,LONTANI,fantacalcio-it-quotazioni,526,Lontani,PARMA,exact,1.0,fantacalcio_it_id=7561
bdfecb09-254d-597a-b89a-570b2809e0e8,70052f8e-cf18-5734-87b5-6189a6f3208b,Enem,ENEM,fantacalcio-it-quotazioni,527,Enem,BOLOGNA,exact,1.0,fantacalcio_it_id=7627
d66a4b80-cf73-54f4-9e21-4c083ef10692,9d821e0d-31bb-5f2a-893c-eb8250d4e45a,Trepy,TREPY,fantacalcio-it-quotazioni,528,Trepy,CAGLIARI,exact,1.0,fantacalcio_it_id=7317
f6574042-a5e7-5851-81b8-85c83d44a915,c3f448e0-770a-5374-85d3-1ef70d758276,Bayo V.,BAYOV,fantacalcio-it-quotazioni,529,Bayo V.,UDINESE,exact,1.0,fantacalcio_it_id=7161
fee31acf-9ad7-5df0-a606-c09db6487957,4a8d01b6-6fc7-5342-a39b-a0880bda3734,Lisman,LISMAN,fantacalcio-it-quotazioni,530,Lisman,VENEZIA,exact,1.0,fantacalcio_it_id=7408
5848741a-99d2-5c38-8025-aa02791bf638,15b9d873-c61e-5df2-b7e2-bccc7fb74c10,Lauberbach,LAUBERBACH,fantacalcio-it-quotazioni,531,Lauberbach,VENEZIA,exact,1.0,fantacalcio_it_id=7482
8212980c-83f5-519e-86cc-f1e95eecfa37,75e9282c-f176-55c5-b3d9-27687590609a,De Martis,DEMARTIS,fantacalcio-it-quotazioni,532,De Martis,PARMA,exact,1.0,fantacalcio_it_id=7568
68721d0a-46e0-5d4f-af44-2934d0696d0e,20e867ac-ac90-5717-9671-3c5c2e7b8d3b,Robinho Junior,ROBINHOJUNIOR,fantacalcio-it-quotazioni,533,Robinho Junior,GENOA,exact,1.0,fantacalcio_it_id=7622
f855e056-9bca-57dd-853b-73a7640b50d3,f466e9cf-6c05-5fc1-9791-3fe353f314e6,MALENDonyell,MALENDONYELL,fantacalcio-online-csv,1,Malen,ROMA,exact,1.0,
884b4acd-520a-50c3-b537-7b6dc36e2ce0,f454a09a-827f-5e6b-9a00-a78ba92a5d2d,MARTINEZLautaro,MARTINEZLAUTARO,fantacalcio-online-csv,2,Martinez L.,INTER,exact,1.0,
77e74fb6-3c84-5afa-b849-b15d2b8ef8ef,22a68c44-7c6f-527a-bd6c-3be0b7cb7b61,HOJLUNDRasmus,HOJLUNDRASMUS,fantacalcio-online-csv,3,Hojlund,NAPOLI,exact,1.0,
df215ddc-896e-5ed0-b657-4ab230bb59e2,81a19374-3148-5175-9c29-086672da9908,RAMOSGoncalo Matias,RAMOSGONCALOMATIAS,fantacalcio-online-csv,4,Ramos G.,MILAN,exact,1.0,
d5bbd6bb-ce47-5c11-afc5-914ea37e1506,b35d3c40-1c2c-5521-b093-31463bbe7020,THURAMMarcus,THURAMMARCUS,fantacalcio-online-csv,5,Thuram,INTER,exact,1.0,
81809919-f4cc-5285-a506-fbd421931d49,c9dc905f-0616-5a17-adde-fca48fc6788e,KOLO MUANIRandal,KOLOMUANIRANDAL,fantacalcio-online-csv,6,Kolo Muani,JUVENTUS,exact,1.0,
51bd068b-a289-52d0-91f5-7c6b8f9b2ad2,17f1a76f-5307-516b-8310-47e2ebadefca,PAZNico,PAZNICO,fantacalcio-online-csv,7,Paz N.,COMO,exact,1.0,
f36ffd76-4635-553a-9a2a-0910574ed898,d2053735-6842-516a-ba36-1fe8ac58b1eb,WOLTEMADENick,WOLTEMADENICK,fantacalcio-online-csv,8,Woltemade,JUVENTUS,exact,1.0,
a6b31b2d-7c2e-573c-b21c-fb547079c963,71cbc518-b93b-505b-a585-29d68c7ab099,CALHANOGLUHakan,CALHANOGLUHAKAN,fantacalcio-online-csv,9,Calhanoglu,INTER,exact,1.0,
568beb21-9cf5-5a2c-a1d2-d80d1d0ebb30,299f04c4-38ee-5e64-a1c6-e3f858e13a9a,KEANMoise,KEANMOISE,fantacalcio-online-csv,10,Kean,COMO,exact,1.0,
285bbf5e-3c08-50b3-b11d-407f9ec74759,d26cfe03-037b-521b-bbcd-cd0df8ed4794,DOUVIKASTasos,DOUVIKASTASOS,fantacalcio-online-csv,11,Douvikas,COMO,exact,1.0,
43bd6e8a-1d3a-5297-906e-21b4e2762a45,217c34f3-21a3-50e4-9ad9-def8c9b9cf8d,MCTOMINAYScott,MCTOMINAYSCOTT,fantacalcio-online-csv,12,McTominay,NAPOLI,exact,1.0,
12a51ba1-9e29-538a-95ec-ab88c469dfe6,2f9201be-afe6-5363-ae47-bbac0c7e9276,PULISICChristian,PULISICCHRISTIAN,fantacalcio-online-csv,13,Pulisic,MILAN,exact,1.0,
dce4a36e-65c4-5be3-96e9-8c811d8b260d,89c46f44-8328-56ca-b724-66235f993858,YILDIZKenan,YILDIZKENAN,fantacalcio-online-csv,14,Yildiz,JUVENTUS,exact,1.0,
7ea2a95a-b64e-5f8e-a29c-349704b942c1,43f8ce1d-9273-5268-8b07-e6b88011d17a,BATURINAMartin,BATURINAMARTIN,fantacalcio-online-csv,15,Baturina,COMO,exact,1.0,
2246dd05-3e8b-5fa0-add3-b11649c5b636,686b01ef-f078-50b9-ba66-6983fbe9af24,ORSOLINIRiccardo,ORSOLINIRICCARDO,fantacalcio-online-csv,16,Orsolini,BOLOGNA,exact,1.0,
45bb383f-1711-58be-b05f-1946a80d32f0,e8723912-ff5e-5151-a54a-506232a6347c,SCAMACCAGianluca,SCAMACCAGIANLUCA,fantacalcio-online-csv,17,Scamacca,ATALANTA,exact,1.0,
963852bd-3d4b-549a-a5ef-6d64fbbcf656,2edb2c83-1d34-5c46-9f6b-2098ffdcdc70,BERARDIDomenico,BERARDIDOMENICO,fantacalcio-online-csv,18,Berardi,SASSUOLO,exact,1.0,
169ce0cb-6e98-5c2a-82ab-9f2f0a2f6193,d37107da-4273-502c-9ae2-9e916d988dc9,DAVISKeinan,DAVISKEINAN,fantacalcio-online-csv,19,Davis K.,UDINESE,exact,1.0,
88f5eb10-ef6a-5ede-af10-eaef9f0e86cc,0e7e939f-0174-5b16-aa41-4deb2ead471a,RABIOTAdrien,RABIOTADRIEN,fantacalcio-online-csv,20,Rabiot,MILAN,exact,1.0,
752e0a6e-4a79-563d-98f7-189dd4a014a9,fea0eb0e-ec0b-5ba6-87a6-80a83a386023,DE BRUYNEKevin,DEBRUYNEKEVIN,fantacalcio-online-csv,21,De Bruyne,NAPOLI,exact,1.0,
e3028893-4de9-5459-9057-f640d211a9e1,39fa1860-e14a-5061-87ae-3ce6ce54d0d9,DYBALAPaulo,DYBALAPAULO,fantacalcio-online-csv,22,Dybala,ROMA,exact,1.0,
ccce5cd0-27e5-5f52-9263-64d3c3c45901,836ba970-bfd8-5008-90eb-bed2cc2c3652,KRSTOVICNikola,KRSTOVICNIKOLA,fantacalcio-online-csv,23,Krstovic,ATALANTA,exact,1.0,
571c87ae-b0a2-587a-a805-e57b38629124,63eefcc1-5bce-5668-8c67-9d5e0415a92f,DIMARCOFederico,DIMARCOFEDERICO,fantacalcio-online-csv,24,Dimarco,INTER,exact,1.0,
8872e471-6eb6-57ac-a108-a1ecf40325e1,23868676-9368-53d8-a5f2-76780e5aaa67,LEAORafael,LEAORAFAEL,fantacalcio-online-csv,26,Leao,MILAN,fuzzy,0.9,"cognome univoco nel registro, squadra diversa (CSV='Estero' vs registro='Milan': probabile prestito/differenza fonte, non un merge di omonimi)"
8ab88b9c-2a31-596b-b070-9e101314a815,2fa1c2fe-4b91-53a7-92dd-26ae1338a887,DE KETELAERECharles,DEKETELAERECHARLES,fantacalcio-online-csv,27,De Ketelaere,ATALANTA,exact,1.0,
7de1b192-4aa2-51c5-8152-259efa4423a5,b1de4b88-9c06-5d65-9f43-36cf9f64796a,SIMEONEGiovanni,SIMEONEGIOVANNI,fantacalcio-online-csv,28,Simeone,TORINO,exact,1.0,
43beaac0-e1c9-52c5-befa-b260f95114c9,58a46468-eb82-5cb1-a7bc-a52df40f0441,ZANIOLONicolò,ZANIOLONICOLO,fantacalcio-online-csv,29,Zaniolo,UDINESE,exact,1.0,
e175dad7-9845-5391-81b0-470c86ef9125,a13c1b4d-bc4a-501e-8ec7-03a8c1f96d5c,BARELLANicolò,BARELLANICOLO,fantacalcio-online-csv,30,Barella,INTER,exact,1.0,
e60827c0-2385-533a-8c17-90adca0e6f03,c0a2f1df-991b-5dc2-97af-15c7dcceced0,CASTROSantiago,CASTROSANTIAGO,fantacalcio-online-csv,31,Castro S.,ROMA,exact,1.0,
0872350c-2043-501b-a046-520a7e05f002,77d890b6-14b8-52af-bfae-47f76182d5f6,LAURIENTEArmand,LAURIENTEARMAND,fantacalcio-online-csv,32,Laurientè,SASSUOLO,exact,1.0,
890e2fcd-cf35-561d-a3d5-d15a558d7c97,dd5bba76-df81-529a-9b06-6f2d309c708d,ZACCAGNIMattia,ZACCAGNIMATTIA,fantacalcio-online-csv,33,Zaccagni,LAZIO,exact,1.0,
001dfe4d-a7f4-5e6f-8f94-e5abe9bd38aa,f3da0fa9-20dc-5748-8fa5-3faa7c1f38e1,DA CUNHALucas,DACUNHALUCAS,fantacalcio-online-csv,34,Da Cunha,COMO,exact,1.0,
f6b14844-a091-5c32-b1f7-54748b866dd5,7e061269-465c-5180-83d1-afb880cfccab,PINAMONTIAndrea,PINAMONTIANDREA,fantacalcio-online-csv,36,Pinamonti,LAZIO,exact,1.0,
a2ad6719-0cad-5320-b943-8bca88b450fd,1e8801f9-fee9-5567-bda0-f11580e8f01d,RASPADORIGiacomo,RASPADORIGIACOMO,fantacalcio-online-csv,37,Raspadori,ATALANTA,exact,1.0,
6b08f718-078e-58a0-9c39-6c624d5ca360,c5993b2d-67ac-5d81-be4f-c90b252ecc7f,SOULEMatias,SOULEMATIAS,fantacalcio-online-csv,38,Soulè,ROMA,exact,1.0,
a2f1f9e0-ce9e-596e-8c8e-ff9211d08ef2,fbfdc422-2eac-521d-b5af-4ed3e67cfa4f,BREMERGleison,BREMERGLEISON,fantacalcio-online-csv,39,Bremer,JUVENTUS,exact,1.0,
ec687b77-54ec-5d03-8225-197f8479d9ed,604055bd-94f5-5da0-a120-5dfeff1e00ed,MCKENNIEWeston,MCKENNIEWESTON,fantacalcio-online-csv,40,McKennie,JUVENTUS,exact,1.0,
e172a74d-955e-5e15-9326-5424af03c04f,e985a8b8-a299-593e-b535-7417423e339e,VLASICNikola,VLASICNIKOLA,fantacalcio-online-csv,41,Vlasic,TORINO,exact,1.0,
e2813457-7d0b-5766-9a7b-58efd1e095d1,48bae933-7437-5e06-b658-9a2a6886ea7c,DOVBYKArtem,DOVBYKARTEM,fantacalcio-online-csv,42,Dovbyk,BOLOGNA,exact,1.0,
7f150cb9-3e65-56e1-a12d-9e7dbfee7cba,3ea98651-01f9-5855-8e19-742c4c6c105c,GUDMUNDSSONAlbert,GUDMUNDSSONALBERT,fantacalcio-online-csv,43,Gudmundsson A.,LAZIO,exact,1.0,
a6da09b7-b077-5587-af89-521a81e62639,3d9ff417-292c-537a-b066-889c98345b52,NKUNKUChristopher2025/2026,NKUNKUCHRISTOPHER,fantacalcio-online-csv,44,Nkunku,MILAN,fuzzy,0.9,"cognome univoco nel registro, squadra diversa (CSV='Estero' vs registro='Milan': probabile prestito/differenza fonte, non un merge di omonimi)"
b050f1ce-46ed-5719-8608-d092bca76b45,2758540b-ef7b-5c42-a952-28c1632392eb,SVILARMile,SVILARMILE,fantacalcio-online-csv,45,Svilar,ROMA,exact,1.0,
292e00c7-7c23-5db5-9063-c655f6cd0449,1c544a48-a178-501c-88d8-8b7ead048beb,ATTAArthur,ATTAARTHUR,fantacalcio-online-csv,46,Atta,FIORENTINA,exact,1.0,
de3629a0-b664-5061-b35f-9756dd698da1,b0fffe4b-2b25-52b9-9012-21b95c5272ca,CONCEICAOFernandes Francisco,CONCEICAOFERNANDESFRANCISCO,fantacalcio-online-csv,47,Conceicao,JUVENTUS,exact,1.0,
7991f871-faa0-5185-9571-7402e1ccd971,33558ee0-d5dd-5459-930a-a6000a32c73b,DIAOAssane,DIAOASSANE,fantacalcio-online-csv,48,Diao,COMO,exact,1.0,
b3ea3bd2-a6fa-5c1a-8cc9-7bc70ea250fb,dd9e3dee-a9dd-535a-9194-14d55cb9940c,ESPOSITO SSebastiano,ESPOSITOSSEBASTIANO,fantacalcio-online-csv,49,Esposito Se.,SASSUOLO,exact,1.0,
04d1c7d1-6911-5816-916b-fc4494ef2914,0ac37811-5b2c-57c1-9682-7993e1bfa542,MASTANTUONOFranco,MASTANTUONOFRANCO,fantacalcio-online-csv,50,Mastantuono,FIORENTINA,exact,1.0,
b46969a1-5abd-5131-ac98-503c36cd37d3,5450d751-aad1-5ed9-a745-53e57db1d406,WESLEYFrança Lima,WESLEYFRANCALIMA,fantacalcio-online-csv,51,Wesley,ROMA,exact,1.0,
13291525-ca11-526e-9ca0-917a06612675,562255e5-f3ef-5d98-bb67-5ab3b6ebf206,AKANJIManuel,AKANJIMANUEL,fantacalcio-online-csv,52,Akanji,INTER,exact,1.0,
2562eed2-ffa6-5656-88b1-b3a065201658,83ffec59-362d-5d04-bd58-083057b04b5b,BASTONIAlessandro,BASTONIALESSANDRO,fantacalcio-online-csv,53,Bastoni,INTER,exact,1.0,
85350690-f1f7-54b1-9a99-4b79c1a67cbd,1409bf4c-1729-58da-a276-500de0f74e68,BETO-,BETO,fantacalcio-online-csv,54,Beto,FIORENTINA,exact,1.0,
1af9423f-0acd-5e38-8872-65ad1722eaa7,cef9348a-c929-565c-a8b3-6536db51b5db,CARNESECCHIMarco,CARNESECCHIMARCO,fantacalcio-online-csv,55,Carnesecchi,ATALANTA,exact,1.0,
ffa5e691-51f0-518e-a81b-efe08dde2456,c041c50e-257e-51c2-94a9-d80e3b328d51,MANCINIGianluca,MANCINIGIANLUCA,fantacalcio-online-csv,57,Mancini,ROMA,exact,1.0,
3e4b7ce6-d509-5a5b-8510-788ca6918953,7ed18631-77f8-5f45-954f-3d82ec421c4f,MODRICLuka,MODRICLUKA,fantacalcio-online-csv,58,Modric,MILAN,exact,1.0,
76927182-e2f4-5722-b500-7f85e6fbce5d,da321cb8-128f-59af-a346-7bf7a49f06f4,MOLINANahuel,MOLINANAHUEL,fantacalcio-online-csv,59,Molina N.,ROMA,exact,1.0,
7ad0a251-4b40-5880-a27c-28f12623c2ed,c7dc1f19-bbbe-56f4-ba99-450f4fb0b858,SAMARDZICLazar,SAMARDZICLAZAR,fantacalcio-online-csv,60,Samardzic,ATALANTA,exact,1.0,
593f26eb-88f2-5eb4-84cc-2acec6ed60e5,d137528d-ec14-52cf-a955-24717e6866ea,ZIELINSKIPiotr,ZIELINSKIPIOTR,fantacalcio-online-csv,61,Zielinski,INTER,exact,1.0,
24f418c2-5ef2-5f38-8c30-8890db8e5bc4,aa026973-3c06-53c4-a075-95e5894d45f9,BISSECKYann Aurel,BISSECKYANNAUREL,fantacalcio-online-csv,62,Bisseck,INTER,exact,1.0,
8c4d4258-17bc-588c-827c-77ce14dc4017,7a9afde9-80e2-5c9f-b32e-aab9f9214fc1,COLOMBOLorenzo,COLOMBOLORENZO,fantacalcio-online-csv,63,Colombo,GENOA,exact,1.0,
8d303af1-baa7-55f9-9bf0-a98506167b3f,d8661b39-503e-513f-aa50-48341e7f313f,GONCALVESPedro António Pereira,GONCALVESPEDROANTONIOPEREIRA,fantacalcio-online-csv,64,Goncalves P.,FIORENTINA,exact,1.0,
a2f4ea26-d3fc-504b-b9c4-cc44dd86d3a2,ef95bb61-9274-5743-b9f1-b238aaaec23e,KONEManu,KONEMANU,fantacalcio-online-csv,65,Konè M.,ROMA,exact,1.0,
e136388b-708b-529c-9785-f38295290ef5,34663dfb-da77-5721-b376-c97b75a5130f,MAIGNANMike,MAIGNANMIKE,fantacalcio-online-csv,66,Maignan,MILAN,exact,1.0,
3eab4be2-9c9a-55a9-a4d4-4b743affa410,349468de-6081-5163-93d5-1c672fbe4123,MARTINEZJosep,MARTINEZJOSEP,fantacalcio-online-csv,67,Martinez Jo.,INTER,exact,1.0,
fe0a7342-f1c1-5aaf-a570-78528615b009,8a3932c4-b573-5b0f-871b-dc6a405773eb,PAVLOVICStrahinja,PAVLOVICSTRAHINJA,fantacalcio-online-csv,68,Pavlovic,MILAN,exact,1.0,
db1fd30e-246f-5748-8928-9d5b76a9dd77,3e29e540-5b6a-5bba-bf91-10d018f7424c,RODRIGUEZJesús,RODRIGUEZJESUS,fantacalcio-online-csv,69,Rodriguez Je.,COMO,exact,1.0,
005b6448-f348-5a09-959f-ff2c01eb15ee,b4e698cc-5b6d-545e-99a3-2328abcbba40,ROWEJonathan,ROWEJONATHAN,fantacalcio-online-csv,70,Rowe,ATALANTA,exact,1.0,
78c7ee78-08c9-5986-b4c5-7d1b189625f4,32ec7a2d-e015-58e3-9197-fe326ee86e1d,RRAHMANIAmir,RRAHMANIAMIR,fantacalcio-online-csv,71,Rrahmani,NAPOLI,exact,1.0,
c55c2a3d-2eb4-57cf-a16a-0999df19c690,93461120-7b51-51bc-98e5-6df876b3ded9,TAYLORKenneth,TAYLORKENNETH,fantacalcio-online-csv,72,Taylor K.,LAZIO,exact,1.0,
24a4f6c7-e832-5bd1-8ff6-6c1360e0c60a,3df6a2a0-5aa9-5b04-9f3b-fc13a00c2b92,VICARIOGuglielmo,VICARIOGUGLIELMO,fantacalcio-online-csv,73,Vicario,JUVENTUS,exact,1.0,
65bbc700-ab46-58d9-a529-b35ba34c675d,25a79c7d-bb68-51a6-a6d1-1ecbfac3d760,ALAJBEGOVICKerim-Sam,ALAJBEGOVICKERIMSAM,fantacalcio-online-csv,74,Alajbegovic,JUVENTUS,exact,1.0,
65461a63-89b3-553d-a80f-0072f068759f,fa064876-b843-5100-b9e0-d9e0722cfd37,BUTEZJean,BUTEZJEAN,fantacalcio-online-csv,75,Butez,COMO,exact,1.0,
ada7ca62-63e1-5b4d-aeb8-dc1999eb7da7,b43a0981-04ef-5e07-bc19-dfc1472d6970,DI LORENZOGiovanni,DILORENZOGIOVANNI,fantacalcio-online-csv,76,Di Lorenzo,NAPOLI,exact,1.0,
0409d7ec-1102-553c-9bb3-946ec1d214e9,fb140223-4b84-549a-b454-6dd52cfd5234,EKKELENKAMPJurgen,EKKELENKAMPJURGEN,fantacalcio-online-csv,77,Ekkelenkamp,UDINESE,exact,1.0,
75f9f103-65b1-5aea-b7bd-822f2b573fb7,b4a1875b-f92d-5f64-a2c4-b05489098397,KALULUPierre,KALULUPIERRE,fantacalcio-online-csv,78,Kalulu,JUVENTUS,exact,1.0,
e566d001-9158-5ae1-b3be-f47c3ecfef13,00053192-f134-5a6f-b01d-908d6371ffc4,LUKAKURomelu2025/2026,LUKAKUROMELU,fantacalcio-online-csv,79,Lukaku,NAPOLI,fuzzy,0.9,"cognome univoco nel registro, squadra diversa (CSV='Estero' vs registro='Napoli': probabile prestito/differenza fonte, non un merge di omonimi)"
876bcc0e-fbde-5630-a050-0c24615e2ac8,1cfc54ff-c071-50d6-a038-f174f541cd87,PELLEGRINILorenzo,PELLEGRINILORENZO,fantacalcio-online-csv,80,Pellegrini Lo.,ROMA,exact,1.0,
e5ca0eec-dc38-53b1-ad65-5dfb4dd0380f,a8672d87-3f77-5400-b7a5-0fb7b0535499,POLITANOMatteo,POLITANOMATTEO,fantacalcio-online-csv,81,Politano,NAPOLI,exact,1.0,
a360c92b-81e8-5237-9127-b6a2dad41390,4d1ddfbc-131f-5fb8-8219-36fa97eb7f5d,ADAMSChe,ADAMSCHE,fantacalcio-online-csv,82,Adams C.,TORINO,exact,1.0,
884864e9-775f-5d94-bc11-3e04f0756e05,6476950b-b829-5c94-a52b-c5bdf7fba88d,JONESCurtis,JONESCURTIS,fantacalcio-online-csv,85,Jones C.,INTER,exact,1.0,
ee00cf7b-d4ca-5203-9721-0ec556bd9bce,61b8eb0e-c1ed-5dea-9049-ccaf4ff28349,NDICKAEvan,NDICKAEVAN,fantacalcio-online-csv,86,N'Dicka,ROMA,exact,1.0,
ec1fa03d-1679-59eb-bda1-fcf6dce6a779,a8ad0c8d-57e9-5371-81db-022119ac4809,SAELEMAEKERSAlexis,SAELEMAEKERSALEXIS,fantacalcio-online-csv,87,Saelemaekers,MILAN,exact,1.0,
05e0ed51-b5fe-51e4-885e-afac9815504f,bcabb331-b9d3-515b-9f94-59db2b937121,SOLETOumar,SOLETOUMAR,fantacalcio-online-csv,88,Solet,UDINESE,exact,1.0,
93dc980a-fc51-5914-bc7d-d15056b406d3,5698c708-58e3-5459-b471-5a5ac7d55d41,BALDANZITommaso,BALDANZITOMMASO,fantacalcio-online-csv,89,Baldanzi,GENOA,exact,1.0,
350bf787-b3f2-52e7-a1c9-dc8d9e405502,569ce61a-7cc1-5e7e-893d-9e5306996939,DAVIDJonathan,DAVIDJONATHAN,fantacalcio-online-csv,90,David,JUVENTUS,fuzzy,0.9,"cognome univoco nel registro, squadra diversa (CSV='Estero' vs registro='Juventus': probabile prestito/differenza fonte, non un merge di omonimi)"
986d02f4-dfa0-51a9-8966-93d39c2f73e4,8fe6912b-8429-52b1-9534-a5cc05ac50d1,KESSIEFranck,KESSIEFRANCK,fantacalcio-online-csv,91,Kessiè,ATALANTA,exact,1.0,
e3089e64-b766-532e-bcc2-393a1f915430,7ac1e07c-e70b-56a0-b175-74eb23f7b217,PERRONEMaximo,PERRONEMAXIMO,fantacalcio-online-csv,92,Perrone,COMO,exact,1.0,
8adcf51d-cb95-5463-aa33-c0c073b5fc3e,3f6abb70-deb4-5320-995d-00ce9d1c3ef3,RAIMONDOAntonio,RAIMONDOANTONIO,fantacalcio-online-csv,93,Raimondo,FROSINONE,exact,1.0,
1ad7ed63-33d2-53e9-924a-47eb58ba0d8d,a7f943bc-6b35-5270-9baf-b47e3c274527,SPENCEDjed,SPENCEDJED,fantacalcio-online-csv,94,Spence,INTER,exact,1.0,
a97ff746-f828-5e19-924a-d3ae3b29b067,0266cacb-45ae-5ddc-8c08-5f482a428c59,STONESJohn,STONESJOHN,fantacalcio-online-csv,95,Stones,INTER,exact,1.0,
a04dec8d-1e6f-5d10-a56c-46c6a9a1ef9b,70fb165b-e4e1-5b09-8f4b-ef461e87200c,SUCICPetar,SUCICPETAR,fantacalcio-online-csv,96,Sucic P.,INTER,exact,1.0,
a12df76f-55e5-53aa-a721-d3ef704c08ed,a559f7ed-d91d-501d-b79a-7d83d197a168,THORSTVEDTKristian,THORSTVEDTKRISTIAN,fantacalcio-online-csv,97,Thorstvedt,SASSUOLO,exact,1.0,
ac0455f3-76ac-5f03-88f0-2f7f8e69c7cc,25e1e594-cba4-5e18-962a-4025ceafd1ec,THURAMKhéphren,THURAMKHEPHREN,fantacalcio-online-csv,98,Thuram K.,JUVENTUS,exact,1.0,
754689cd-7d8a-502e-84ff-1e88981b6cdd,6132a17a-ed7a-58f4-ad31-9eaf2b0f9e7c,BOWIEKieron,BOWIEKIERON,fantacalcio-online-csv,99,Bowie,SASSUOLO,exact,1.0,
0d9cddfa-766e-574a-b714-50b6e0300d7d,3f414e1d-944a-53f7-8018-967fe348ae5d,CASADEICesare,CASADEICESARE,fantacalcio-online-csv,100,Casadei,TORINO,exact,1.0,
4dd559ea-5944-53cf-b4e0-3ac7876cc3ec,de201baf-7f56-5503-82e7-f6e2a29de9dc,FRATTESIDavide,FRATTESIDAVIDE,fantacalcio-online-csv,101,Frattesi,LAZIO,exact,1.0,
201c4980-8469-53a8-930d-e0ceff00709b,60d40d18-7cdc-5b46-a78d-60d5df945340,GILAMario,GILAMARIO,fantacalcio-online-csv,102,Gila,MILAN,exact,1.0,
1a5323f8-f7fe-5068-9378-5870bf0e682d,a0e63140-637a-5a46-af1d-632aff71d952,HUTCHINSONOmari Giraud,HUTCHINSONOMARIGIRAUD,fantacalcio-online-csv,103,Hutchinson,MILAN,exact,1.0,
ea529403-d2a3-5834-a120-36493c90e63c,5cd4d7d1-adb6-5189-ad72-6d7894498961,PASALICMario,PASALICMARIO,fantacalcio-online-csv,104,Pasalic,ATALANTA,exact,1.0,
77c6b095-0a06-53da-8f38-c7b18c2cefdc,05d8bed9-6b5e-5a8a-8a08-23f29e3f826b,PICCOLIRoberto,PICCOLIROBERTO,fantacalcio-online-csv,105,Piccoli,BOLOGNA,exact,1.0,
4f2c54df-a63c-5b04-a945-fb66396aae52,597d3742-f800-5df2-abd3-d99928feba21,SCALVINIGiorgio,SCALVINIGIORGIO,fantacalcio-online-csv,106,Scalvini,ATALANTA,exact,1.0,
e0549708-3349-5e57-beb5-33c0e0a11e5c,808c7ba9-a34d-5a2a-8705-d1790caff7af,VITINHA-,VITINHA,fantacalcio-online-csv,107,Vitinha O.,GENOA,exact,1.0,
a8c7a298-010b-55a0-a194-c0f50f7dd6c1,cb308558-85ac-5cec-bcc8-5e577926e85b,YEBOAHJohn,YEBOAHJOHN,fantacalcio-online-csv,108,Yeboah J.,VENEZIA,exact,1.0,
3ee9e802-a8c8-5e96-8c9b-4f7cd40337c7,c1449d5b-d420-53ca-98bb-5eea7b1bfd3a,BERNARDESCHIFederico,BERNARDESCHIFEDERICO,fantacalcio-online-csv,110,Bernardeschi,BOLOGNA,exact,1.0,
1eda060c-530a-5eda-8612-6433664f137c,16acde62-5fb6-5481-93d8-884e7a571a8f,BONNYAnge-Yoan,BONNYANGEYOAN,fantacalcio-online-csv,111,Bonny,INTER,exact,1.0,
bd2e2a66-29de-5f74-8fa4-2f8a7ad8651e,52bbeff1-d3ee-5bae-9312-302088c24745,CAMBIASOAndrea,CAMBIASOANDREA,fantacalcio-online-csv,112,Cambiaso,JUVENTUS,exact,1.0,
52f9ba5f-f8b7-5926-aa05-2dcbc5e76641,e54f95fe-96c9-50f5-a34d-d8358de705ab,COLPANIAndrea,COLPANIANDREA,fantacalcio-online-csv,113,Colpani,MONZA,exact,1.0,
00a32c6e-f513-5e76-acfd-753d03a82574,06fbc7e2-0f53-5019-a842-08b25d796429,CRISTANTEBryan,CRISTANTEBRYAN,fantacalcio-online-csv,114,Cristante,ROMA,exact,1.0,
11f7f950-12ab-518d-a4c5-18dfb753968d,09650e8e-340b-52be-ad4d-7a7dd337b681,CUTRONEPatrick,CUTRONEPATRICK,fantacalcio-online-csv,115,Cutrone,MONZA,exact,1.0,
c39851b3-88e4-5aac-b439-02b2abdaf0c0,dad41fa7-59af-5b08-93bf-cdedd98076ac,ELMASEljif,ELMASELJIF,fantacalcio-online-csv,116,Elmas,ATALANTA,exact,1.0,
1600ccd1-3515-5f89-a210-ce0e54616b26,1dcfeeb3-de59-57d7-976a-ef96952a65d0,FAGIOLINicolo,FAGIOLINICOLO,fantacalcio-online-csv,117,Fagioli,FIORENTINA,exact,1.0,
2472e0f3-cebc-5518-b923-1f3341be9361,c8a5a9cc-0376-546e-b639-6f88531c6a2b,ISAKSENGustav,ISAKSENGUSTAV,fantacalcio-online-csv,118,Isaksen,LAZIO,exact,1.0,
7552513b-b9d8-5497-a550-7a4943b40e7a,5d2acaaa-15d7-5619-8786-acc9094962ab,LOBOTKAStanislav,LOBOTKASTANISLAV,fantacalcio-online-csv,119,Lobotka,NAPOLI,exact,1.0,
4ed2949f-bf00-5383-8f3f-5392919eaaca,24e91424-5f74-5bac-bd38-aac55516b95f,LOCATELLIManuel,LOCATELLIMANUEL,fantacalcio-online-csv,120,Locatelli,JUVENTUS,exact,1.0,
3c5ad117-b57a-545c-998e-e82b20d1f474,8a74585b-4096-5070-9f1e-262906d4345b,MANDRAGORARolando,MANDRAGORAROLANDO,fantacalcio-online-csv,121,Mandragora,TORINO,exact,1.0,
44089e7c-367d-5536-b94e-703f4ef324a1,de58134d-3354-540c-9626-e7d1b1528545,MERETAlex,MERETALEX,fantacalcio-online-csv,122,Meret,NAPOLI,exact,1.0,
73941227-9040-58a6-b5c9-2eda5f5407fb,3eb2d63c-711d-5bd9-9c82-dcc3035b5848,ODGAARDJens,ODGAARDJENS,fantacalcio-online-csv,123,Odgaard,BOLOGNA,exact,1.0,
4a844138-0a86-5588-b115-0d46ab79588a,514c10bd-48d4-5a1f-aac9-43fbe2688b2d,OSTIGARDLeo,OSTIGARDLEO,fantacalcio-online-csv,124,Ostigard,GENOA,exact,1.0,
8c190170-4939-5a3f-a838-22e812f48e07,865c4f60-78c0-5161-a753-ab6143b41c1b,RAMONJacobo,RAMONJACOBO,fantacalcio-online-csv,125,Ramon,COMO,exact,1.0,
50e2b8a7-3aba-529d-94db-2fd4bb83ba0a,23845d31-45b1-5656-892d-34d4f50aa44c,STULICNikola,STULICNIKOLA,fantacalcio-online-csv,126,Stulic,LECCE,exact,1.0,
38c0ddd4-64e1-5e3a-a31b-3091978dbfff,fe2fc395-af52-545a-ab41-5f5b06f21dcb,VERGARAAntonio,VERGARAANTONIO,fantacalcio-online-csv,127,Vergara,NAPOLI,exact,1.0,
523a0569-f5fd-539d-b799-55873f385882,bf8cff3e-1cd1-5a4e-80a0-ff76d25b2694,VOLPATOCristian,VOLPATOCRISTIAN,fantacalcio-online-csv,128,Volpato,SASSUOLO,exact,1.0,
99cb8fe8-4c95-57ea-ac17-a21010321163,ccaaeeb9-80c7-5403-8dd5-d35815cc09af,ZAPATADuvan,ZAPATADUVAN,fantacalcio-online-csv,129,Zapata D.,TORINO,exact,1.0,
60fe3059-4da1-5a85-b8ee-56d3f588ac4e,00ed29a2-be58-5f34-b6ca-4ea5663473d1,ADAMSAkor Jerome,ADAMSAKORJEROME,fantacalcio-online-csv,130,Adams A.,VENEZIA,exact,1.0,
939eee62-5bad-5471-b51b-a5438f6a5aae,01ec36df-0f23-5b4d-9121-2b38b98c38a9,BERNABEAdrian,BERNABEADRIAN,fantacalcio-online-csv,131,Bernabè,PARMA,exact,1.0,
edd9d13c-a07e-5182-a42a-521674a25672,f31f3ec5-5974-5198-b40e-7305978b5928,CAMBIAGHINicolo,CAMBIAGHINICOLO,fantacalcio-online-csv,132,Cambiaghi,BOLOGNA,exact,1.0,
506b1b4c-b55a-5f91-8a41-a369e4b217f3,921e57ef-5894-542c-84d0-86393f1c3a2e,CANCELLIERIMatteo,CANCELLIERIMATTEO,fantacalcio-online-csv,133,Cancellieri,LAZIO,exact,1.0,
779d1980-b197-51d7-86b5-7a149def0ec3,e4479da0-be41-56e6-acd4-bc6e4148105d,CHALOBAHTrevoh,CHALOBAHTREVOH,fantacalcio-online-csv,134,Chalobah T.,COMO,exact,1.0,
04329ecd-4f73-5d19-9f0e-9c6e3dca57eb,b9f77188-dc57-5d1e-be94-b1e2b3dd80d2,DIABoulaye,DIABOULAYE,fantacalcio-online-csv,135,Dia,LAZIO,fuzzy,0.9,"cognome univoco nel registro, squadra diversa (CSV='Estero' vs registro='Lazio': probabile prestito/differenza fonte, non un merge di omonimi)"
bf480e0e-5593-51af-9929-746afaf025c5,1a51675b-d038-5e8f-a83d-b2c913c22292,FERGUSONLewis,FERGUSONLEWIS,fantacalcio-online-csv,136,Ferguson,BOLOGNA,exact,1.0,
0b3e41e9-d43f-59dc-a039-cda281f55ad5,c631a93f-997a-5777-aa84-dc051badeafa,GAETANOGianluca,GAETANOGIANLUCA,fantacalcio-online-csv,137,Gaetano,ATALANTA,exact,1.0,
42132dde-f41f-5eda-a2bf-3d02eb209e6b,3cb6031d-79f1-5d3f-97a4-272684230b7c,HERMOSOMario,HERMOSOMARIO,fantacalcio-online-csv,138,Hermoso,ROMA,exact,1.0,
f918de74-df0a-5af1-800b-3edc84e6a0a3,9c64eb3e-04e5-5d4c-96a0-4e40d3ba67b2,KEVIN CARLOSOmoruyi Benjamin,KEVINCARLOSOMORUYIBENJAMIN,fantacalcio-online-csv,139,Kevin Carlos,CAGLIARI,exact,1.0,
69642ad8-58b8-5fdc-8d40-2c2d94456c7c,9b3f6734-5348-58c7-bbf1-3307cc074142,PELLEGRINOMateo,PELLEGRINOMATEO,fantacalcio-online-csv,140,Pellegrino M.,FIORENTINA,exact,1.0,
6605a799-15bf-52dc-aaf0-a44d105e0064,bd15256e-8bea-5da6-8e3c-b70e5d5c8fc2,RATKOVPetar,RATKOVPETAR,fantacalcio-online-csv,141,Ratkov,LAZIO,fuzzy,0.9,"cognome univoco nel registro, squadra diversa (CSV='Estero' vs registro='Lazio': probabile prestito/differenza fonte, non un merge di omonimi)"
732af6e1-da22-51a1-ad8f-4f6b20e3ba72,5887864b-eaed-5647-84b4-3ad17bcb7bc0,SANTOSAlisson,SANTOSALISSON,fantacalcio-online-csv,142,Santos A.,NAPOLI,exact,1.0,
f3ba704b-c77f-538c-92c4-3b5572a889fe,1f7e9936-2dd7-5f35-a078-fe717878600d,SCHMIDRomano,SCHMIDROMANO,fantacalcio-online-csv,143,Schmid,FROSINONE,exact,1.0,
6cb61ae1-afaf-5352-b35e-35df9027d0cd,e9cc7077-f72f-5bfb-9b14-33ade9ce40b0,SKORUPSKILukasz,SKORUPSKILUKASZ,fantacalcio-online-csv,144,Skorupski,BOLOGNA,exact,1.0,
7f4f003e-2fa8-5611-af71-b43e2065fdfb,fa2cd156-9c5c-59ab-9962-53aba8ad30d1,SOWDjibril,SOWDJIBRIL,fantacalcio-online-csv,145,Sow,GENOA,exact,1.0,
be03b9aa-3fa0-5ede-9881-1ea55a69ea72,1a7369fe-0fff-5f73-ac73-8d4a852ae526,BOGAJeremie,BOGAJEREMIE,fantacalcio-online-csv,146,Boga,JUVENTUS,exact,1.0,
04627b5a-5612-53c5-9891-199f9e6fb581,3b3fc09d-5d87-5751-b925-b5e033d4eab3,CALOGiacomo,CALOGIACOMO,fantacalcio-online-csv,147,Calò,FROSINONE,exact,1.0,
7996683b-8ac4-5f70-88d9-cea663544cca,25377d8c-3bea-559e-b40f-3b8bcc5717f6,CAPRILEElia,CAPRILEELIA,fantacalcio-online-csv,148,Caprile,CAGLIARI,exact,1.0,
1dc98657-c0a5-56a7-a004-15ab51aecd69,4fae29c9-fea2-585f-b53d-0fe0bf7f9c94,CAQUERETMaxence,CAQUERETMAXENCE,fantacalcio-online-csv,149,Caqueret,COMO,exact,1.0,
6f3a7afc-5332-5212-a171-916bd463441f,ae20b324-0e00-566d-8a21-883ad9ddd9ed,CHUKWUEZESamuel,CHUKWUEZESAMUEL,fantacalcio-online-csv,150,Chukwueze,MILAN,exact,1.0,
5f76bba9-2110-5aa7-9d57-b165c86848b0,0f69abb8-40c4-5f3c-a253-09320777fdd9,DALLINGAThijs2025/2026,DALLINGATHIJS,fantacalcio-online-csv,151,Dallinga,BOLOGNA,fuzzy,0.9,"cognome univoco nel registro, squadra diversa (CSV='Estero' vs registro='Bologna': probabile prestito/differenza fonte, non un merge di omonimi)"
9d54ae56-340e-56b2-b948-75f81c3ece3e,a06f94aa-7e28-5d67-b377-71f96d5826dc,DE GEADavid,DEGEADAVID,fantacalcio-online-csv,152,De Gea,FIORENTINA,exact,1.0,
c746560f-ef25-501b-9716-d6ef0327dc97,3619e2c5-3778-5cb8-bfc5-3594acf3f519,GEUBBELSWillem,GEUBBELSWILLEM,fantacalcio-online-csv,153,Geubbels,LECCE,exact,1.0,
5e5d5a92-fb24-5683-9505-9c4aaa1e6773,fbb865ab-30fa-55b3-a35a-08ef1c84df8b,GHEDJEMISFares,GHEDJEMISFARES,fantacalcio-online-csv,154,Ghedjemis,FROSINONE,exact,1.0,
228e14af-31e1-52f7-b8d9-e53105dc7463,d9d4c54e-7719-5376-9771-9638eb1e50c3,KAMARAHassane,KAMARAHASSANE,fantacalcio-online-csv,155,Kamara H.,UDINESE,exact,1.0,
db068147-e6e5-5b7d-852f-842da0847b75,a261eedf-f7b4-5ad6-a160-d6eebc6889bc,KONEIsmaël,KONEISMAEL,fantacalcio-online-csv,156,Konè I.,SASSUOLO,exact,1.0,
da5e4d1d-7e28-5f7b-a69f-75e2e1f12fef,084deed7-c910-5654-998a-bd7ccd10ca8c,NERESDavid Campos,NERESDAVIDCAMPOS,fantacalcio-online-csv,157,Neres,NAPOLI,exact,1.0,
97d10608-be34-5dcb-b935-56ec04ee4632,c0d89f52-2ec9-52a3-9ac4-eb9d3c4050a1,PISILLINiccolo,PISILLINICCOLO,fantacalcio-online-csv,158,Pisilli,ROMA,exact,1.0,
c198e0b2-34e3-5074-b91f-6c8a64976b7d,0391cca0-e2b6-5a8a-9e15-10426bcd7f44,ROMEROJosé David,ROMEROJOSEDAVID,fantacalcio-online-csv,159,Romero D.,PARMA,exact,1.0,
4d8e8345-03f7-5b75-bf09-9938f5846faf,b29469ce-f135-5f6b-8572-da9f773f9cbf,TIAGO GABRIELCoelho Oliveira,TIAGOGABRIELCOELHOOLIVEIRA,fantacalcio-online-csv,160,Tiago Gabriel,LECCE,exact,1.0,
986ff044-c309-5db1-825e-89fbc33953e0,4b7f6de3-8a6b-5c9b-9986-23d60bd7f979,UNAI GOMEZEtxebarria,UNAIGOMEZETXEBARRIA,fantacalcio-online-csv,161,Unai Gomez,UDINESE,exact,1.0,
48b002df-3e51-5595-8825-a4a2a27e6e77,0c1af21d-51be-5dbd-9b50-2d1f2dc94704,VASQUEZJohan,VASQUEZJOHAN,fantacalcio-online-csv,162,Vasquez,GENOA,exact,1.0,
218e9bd3-7e92-57d8-9d65-2175fc397662,fcc97452-5f13-58ea-bb7d-984dfaf1adc2,ZALEWSKINicola,ZALEWSKINICOLA,fantacalcio-online-csv,163,Zalewski,ATALANTA,exact,1.0,
79bdb878-897c-5811-93e7-7098441df143,239b888d-06de-5fbb-9c22-6d5ed7ef11a0,ZAPPACOSTADavide,ZAPPACOSTADAVIDE,fantacalcio-online-csv,164,Zappacosta,ATALANTA,exact,1.0,
4e813d38-1faf-508f-92b5-6cee9d14096c,a747e084-9a88-58ea-b2bb-f1497dd0b366,BARTESAGHIDavide,BARTESAGHIDAVIDE,fantacalcio-online-csv,165,Bartesaghi,MILAN,exact,1.0,
7e69caf8-e9f8-548e-b43c-3e358c7cc896,4ac09863-8fe3-51ef-bd80-c195cc305386,BOBCEKTomáš,BOBCEKTOMAS,fantacalcio-online-csv,166,Bobcek,FROSINONE,exact,1.0,
67a0d4c6-3289-53d7-bce5-3ac34582e6a4,b7c0be70-2610-50ba-a61c-4b13f4e039d9,BUONGIORNOAlessandro,BUONGIORNOALESSANDRO,fantacalcio-online-csv,167,Buongiorno,NAPOLI,exact,1.0,
c53e9df8-69b2-522e-aeed-3aaf0a1222a2,0973436d-c8f1-5209-ac84-4079d2e6d6a6,COMUZZOPietro,COMUZZOPIETRO,fantacalcio-online-csv,168,Comuzzo,TORINO,exact,1.0,
9919d415-d457-5012-9e76-bc218176b54d,089dd179-1097-5511-a25a-dbf22b411635,DI GREGORIOMichele2025/2026,DIGREGORIOMICHELE,fantacalcio-online-csv,169,Di Gregorio,JUVENTUS,fuzzy,0.9,"cognome univoco nel registro, squadra diversa (CSV='Estero' vs registro='Juventus': probabile prestito/differenza fonte, non un merge di omonimi)"
8f6e0bdf-7819-51b1-b947-fcfa8d358be9,2695549e-f20b-561a-b3ec-87316c772bac,DIEGO CARLOSSantos Silva,DIEGOCARLOSSANTOSSILVA,fantacalcio-online-csv,170,Diego Carlos,PARMA,exact,1.0,
eb7a2590-7777-5a54-b76d-89896c46d11d,9cf6a8c9-4378-566c-a592-e087d4a01ef8,DODO-,DODO,fantacalcio-online-csv,171,Dodò,FIORENTINA,exact,1.0,
196d212f-1b8f-5115-86e4-a07ba0f39599,44ee9d3b-0e0a-5c83-abbf-cb41dd00e8a6,DOEKHIDanilho,DOEKHIDANILHO,fantacalcio-online-csv,172,Doekhi,LAZIO,exact,1.0,
36808286-dd4a-5ffb-8906-3e86c66a0d74,4c445b48-5aaa-5955-aba8-337d7902dafc,FALCONEWladimiro,FALCONEWLADIMIRO,fantacalcio-online-csv,173,Falcone,LECCE,exact,1.0,
145c49ab-ffc6-53d1-b5a2-b7bb020170af,c8895f77-42ab-5699-be7b-5150a44c012a,FRENDRUPMorten,FRENDRUPMORTEN,fantacalcio-online-csv,174,Frendrup,GENOA,exact,1.0,
87d90660-00a0-57df-a894-4df047954968,700d8211-f872-587b-81e6-6be0619cb6a2,GABBIAMatteo,GABBIAMATTEO,fantacalcio-online-csv,175,Gabbia,MILAN,exact,1.0,
d68996f3-4cc6-5500-9c49-05a692de0602,39017816-5858-555a-a892-ab96ce175023,HIENIsak,HIENISAK,fantacalcio-online-csv,176,Hien,ATALANTA,exact,1.0,
ca118401-1639-5acd-aa60-9703310841dc,098ba44d-2f61-52c1-ab78-4c3860f4b2d7,KARLSTROMJesper,KARLSTROMJESPER,fantacalcio-online-csv,177,Karlstrom,UDINESE,exact,1.0,
5b23a57e-d8ab-5873-90e0-51cd90120717,11b62d7b-2c99-5abc-9368-fbcdcebb78b4,KEMPFMarc,KEMPFMARC,fantacalcio-online-csv,178,Kempf,COMO,exact,1.0,
6293a962-1e7c-5bd0-b8fb-cdeb345f27de,ae8e2421-af4f-5e75-a262-d11f94d7ceb3,KOOPMEINERSTeun,KOOPMEINERSTEUN,fantacalcio-online-csv,179,Koopmeiners,JUVENTUS,exact,1.0,
8544403a-a93f-5b1d-8f1c-42dda4af97b7,59f7d8c6-34fd-566f-82f3-2a0c9683ff09,MANDASChristos,MANDASCHRISTOS,fantacalcio-online-csv,180,Mandas,LAZIO,exact,1.0,
8c2ec1a1-cb32-5437-b9de-d4fec3a4ea42,b27699bc-8147-51e6-9c9f-4fc8108b3998,MIRANDAJuan,MIRANDAJUAN,fantacalcio-online-csv,181,Miranda J.,BOLOGNA,exact,1.0,
c3feb7bc-4c88-5d58-bca4-d4a6b5d2e038,569ee3ba-ea95-5ef2-b646-5931a8b98af5,MKHITARYANHenrikh,MKHITARYANHENRIKH,fantacalcio-online-csv,182,Mkhitaryan,INTER,exact,1.0,
3b8b7f90-554b-5504-8742-2601b270391d,064ec1ca-a024-524a-9f99-7afffa41fd00,NDOURCher,NDOURCHER,fantacalcio-online-csv,183,Ndour,FIORENTINA,exact,1.0,
674e2c88-6835-55b2-b609-105059cbbaa4,a16f1e6f-e094-54f3-9b4b-692596f4301b,NOSLINTijjani,NOSLINTIJJANI,fantacalcio-online-csv,184,Noslin,LAZIO,exact,1.0,
22a6d34e-f68b-557b-8c9b-9c0902d3449f,ffe27926-7b3b-5d1e-9541-fdd84124d43a,OKOYEMaduka,OKOYEMADUKA,fantacalcio-online-csv,185,Okoye,UDINESE,exact,1.0,
26ec3fa4-c664-5067-b3f8-c94f7eea37c6,72dd7043-19fd-54c2-b469-cc25bdc703c4,ORISTANIOGaetano Pio,ORISTANIOGAETANOPIO,fantacalcio-online-csv,186,Oristanio,TORINO,exact,1.0,
90b607cc-f5c8-55d3-9a35-9ef1e05c7487,a98b02e4-9fca-5cd4-801c-c9f096f9d120,PESSINAMatteo,PESSINAMATTEO,fantacalcio-online-csv,187,Pessina,MONZA,exact,1.0,
d2e45769-12e0-522e-b023-6363c9f03a8c,a838ed9b-0083-5cb3-9dc2-67d3f47b7079,PIEROTTISantiago,PIEROTTISANTIAGO,fantacalcio-online-csv,188,Pierotti,LECCE,exact,1.0,
19d7423d-73b5-5688-9e7a-42e4c376c916,b4455d4f-d4f1-5951-bd4b-24ef54f71d52,PIOTROWSKIJakub,PIOTROWSKIJAKUB,fantacalcio-online-csv,189,Piotrowski,UDINESE,exact,1.0,
846a9368-4249-53c3-9897-a1e98e0d7768,54321b0b-1551-55bb-98b1-6732c38725c8,SPINAZZOLALeonardo,SPINAZZOLALEONARDO,fantacalcio-online-csv,190,Spinazzola,NAPOLI,exact,1.0,
5a6b7c26-02bf-586c-932c-ff479ad3a560,000b6b8b-18fe-5e6d-b11e-4708982147f1,SULEMANAKamaldeen,SULEMANAKAMALDEEN,fantacalcio-online-csv,191,Sulemana K.,ATALANTA,exact,1.0,
3f882661-06c6-5e6b-90b6-39e91db35cba,095852ac-a0bc-5789-8079-b5e6880129c4,VALERIEmanuele,VALERIEMANUELE,fantacalcio-online-csv,192,Valeri,PARMA,exact,1.0,
64f4336d-c51c-5d7c-94d2-c88bb6af2c7e,f42b8265-2a4c-5a7c-a3fc-9d840ee2ab69,VALLEÁlex,VALLEALEX,fantacalcio-online-csv,193,Valle,COMO,exact,1.0,
9a1a4a9d-1c91-539d-a679-c11d088d96a7,f3c5bf16-5faa-56bf-abf3-a20682f5b522,ADOPONdary,ADOPONDARY,fantacalcio-online-csv,194,Adopo,CAGLIARI,exact,1.0,
d4b4402e-4321-5d48-89db-49c03cef10f1,80c489c6-95ad-5ef3-b02f-e5d32bbc1c9b,BRACAGLIAGabriele,BRACAGLIAGABRIELE,fantacalcio-online-csv,195,Bracaglia,FROSINONE,exact,1.0,
78601733-1bb9-5aa9-b0cc-7c9c6d1d3a2b,124e429f-063e-5c24-aa2c-1a61cd7f7f61,BUSIOGianluca,BUSIOGIANLUCA,fantacalcio-online-csv,196,Busio,VENEZIA,exact,1.0,
581eef19-6819-5111-a6d9-589fc6c381f3,7b4151ce-003c-5684-be86-95f0d32afa67,DIOUFAndy,DIOUFANDY,fantacalcio-online-csv,197,Diouf,INTER,exact,1.0,
2f2b997b-63de-529b-b941-3652085c2d28,ea8c9888-cae7-5cc2-8f97-b69d9d30b981,EL SHAARAWYStephan2025/2026,ELSHAARAWYSTEPHAN,fantacalcio-online-csv,198,El Shaarawy,GENOA,exact,1.0,
d9f9d292-c607-56fa-abb3-7dbdcafcc9b6,70ee922d-fa9e-54bf-9936-0d95283d3a3e,FAZZINIJacopo,FAZZINIJACOPO,fantacalcio-online-csv,199,Fazzini,CAGLIARI,exact,1.0,
c257965c-5c00-5193-afdd-23c4416b0b8a,8c9fce84-44b9-5f34-9bb3-5da91df0135b,GIMENEZSantiago2025/2026,GIMENEZSANTIAGO,fantacalcio-online-csv,200,Gimenez,MILAN,fuzzy,0.9,"cognome univoco nel registro, squadra diversa (CSV='Estero' vs registro='Milan': probabile prestito/differenza fonte, non un merge di omonimi)"
2863ca4d-f065-526e-b363-c9cf336846eb,f36f327d-6b63-56d4-8edb-5a196455d5de,JIMENEZAlex,JIMENEZALEX,fantacalcio-online-csv,201,Jimenez A.,FIORENTINA,exact,1.0,
0ce4d4ba-2efc-51ff-83f8-55d1a899c70c,0415ec53-0228-5ff7-8a2d-7f13a387e719,KVERNADZEGiorgi,KVERNADZEGIORGI,fantacalcio-online-csv,202,Kvernadze,FROSINONE,exact,1.0,
609d811b-3538-55ff-bbee-838584a88462,75bf9b4d-55ce-5ebd-9042-73be8b09ea25,LUCUMIJhon,LUCUMIJHON,fantacalcio-online-csv,203,Lucumì,JUVENTUS,exact,1.0,
ef7deff5-e23d-5a15-afa5-76cb62fe56d9,c56b242e-000d-5dfa-8cae-5d13acb382c0,MATICNemanja,MATICNEMANJA,fantacalcio-online-csv,204,Matic,SASSUOLO,exact,1.0,
8e935111-e5f2-5586-8ce0-c792da5d856d,7f1699f0-a3c9-5e02-8a8a-500c59d3f09f,MINAYerry,MINAYERRY,fantacalcio-online-csv,205,Mina,CAGLIARI,exact,1.0,
65233dc0-ef77-54b7-aa64-5fb2e473d0e5,cd23ae7a-bc00-5a69-802e-fe64ee48d897,POBEGATommaso,POBEGATOMMASO,fantacalcio-online-csv,206,Pobega,BOLOGNA,exact,1.0,
1c5d5150-6541-5df2-b469-e7cf060234b5,8942149c-b960-5233-81f6-2b5076c04bfe,ROVELLANicolo,ROVELLANICOLO,fantacalcio-online-csv,207,Rovella,LAZIO,exact,1.0,
1ed89921-af22-5aba-a954-9e7a1867b55f,78ccda9e-4888-5441-b417-0091dff52d71,RRAHMANIAlbion,RRAHMANIALBION,fantacalcio-online-csv,208,Rrahmani Al.,VENEZIA,exact,1.0,
8bf5c117-3dc9-5184-8d83-6c6ae80fa2c3,fe954dbe-7f9e-5462-bcf6-8e0fc4f8a567,SARRPape Matar,SARRPAPEMATAR,fantacalcio-online-csv,209,Sarr P.,JUVENTUS,exact,1.0,
f0646233-204e-5cb8-be70-ac73e33eb591,125f3e05-bf1b-5cba-8f51-80733c1e9d34,SUZUKIZion2025/2026,SUZUKIZION,fantacalcio-online-csv,210,Suzuki,PARMA,fuzzy,0.9,"cognome univoco nel registro, squadra diversa (CSV='Estero' vs registro='Parma': probabile prestito/differenza fonte, non un merge di omonimi)"
2199060e-6768-5857-b97e-609e427f8683,7872a629-1ccf-57ca-a090-583be1e7cc33,VARELAGustavo Miguel Pereira De Sousa,VARELAGUSTAVOMIGUELPEREIRADESOUSA,fantacalcio-online-csv,211,Varela G.,MONZA,exact,1.0,
54515915-968b-5a92-bb53-41c5d5454474,2f8cba29-b953-5d54-a104-b156a26d9818,ZHEGROVAEdon,ZHEGROVAEDON,fantacalcio-online-csv,212,Zhegrova,JUVENTUS,exact,1.0,
6b3533d2-cad9-533f-ab72-70ade6204555,9087a138-6a69-5121-a41e-72e2b15a4642,ADDAIJayden2025/2026,ADDAIJAYDEN,fantacalcio-online-csv,213,Addai,COMO,exact,1.0,
b4f09bbe-ce66-5db8-ba4f-dd215f0312af,85640051-d17a-58c9-bea1-074bab51196a,ADORANTEAndrea,ADORANTEANDREA,fantacalcio-online-csv,214,Adorante,VENEZIA,exact,1.0,
24cee636-7960-5ede-b787-c6e6cccd9159,8c1b3f7a-db6a-5468-8b5c-b5e1bc885da3,BADIASHILEBenoit Mukinayi,BADIASHILEBENOITMUKINAYI,fantacalcio-online-csv,215,Badiashile,NAPOLI,exact,1.0,
edc4b57c-5208-53ee-9520-872e1aa501cf,be710d42-81e7-5c07-a17d-e0e29280e8cc,BASICToma,BASICTOMA,fantacalcio-online-csv,216,Basic,VENEZIA,exact,1.0,
33b97594-6b3f-5f0d-a4b0-fc079fc85343,c29fe639-29f2-5d03-b549-ae5900487d32,BIJLOWJustin,BIJLOWJUSTIN,fantacalcio-online-csv,217,Bijlow,GENOA,exact,1.0,
099a3b74-542a-58da-a3ec-79fe235118c0,301814ea-2aa5-512b-86e5-ae5868bba4b8,BRAGANCADaniel SantosNuovo,BRAGANCADANIELSANTOS,fantacalcio-online-csv,218,Braganca,TORINO,exact,1.0,
781c3a44-baae-5a06-af90-4a304e6d2d35,f78144a3-1105-5955-b8f6-812c080bbb2e,CARLOS AUGUSTO-,CARLOSAUGUSTO,fantacalcio-online-csv,219,Carlos Augusto,INTER,exact,1.0,
046e6df6-6290-532a-8a18-b0899d4db4be,6a6638b8-9233-5620-868e-55f88a04fb40,CELIKZeki,CELIKZEKI,fantacalcio-online-csv,220,Celik,JUVENTUS,exact,1.0,
bb86e95e-9032-5a55-9dec-9c0b7aef7304,43a02047-f212-5393-83a5-ee3e1507b7e5,COCOSaul,COCOSAUL,fantacalcio-online-csv,221,Coco,TORINO,exact,1.0,
1a6aab6e-9e9e-5316-a19b-01fd559a8ca1,58bf5335-94d3-5c59-920a-5582ba562724,COULIBALYLassana,COULIBALYLASSANA,fantacalcio-online-csv,222,Coulibaly L.,LECCE,exact,1.0,
9eec980d-45eb-5339-8d83-2da42614935b,edfe3516-ccc6-552d-9b79-428ca4273943,COUTOYan Bueno,COUTOYANBUENO,fantacalcio-online-csv,223,Couto,COMO,exact,1.0,
a2654b2f-d6dd-5c64-b549-b6b8d2247cc1,7f47bbc8-7e30-5e50-bcc3-952bf30e0e3c,DE ROONMarten,DEROONMARTEN,fantacalcio-online-csv,224,De Roon,ROMA,exact,1.0,
76725347-014e-58ae-9523-7469a81d367e,ca563a24-d1e4-54fc-aa92-bf9eae909625,DEL PRATOEnrico,DELPRATOENRICO,fantacalcio-online-csv,225,Delprato,PARMA,exact,1.0,
939de7dd-5386-5b6e-9283-00fa6ce57487,e8376a89-fe36-5c02-bed7-5e1b21bb4824,DRAGUSINRadu,DRAGUSINRADU,fantacalcio-online-csv,226,Dragusin,FIORENTINA,exact,1.0,
fd37f459-972c-50ec-b939-1c7aacd31e88,b9459bf0-7418-574f-b391-d541dc2d4eff,ELLERTSSONMikael,ELLERTSSONMIKAEL,fantacalcio-online-csv,227,Ellertsson,GENOA,exact,1.0,
ce7ee54f-af87-5601-ad1e-23bddd290007,45a12b46-e356-5132-abe3-b77979ce9225,FOFANAYoussouf2025/2026,FOFANAYOUSSOUF,fantacalcio-online-csv,228,Fofana Y.,MILAN,exact,1.0,nome univoco disambiguato per iniziale; squadra CSV='Estero' vs registro='Milan'
2ee4f5ca-705d-5fff-90eb-c5fbf21bda11,7ac4b621-d0eb-55d2-b56e-c9843550f8d7,GANDELMANOmri2025/2026,GANDELMANOMRI,fantacalcio-online-csv,229,Gandelman,LECCE,exact,1.0,
c7001bf6-f848-5a48-b162-7173d4002bfa,991c3d92-7669-5658-990f-ee35a3a48fae,GIOVANESantana do Nascimento,GIOVANESANTANADONASCIMENTO,fantacalcio-online-csv,230,Giovane,NAPOLI,exact,1.0,
5ba6ab65-17ee-56bb-9a79-cf9928edd137,b04cb7d8-a6be-55ae-8644-15435456eae4,GNONTODegnand Wilfried,GNONTODEGNANDWILFRIED,fantacalcio-online-csv,231,Gnonto,FIORENTINA,exact,1.0,
0bc71965-5068-502f-84f9-9a8283f7e131,15893305-0919-5f86-adaf-841778d7d05a,GONZALEZNicolas,GONZALEZNICOLAS,fantacalcio-online-csv,232,Gonzalez N.,JUVENTUS,exact,1.0,
c352a372-04bb-5546-8ed1-2f4fdd35bba3,ea894551-c5fa-5587-be26-77f4820a100f,HOLMEmil,HOLMEMIL,fantacalcio-online-csv,233,Holm,BOLOGNA,exact,1.0,
1e190e77-dd0b-5fd7-aee4-7e2d6d72f4f2,fefb1f19-6570-54c5-a749-ef2f7731e832,ISMAJLIArdian,ISMAJLIARDIAN,fantacalcio-online-csv,234,Ismajli,TORINO,exact,1.0,
06753ffc-131a-5afe-851a-6da962ad1f92,2645e2d3-a3b1-5ac8-bdc9-af8249dc56cb,JASHARIArdon,JASHARIARDON,fantacalcio-online-csv,235,Jashari,MILAN,exact,1.0,
fcfecacc-b2b9-52c0-ba6e-cfb1061ac793,d722f103-f61b-5332-bc2f-167946b3a5d3,KEITAMandela,KEITAMANDELA,fantacalcio-online-csv,236,Keita M.,PARMA,exact,1.0,
76ef96ba-f175-5338-9c4b-5cd4e216e197,53a37a87-123c-5e84-9201-f91c0816973d,KOULIERAKISKonstantinos,KOULIERAKISKONSTANTINOS,fantacalcio-online-csv,237,Koulierakis,ROMA,exact,1.0,
5014f9ed-baf0-5558-bc65-eb6892570c2f,0f425cd1-70b0-5a1c-b840-097307384d38,LIBERALIMattia,LIBERALIMATTIA,fantacalcio-online-csv,238,Liberali,COMO,exact,1.0,
108898bc-df51-52b9-9ea7-1456ef1d02dd,de99400b-1797-5965-be46-baac563cc4b1,MALDINIDaniel,MALDINIDANIEL,fantacalcio-online-csv,240,Maldini,CAGLIARI,exact,1.0,
1cf41b49-ad95-58dd-818d-91b6c789c9fe,c7db3fc7-aa49-50c3-8117-8f64b8986b95,MARUSICAdam,MARUSICADAM,fantacalcio-online-csv,241,Marusic,LAZIO,exact,1.0,
d19c96e2-b57f-5632-ae01-0bd62317f3f9,f45d9118-558d-5efc-bfb7-bc1996abb4ef,MBANGULASamuel,MBANGULASAMUEL,fantacalcio-online-csv,242,Mbangula,BOLOGNA,exact,1.0,
5432ae66-cef9-5a2d-bf47-24af9e0d6791,679a1e52-c4bb-5e18-aa65-6e9d3e2a2f7f,MILLALuis Manzanares,MILLALUISMANZANARES,fantacalcio-online-csv,243,Milla,COMO,exact,1.0,
e1e7eec7-8435-51ff-94db-981345f23771,badf5159-baea-5202-947d-bf5849162213,NICOLUSSI CAVIGLIAHans2025/2026,NICOLUSSICAVIGLIAHANS,fantacalcio-online-csv,244,Nicolussi Caviglia,PARMA,exact,1.0,
849af496-df5d-5f79-a3a1-f62427507ea8,d8047f28-3468-5793-aeb6-5f8b034b1f09,NORTON-CUFFYBrooke,NORTONCUFFYBROOKE,fantacalcio-online-csv,245,Norton-Cuffy,GENOA,fuzzy,0.9,"cognome univoco nel registro, squadra diversa (CSV='Estero' vs registro='Genoa': probabile prestito/differenza fonte, non un merge di omonimi)"
f1691348-660f-5101-bd34-9e5a5916c0ea,0bea15f0-f9ff-5b83-9ec2-d7d008ec7337,OULAIChrist Ravynel Inao,OULAICHRISTRAVYNELINAO,fantacalcio-online-csv,247,Oulai,FIORENTINA,exact,1.0,
bd032caf-0e68-5a35-8030-af8c40919aef,a17dc007-50d2-55d2-adb1-516f77bb345e,PEDRAZAAlfonso Sag,PEDRAZAALFONSOSAG,fantacalcio-online-csv,248,Pedraza,LAZIO,exact,1.0,
ed131508-3bb1-595b-adac-a53bb037ec7a,2f6830ef-5684-5940-bc99-7977d88470f2,PEREZKike,PEREZKIKE,fantacalcio-online-csv,249,Perez K.,VENEZIA,exact,1.0,
d7c71d27-a708-50ba-bc62-77988a1dfd65,00d4da42-50f9-5ab6-809b-445718eeecb8,PERRILucas Estella,PERRILUCASESTELLA,fantacalcio-online-csv,250,Perri,TORINO,exact,1.0,
f7cfe7c6-26b8-513c-adad-3d1dcbf9ec54,c2138fb6-d12c-5be9-bfca-f1cd530d0dbc,ROMAGNOLIAlessio,ROMAGNOLIALESSIO,fantacalcio-online-csv,251,Romagnoli,LAZIO,fuzzy,0.9,"cognome univoco nel registro, squadra diversa (CSV='Estero' vs registro='Lazio': probabile prestito/differenza fonte, non un merge di omonimi)"
e3a7f67f-2a7f-5c68-a0a0-908f7038b802,6e35125a-2d8a-5401-b2db-336c1bb2d2ff,THEATEArthur,THEATEARTHUR,fantacalcio-online-csv,252,Theate,BOLOGNA,exact,1.0,
d07b9a4c-63b4-5101-a1e1-eecfcca64e59,cbab4e13-19a1-5dae-8f2b-d8ab1c67a5fc,TOMORIFikayo,TOMORIFIKAYO,fantacalcio-online-csv,253,Tomori,MILAN,exact,1.0,
7127ae47-144d-585a-8a5c-2ca42eb19b4e,59cebb5e-aea4-53d4-b7e3-e895f6dce99f,TRAOREHamed Junior,TRAOREHAMEDJUNIOR,fantacalcio-online-csv,254,Traorè Hj.,GENOA,exact,1.0,
0dc0c184-42d1-592b-a9ca-c184bf06805f,84054717-e1a5-5d4d-8076-eb74ac945e5b,VALDEPENASVíctor Talavera,VALDEPENASVICTORTALAVERA,fantacalcio-online-csv,255,Valdepenas,FIORENTINA,exact,1.0,
35ea07a7-34d5-5f91-9a7d-97219c14d8f8,d9a23204-64b2-5e4a-9f9e-98d1058d89f3,VOJVODAMergim,VOJVODAMERGIM,fantacalcio-online-csv,256,Vojvoda,UDINESE,exact,1.0,
6e87df5a-9d41-5ae3-ac6d-22306451f557,79b24d37-153e-5694-aa35-a47b277ce2ac,WINKSHarry,WINKSHARRY,fantacalcio-online-csv,257,Winks,CAGLIARI,exact,1.0,
145e8369-c96f-531e-b048-7a87f740da5d,02d14f7a-3cbb-51f3-9901-1e4f430ef24e,ZORTEANadir,ZORTEANADIR,fantacalcio-online-csv,258,Zortea,BOLOGNA,exact,1.0,
61b9a6d7-bb2c-5c39-9fcc-74fe511f2347,74db7e50-455d-5bd1-8931-fc0509aa7c05,AHANORHonest2025/2026,AHANORHONEST,fantacalcio-online-csv,259,Ahanor,ATALANTA,fuzzy,0.9,"cognome univoco nel registro, squadra diversa (CSV='Estero' vs registro='Atalanta': probabile prestito/differenza fonte, non un merge di omonimi)"
332741fe-b5bb-5a6a-816e-bc28911d10e5,dea18ec3-36d1-5910-be98-73675698c274,AKINSANMIROEbenezer,AKINSANMIROEBENEZER,fantacalcio-online-csv,260,Akinsanmiro,MONZA,exact,1.0,
b87988d8-1eab-5c0a-a62d-111cd36da61f,dfd0f5d9-3a07-5cae-a232-e0919224d243,BELGHALIRafik,BELGHALIRAFIK,fantacalcio-online-csv,261,Belghali,TORINO,exact,1.0,
52690604-efa5-508b-9631-4cd2e5200a36,10022774-2aa2-5b63-be35-d21099f89299,BELLANOVARaoul,BELLANOVARAOUL,fantacalcio-online-csv,262,Bellanova,ATALANTA,exact,1.0,
55f5b8e1-7b03-559c-9274-bc87461b1d53,be8b870f-7131-5e79-b4ad-f020655ef1b0,BERNASCONILorenzo,BERNASCONILORENZO,fantacalcio-online-csv,263,Bernasconi,ATALANTA,exact,1.0,
dfa19923-dd3e-5817-9e91-cc3514bfae95,7a10805d-767e-5c10-a6f1-2804b7ee0257,BEUKEMASam,BEUKEMASAM,fantacalcio-online-csv,264,Beukema,NAPOLI,exact,1.0,
18f38fbe-597a-5f67-b404-4a7545d64d32,b0bddb5b-2a05-566c-a8b1-86608f0afa85,BORRELLIGennaro,BORRELLIGENNARO,fantacalcio-online-csv,265,Borrelli,CAGLIARI,exact,1.0,
23540b40-2089-5e6f-91b3-9d2afde37f5a,16d5410a-c394-5488-8d08-024b83d1da6c,DELE-BASHIRUFisayo2025/2026,DELEBASHIRUFISAYO,fantacalcio-online-csv,267,Dele-Bashiru,LAZIO,exact,1.0,
c06a4776-6aba-5153-8761-354db627d05c,22a3dafe-1c8d-587a-9cad-5eb2b124aee3,DJIMSITIBerat2025/2026,DJIMSITIBERAT,fantacalcio-online-csv,268,Djimsiti,ATALANTA,fuzzy,0.9,"cognome univoco nel registro, squadra diversa (CSV='Estero' vs registro='Atalanta': probabile prestito/differenza fonte, non un merge di omonimi)"
eb2ff79a-5321-5ea4-8c3a-0a0558c056ff,169f9a40-70eb-5a5f-91ca-3be3c751c62f,FELICIMattia2025/2026,FELICIMATTIA,fantacalcio-online-csv,269,Felici,CAGLIARI,exact,1.0,
cdc73d4f-960a-5053-a389-772eefd41420,f392d241-7cb7-5501-a50f-3c7e43d816a2,GALLOAntonino,GALLOANTONINO,fantacalcio-online-csv,270,Gallo,LECCE,exact,1.0,
03686699-6916-56bd-b301-7e7f5248b01c,27eb496d-528f-546c-a8cb-462c9975cc38,GINEITISGvidas2025/2026,GINEITISGVIDAS,fantacalcio-online-csv,271,Gineitis,TORINO,exact,1.0,
dcdba07b-45a5-5773-b779-03c3ea27807f,76fab13d-da68-5c54-8cf8-4d13159020df,GUTIERREZMiguel2025/2026,GUTIERREZMIGUEL,fantacalcio-online-csv,272,Gutierrez,NAPOLI,fuzzy,0.9,"cognome univoco nel registro, squadra diversa (CSV='Estero' vs registro='Napoli': probabile prestito/differenza fonte, non un merge di omonimi)"
5ab6059e-9585-5834-8f89-c36a15d813eb,9eaa7fe4-8524-572e-8687-dd441911a31b,HAVELElias,HAVELELIAS,fantacalcio-online-csv,273,Havel,GENOA,exact,1.0,
a267f2ed-4eb3-5f32-a0ee-f5305dfbd9aa,1724f225-b437-541b-8c9e-f23a5ba37fde,HEGGEMTorbjørn,HEGGEMTORBJRN,fantacalcio-online-csv,274,Heggem,BOLOGNA,exact,1.0,
8e68eeaf-d063-5ac7-aeab-9d006cd02635,9523673d-cc26-5a24-ba61-6a39994ab7d5,IDZESJay,IDZESJAY,fantacalcio-online-csv,275,Idzes,SASSUOLO,exact,1.0,
5d6f4d26-6ae8-5c5e-b313-e5dce5514ba7,fcd502c5-b908-589b-86c2-c28f976dc28b,KRISTENSENThomas,KRISTENSENTHOMAS,fantacalcio-online-csv,276,Kristensen T.,ATALANTA,exact,1.0,
88ce3526-54eb-5c09-8629-0c9b7b1e07a1,bb0fd19e-41b8-50e0-a218-6496907588e9,LEYSENFedde,LEYSENFEDDE,fantacalcio-online-csv,277,Leysen F.,SASSUOLO,exact,1.0,
3aefd77d-92a2-5066-9879-e5e9da4caed8,0db55dda-f564-5f8c-9663-ddc66c22baa4,LOFTUS-CHEEKRuben,LOFTUSCHEEKRUBEN,fantacalcio-online-csv,278,Loftus-Cheek,MILAN,exact,1.0,
9eb4079f-1d41-566a-93b6-bfdc1d37c5b4,f88984eb-9743-55b4-a30a-99a44ae8b03f,LUCCALorenzo,LUCCALORENZO,fantacalcio-online-csv,279,Lucca,NAPOLI,exact,1.0,
93c918f0-fdec-5f5f-84b1-c927cbac99b3,271cf438-cb38-5119-a216-9f3eb0d5375b,MARCANDALLIAlessandro,MARCANDALLIALESSANDRO,fantacalcio-online-csv,280,Marcandalli,GENOA,exact,1.0,
a68971c3-86d1-5f12-9015-c48c683dde87,3f4c6120-51a2-5adb-b3eb-13f3a2b566ee,MARTINAaron2025/2026,MARTINAARON,fantacalcio-online-csv,281,Martin,GENOA,fuzzy,0.9,"cognome univoco nel registro, squadra diversa (CSV='Estero' vs registro='Genoa': probabile prestito/differenza fonte, non un merge di omonimi)"
d7948c94-7718-5e8c-a860-c605dab6beb9,23559295-7b0e-5905-92fb-9ca3db68d2fb,MORATAAlvaro2025/2026,MORATAALVARO,fantacalcio-online-csv,282,Morata,COMO,fuzzy,0.9,"cognome univoco nel registro, squadra diversa (CSV='Estero' vs registro='Como': probabile prestito/differenza fonte, non un merge di omonimi)"
383df3bf-b724-5018-ad89-6e641d34864d,1d15d98c-d69e-50b8-b0b5-855911b6cb24,MORONikola2025/2026,MORONIKOLA,fantacalcio-online-csv,283,Moro N.,BOLOGNA,exact,1.0,
ae216488-c12d-5d55-884c-9f9b9f8a09a7,557967e9-6a1f-5b41-be7a-8940a9dbdc0b,MURICArijanet,MURICARIJANET,fantacalcio-online-csv,284,Muric,SASSUOLO,exact,1.0,
f4e84afd-ed26-5887-b827-55c95437f177,2e5d3c6d-da7d-5202-a34a-bd8203aea70e,NJIEAlieu,NJIEALIEU,fantacalcio-online-csv,285,Njie,FIORENTINA,exact,1.0,
d65d690e-bf81-5cd1-a28b-4b4f32b15954,ae1eb220-d963-57da-b93a-d410f09995d3,OBRADORRafa,OBRADORRAFA,fantacalcio-online-csv,287,Obrador,SASSUOLO,exact,1.0,
fffaface-1687-57ef-8a74-98f8ebe67c0b,bddc1ca5-79dc-584b-ac4c-b8caa51c23c7,ONDREJKAJacob2025/2026,ONDREJKAJACOB,fantacalcio-online-csv,288,Ondrejka,PARMA,fuzzy,0.9,"cognome univoco nel registro, squadra diversa (CSV='Estero' vs registro='Parma': probabile prestito/differenza fonte, non un merge di omonimi)"
75fb0bd7-8d1d-5a2e-b9b7-90100d271756,7074a0de-6120-5004-a34d-d45cc5f05a75,OSMAJICMilutin,OSMAJICMILUTIN,fantacalcio-online-csv,289,Osmajic,GENOA,exact,1.0,
b05bbfbb-ed7e-5df6-bb08-bf0d0c4afeda,9d27e1c5-9998-5ad5-9ee2-18e344422249,PATTERSONNathanNuovo,PATTERSONNATHAN,fantacalcio-online-csv,290,Patterson,TORINO,exact,1.0,
749632ae-c4b7-5f70-b9d1-f1a6db22be6a,852f717a-9703-5e23-9896-f3f8b653b1df,PAVARDBenjamin,PAVARDBENJAMIN,fantacalcio-online-csv,291,Pavard,INTER,exact,1.0,
13cb6f44-5ec7-543b-b97a-933654ff653f,f5836538-0853-5e48-a34e-324d0e91496a,RENSCHDevyne,RENSCHDEVYNE,fantacalcio-online-csv,292,Rensch,ROMA,exact,1.0,
eed9d17d-a79c-5f72-8cb3-1fd8d151a3e4,4254f1b2-dc71-56e3-9a47-3fa003ecf2da,ROBINSONJay,ROBINSONJAY,fantacalcio-online-csv,293,Robinson J.,MONZA,exact,1.0,
4d3e8765-659d-5edc-9d34-15895645c295,30e1951f-d821-5459-89ca-de282cbd3c0f,ROMANOAlessandro,ROMANOALESSANDRO,fantacalcio-online-csv,294,Romano,CAGLIARI,exact,1.0,
5d10c317-4c5b-5ed8-beef-0ccef861296b,ebf85e98-c991-54bc-8cce-fad841032a78,STANKOVICFilip,STANKOVICFILIP,fantacalcio-online-csv,295,Stankovic F.,VENEZIA,exact,1.0,
53254085-d71d-5e15-85e7-acfdb5bcba0b,12ac6641-e22f-5bc5-a7ef-c93cc0c33aaa,SUTALOJosip,SUTALOJOSIP,fantacalcio-online-csv,296,Sutalo J.,LAZIO,exact,1.0,
094859b6-8ae2-584a-8b07-66870fb96917,7a98ce22-533c-51af-b68a-45f576a9e212,ZERBINAlessio,ZERBINALESSIO,fantacalcio-online-csv,297,Zerbin,FROSINONE,exact,1.0,
04b70e6d-f5f8-52c0-ae7c-0c9d2601f3c8,04f3d626-86f1-52b4-81d3-2e9bdad217a7,ADZICVasilije,ADZICVASILIJE,fantacalcio-online-csv,298,Adzic,SASSUOLO,exact,1.0,
e92ec402-9ccd-52de-bf91-d82149a9cfa3,47ab3115-d9da-5334-931d-7ff9b240361b,AMORIMAlex2025/2026,AMORIMALEX,fantacalcio-online-csv,299,Amorim,GENOA,exact,1.0,
43898dea-d45a-58df-a31b-4c9b8cf901a5,7b394bca-864b-5cd2-ad62-7f90bb687eb2,BAKOLADarryl,BAKOLADARRYL,fantacalcio-online-csv,300,Bakola,SASSUOLO,exact,1.0,
59d51b3c-c509-528d-8752-e2636ae79eba,2e5de527-6cf3-569c-b079-d5a63edf3427,BELLA-KOTCHAPArmel,BELLAKOTCHAPARMEL,fantacalcio-online-csv,302,Bella-Kotchap,VENEZIA,exact,1.0,
3e534683-5314-58f2-bfa9-98bba036f799,668ba604-d90a-50b7-8b0e-526696071854,BERISHAMedon,BERISHAMEDON,fantacalcio-online-csv,303,Berisha M.,LECCE,exact,1.0,
317edee1-5a20-5bc8-beb9-d2f00ca18310,3727b481-6a24-51ca-a1c4-b2d0e9c9abda,BIRLIGEADanielNuovo,BIRLIGEADANIEL,fantacalcio-online-csv,304,Birligea,FROSINONE,exact,1.0,
a334b34d-7579-5086-bd95-adb4abb3d825,489d2830-18c1-53a9-b6fd-a6ba67c6cb68,CACCIAMANIAlessio,CACCIAMANIALESSIO,fantacalcio-online-csv,305,Cacciamani,TORINO,exact,1.0,
7ddce2e9-12b0-5cee-ace6-ecaa7696c6e5,8fe789a7-9ec7-53c9-a268-1ee56504b50c,CAMARDAFrancesco,CAMARDAFRANCESCO,fantacalcio-online-csv,306,Camarda,MILAN,exact,1.0,
16cbca61-f637-5d50-8fa8-646e2f080428,d2d0d04d-eebe-5da7-b94e-e292051a9b55,CATALDIDanilo2025/2026,CATALDIDANILO,fantacalcio-online-csv,307,Cataldi,LAZIO,exact,1.0,
44dd8187-790d-5fc7-ac2b-bc67e084e8a0,e413e064-0b0c-56aa-b552-d22257f261ee,CIRCATIAlessandro2025/2026,CIRCATIALESSANDRO,fantacalcio-online-csv,309,Circati,PARMA,fuzzy,0.9,"cognome univoco nel registro, squadra diversa (CSV='Estero' vs registro='Parma': probabile prestito/differenza fonte, non un merge di omonimi)"
02c3227e-e992-5bee-8620-b91d7be4d47d,b7e1b662-6cda-5724-8d28-611a10410d9b,CORREIAThierry Rendall,CORREIATHIERRYRENDALL,fantacalcio-online-csv,310,Correia T.,VENEZIA,exact,1.0,
e29f01fa-4247-5153-ae9d-0987aae6d028,39e28d5f-97a4-5193-adb3-ce158b215394,DOIGJosh,DOIGJOSH,fantacalcio-online-csv,311,Doig,SASSUOLO,exact,1.0,
9c7baaa9-d1cc-5454-b7e7-c3d0dc3ca452,a6ea026a-ac51-5c7d-bb8c-205589000598,DOMINGUEZBenjamín2025/2026,DOMINGUEZBENJAMIN,fantacalcio-online-csv,312,Dominguez B.,SASSUOLO,exact,1.0,
51a94e2d-7467-54c0-9a53-9cc94fad22bd,58db02f0-3bcd-5df5-9dd7-a06a9e83fb4c,FABBIANGiovanni,FABBIANGIOVANNI,fantacalcio-online-csv,313,Fabbian,PARMA,exact,1.0,
bb41c8b8-44f9-58b5-8fb8-3a455fab0d4a,ff809962-6178-5655-87f7-27ebea8fb853,FAVASULICostantino2025/2026,FAVASULICOSTANTINO,fantacalcio-online-csv,314,Favasuli,NAPOLI,exact,1.0,
e9fe6f13-7ba2-5f4c-ac68-dbec5e0b9d8e,3f8503ed-73f4-550a-ac2f-9ea1e21f3120,FITZ-JIMKian,FITZJIMKIAN,fantacalcio-online-csv,315,Fitz-Jim,TORINO,exact,1.0,
9dd62b36-e491-57c7-aeb1-a04f518aef9c,8c083867-90ea-5a34-bec6-84d030d3c4e4,FRIGANMatija,FRIGANMATIJA,fantacalcio-online-csv,316,Frigan,PARMA,exact,1.0,
6da624ec-8950-5618-88b6-9aae205a22d5,c1b6dc00-3c6d-5d89-98e6-bee70a0b550b,GHILARDIDaniele,GHILARDIDANIELE,fantacalcio-online-csv,317,Ghilardi,ROMA,exact,1.0,
0525411d-75d2-5f4d-a94a-1742f326aa46,f7a0199b-bf0f-583f-9e22-35993c9d1e46,GRILLITSCHFlorianNuovo,GRILLITSCHFLORIAN,fantacalcio-online-csv,318,Grillitsch,FROSINONE,exact,1.0,
948f1501-41cf-51b7-9b63-7dd9409fc862,e8deb1bf-9244-5979-9b0b-fbceac23f3eb,ILKHANEmirhan2025/2026,ILKHANEMIRHAN,fantacalcio-online-csv,319,Ilkhan,TORINO,exact,1.0,
f91b5ea8-2fce-5999-8754-1a4c73997819,66e40056-5e06-5bf1-8ea3-34805aafc286,KABASELEChristian,KABASELECHRISTIAN,fantacalcio-online-csv,320,Kabasele,UDINESE,exact,1.0,
3aecac4a-30d4-549b-b358-4439aa475ab1,abbd23ca-3a17-55b8-905f-ff269630c0a7,KELLYLloyd,KELLYLLOYD,fantacalcio-online-csv,321,Kelly L.,JUVENTUS,exact,1.0,
5e33733e-6d55-5a60-97e3-75f2d5b8825b,bdad7bbe-26d0-53ea-b585-030a6eb0e9e5,KOUTSOUPIASIliasNuovo,KOUTSOUPIASILIAS,fantacalcio-online-csv,322,Koutsoupias,FROSINONE,exact,1.0,
64778a1c-177a-5bd9-bc45-eebb367217a1,e079ba02-5b02-587f-a348-5a3e29c968ed,KULENOVICSandro,KULENOVICSANDRO,fantacalcio-online-csv,323,Kulenovic,TORINO,exact,1.0,
98691670-82a9-505b-b145-bc3781c8a592,08b5eaad-8b27-5b27-aa18-558af4d58e18,MANGASRicardo Luís Chaby,MANGASRICARDOLUISCHABY,fantacalcio-online-csv,324,Mangas,MONZA,exact,1.0,
adfda7ee-da02-58cd-b037-5f6b9b3a08da,e0837cac-f510-598d-8316-026271becc6b,MEICHTRYFranz-Ethan,MEICHTRYFRANZETHAN,fantacalcio-online-csv,325,Meichtry,GENOA,exact,1.0,
eeab6f5f-1f3e-5b45-8b61-dc7457fb2991,039de9ea-932d-551f-af55-d8daa9b441f4,MONTERISIIlario,MONTERISIILARIO,fantacalcio-online-csv,326,Monterisi,FROSINONE,exact,1.0,
fa844b78-55c9-5fde-a4cd-202957136c67,d3d3b612-6e14-50a7-b6c6-446795887ac8,OBERTAdam,OBERTADAM,fantacalcio-online-csv,327,Obert,CAGLIARI,exact,1.0,
4bd68160-4a62-5556-81ff-f67ba083003c,ad7d894e-098f-588f-9f10-e115787b13cb,OLIVERAMathías,OLIVERAMATHIAS,fantacalcio-online-csv,328,Olivera,NAPOLI,exact,1.0,
5a8c2e9e-884a-51d1-99b3-b2f8d250bd1e,461e1fe8-75f5-50a0-b28a-56f46c33ce22,PEDERSENMarcus,PEDERSENMARCUS,fantacalcio-online-csv,330,Pedersen,TORINO,fuzzy,0.9,"cognome univoco nel registro, squadra diversa (CSV='Estero' vs registro='Torino': probabile prestito/differenza fonte, non un merge di omonimi)"
d11a1bea-3f50-5a06-9fb4-5c80eb722848,bff0ccd1-3d87-5f26-ae19-8d7c64b25225,SOHMSimon2025/2026,SOHMSIMON,fantacalcio-online-csv,331,Sohm,VENEZIA,exact,1.0,
ed146a13-9793-5535-94ce-cd9539d601ec,6f899d39-8d78-5c21-95ac-faf326b42828,SUGAWARAYukinari,SUGAWARAYUKINARI,fantacalcio-online-csv,332,Sugawara,CAGLIARI,exact,1.0,
914e9d51-3ab1-521c-b47d-da7b0e013d33,13f2d157-44ee-5d97-a52b-c538f7018131,TOUREIdrissa2025/2026,TOUREIDRISSA,fantacalcio-online-csv,333,Tourè I.,MONZA,exact,1.0,
97f22e20-17df-57f8-a9c4-0f325627a2af,993a99b8-c9c9-5315-b5b4-03443d8b1df2,VEIGADanilo de Melo,VEIGADANILODEMELO,fantacalcio-online-csv,334,Veiga D.,LECCE,exact,1.0,
61eec7ba-2d40-575e-839b-70a880bee3e3,9f6c9ef9-9fbd-5fc6-b643-2b79663a623e,VIERYViery,VIERYVIERY,fantacalcio-online-csv,335,Viery,FIORENTINA,exact,1.0,
8a8887b6-35da-54df-9395-240cd9e32db2,5cbf11dd-2025-5898-a6fa-470470f8ec76,WALUKIEWICZSebastian,WALUKIEWICZSEBASTIAN,fantacalcio-online-csv,336,Walukiewicz,SASSUOLO,exact,1.0,
b714af3f-8094-5743-acf4-088b3cf4a505,bc0e4431-8d9a-573f-bbf4-0ae7b1d27c3e,ZEBALLOSExequiel,ZEBALLOSEXEQUIEL,fantacalcio-online-csv,337,Zeballos,MONZA,exact,1.0,
edb6f10d-f643-5fa7-b453-d5a69f5e7720,e036af08-1e2a-5d82-97c9-bc53ed51a09a,ALMQVISTPontus2025/2026,ALMQVISTPONTUS,fantacalcio-online-csv,338,Almqvist,PARMA,exact,1.0,
9bf851d2-08a0-52c0-9012-5ae831a274b1,e2bdecc1-83f1-562a-8c36-5fab70ddd5d8,AMONDARAINMikel JesusNuovo,AMONDARAINMIKELJESUS,fantacalcio-online-csv,339,Amondarain,BOLOGNA,exact,1.0,
96efba9c-d183-5986-83d7-41c8f0e85b9b,c2b7dbf4-e9bf-57f2-8be3-3433de000ce2,BALERDILeonardo Julián RossaNuovo,BALERDILEONARDOJULIANROSSA,fantacalcio-online-csv,340,Balerdi,ROMA,exact,1.0,
93a76376-ad09-536f-8ce6-bfb30868b791,e0920390-79aa-5d59-9273-f7adc0c20a61,BRESCIANINIMarco,BRESCIANINIMARCO,fantacalcio-online-csv,342,Brescianini,FIORENTINA,exact,1.0,
9834073c-5b30-52c8-91f2-2c4bd3e2438a,1a624d4c-04ba-5655-9f17-1a41fbe398b4,CICHELLAMatteoNuovo,CICHELLAMATTEO,fantacalcio-online-csv,343,Cichella,FROSINONE,exact,1.0,
c1e1ef39-73c9-5036-a129-c950eefdc32e,eed943e4-d29d-5013-803b-1c45c2115728,DE WINTERKoni,DEWINTERKONI,fantacalcio-online-csv,344,De Winter,MILAN,exact,1.0,
77554c0b-d1a6-59e3-b5aa-c0cc21d34947,6ba8aab0-f9dc-5e74-95eb-0283a423c050,DOUGLAS LUIZ-,DOUGLASLUIZ,fantacalcio-online-csv,345,Douglas Luiz,JUVENTUS,exact,1.0,
08904ef7-76ea-51a6-b73d-8dfbcb53422d,55a3e5df-1d76-5516-a76f-d10496475bd6,EKHATORJeff,EKHATORJEFF,fantacalcio-online-csv,346,Ekhator,JUVENTUS,exact,1.0,
b509f5d0-7d86-585f-a019-83e33e2410e8,23b96d81-84b6-5126-9a31-237805aca646,EL AYNAOUINeil2025/2026,ELAYNAOUINEIL,fantacalcio-online-csv,347,El Aynaoui,ROMA,fuzzy,0.9,"cognome univoco nel registro, squadra diversa (CSV='Estero' vs registro='Roma': probabile prestito/differenza fonte, non un merge di omonimi)"
faedbfd8-7f5c-58cb-a81a-d5e2b50485e9,4d8b6b3f-51cd-54db-9d7c-365fadf7d961,FADERAAlieu2025/2026,FADERAALIEU,fantacalcio-online-csv,348,Fadera,CAGLIARI,exact,1.0,
5b239a82-27db-50b9-b6ea-d2736c38fd8d,62e7bcb6-a19f-556a-8bd8-4c6d3a2876a4,FOLORUNSHOMichael,FOLORUNSHOMICHAEL,fantacalcio-online-csv,349,Folorunsho,MONZA,exact,1.0,
6f74f02c-64f1-55cf-8929-c80d49ce10aa,f626ad55-13bd-523d-bc34-e5e3f72513d8,GASPARKialonda,GASPARKIALONDA,fantacalcio-online-csv,350,Gaspar K.,LECCE,exact,1.0,
4a956cb7-92fa-5bab-a2b4-20d2cace700c,cc70fff6-4ca0-59db-a1ea-badc72be6539,GILMOURBilly2025/2026,GILMOURBILLY,fantacalcio-online-csv,351,Gilmour,NAPOLI,exact,1.0,
05d6148f-7097-5bd4-be24-cc5dc66f4436,88a2b16e-6592-5751-adef-c470d8c20207,GUEYEIdrissa,GUEYEIDRISSA,fantacalcio-online-csv,352,Gueye,UDINESE,exact,1.0,
8d706f50-57dc-56c9-af66-f4cdc88b08aa,637e6485-ab8e-539b-87b1-a7dc9279fac1,KAIKIBruno Da Silva,KAIKIBRUNODASILVA,fantacalcio-online-csv,353,Kaiki,COMO,exact,1.0,
45e47252-7c20-530e-a8c0-798a0160a553,0098b711-6a54-58ad-ab89-5dc97fb8b113,KOLASINACSead,KOLASINACSEAD,fantacalcio-online-csv,354,Kolasinac,ATALANTA,exact,1.0,
ae2ebe6c-5b0f-587c-a057-18c306a42efb,6c310625-1bb2-5373-8a37-0c12328c0dcb,KOSSOUNOUOdilon,KOSSOUNOUODILON,fantacalcio-online-csv,355,Kossounou,ATALANTA,exact,1.0,
5422a9b4-c5a9-51a7-8f8a-deeac35c3fd7,cbf86a70-2433-5e47-96f0-02ad7881ddd1,KUHNNicolas2025/2026,KUHNNICOLAS,fantacalcio-online-csv,356,Kuhn,COMO,fuzzy,0.9,"cognome univoco nel registro, squadra diversa (CSV='Estero' vs registro='Como': probabile prestito/differenza fonte, non un merge di omonimi)"
9e78af91-1115-5d3e-b740-304c5ce9747b,83273265-d0f1-56e2-80a2-d06f7cccca93,LANGNoa,LANGNOA,fantacalcio-online-csv,357,Lang,NAPOLI,exact,1.0,
c8f77ff2-e142-5980-89bb-91f0607ac322,cb65fc9f-50c5-5222-9253-bc25355b2add,MESSIASJunior2025/2026,MESSIASJUNIOR,fantacalcio-online-csv,358,Messias,GENOA,exact,1.0,
3f161968-5ab3-534a-8a88-6a9112d195a1,d63d347e-8da6-598c-bf59-57ebaf23e9f6,MILLERLennon2025/2026,MILLERLENNON,fantacalcio-online-csv,360,Miller L.,UDINESE,exact,1.0,
c8c8c46c-f523-529d-b76f-ceac606e0741,d2d25632-7b76-5de5-a515-eebfa1b95875,MIRETTIFabio2025/2026,MIRETTIFABIO,fantacalcio-online-csv,361,Miretti,JUVENTUS,fuzzy,0.9,"cognome univoco nel registro, squadra diversa (CSV='Estero' vs registro='Juventus': probabile prestito/differenza fonte, non un merge di omonimi)"
6ae1bde3-b774-59b6-a3d5-23d4e9419056,4870a398-f84b-5bf6-9e61-5cb8bcf99bb3,MONTEIROJoel AlmadaNuovo,MONTEIROJOELALMADA,fantacalcio-online-csv,362,Monteiro J.,LECCE,exact,1.0,
0e2d51b1-ab66-5e38-a935-2840a5c717c7,5c0d52a2-40f7-5bfe-9e90-d4ced47fbf1a,MUTANDWAKingstoneNuovo,MUTANDWAKINGSTONE,fantacalcio-online-csv,363,Mutandwa,CAGLIARI,fuzzy,0.9,"cognome univoco nel registro, squadra diversa (CSV='Estero' vs registro='Cagliari': probabile prestito/differenza fonte, non un merge di omonimi)"
91410a3f-de0b-55e6-896c-a0ab380e1bc3,63f1fdb3-b49b-526e-8986-f7347384e03d,NGOMOumar2025/2026,NGOMOUMAR,fantacalcio-online-csv,364,Ngom,LECCE,exact,1.0,
f771aba5-99b4-5c91-8c54-884c015a0c86,e7040afb-d689-50a8-92ff-2ae72b629015,NGONGECyril,NGONGECYRIL,fantacalcio-online-csv,365,Ngonge,MONZA,exact,1.0,
4c308280-3ebb-56dd-acda-4884241a3228,e1d27422-e8b7-54e5-818f-df55dff4b58a,ODENTHALCas2025/2026,ODENTHALCAS,fantacalcio-online-csv,366,Odenthal,SASSUOLO,exact,1.0,
9619ed6c-f9e0-5ec6-9cc1-da906d0e129e,1794c897-a3a1-5737-bf34-88e3d630de93,PALMISANILorenzo,PALMISANILORENZO,fantacalcio-online-csv,367,Palmisani,FROSINONE,exact,1.0,
3c3bf57c-67ad-5993-ac99-8153622d4f71,de3a4d2b-c048-5a26-ae93-4b66462738fd,PARISIFabiano2025/2026,PARISIFABIANO,fantacalcio-online-csv,368,Parisi,FIORENTINA,exact,1.0,
261a502a-101c-5d61-abbb-520052f3f303,2fb21251-d5b6-5016-a25b-4fb68a093db6,PONGRACICMarin,PONGRACICMARIN,fantacalcio-online-csv,369,Pongracic,FIORENTINA,exact,1.0,
f588d605-c2d2-555c-9073-c6890774ff99,916285ef-e76a-59fd-a2a9-0a8abc3bcad4,PRATIMatteo2025/2026,PRATIMATTEO,fantacalcio-online-csv,370,Prati,CAGLIARI,fuzzy,0.9,"cognome univoco nel registro, squadra diversa (CSV='Estero' vs registro='Cagliari': probabile prestito/differenza fonte, non un merge di omonimi)"
743741b2-8c5a-55ee-877f-dd3043b3bd62,088c5c23-61b6-549c-9d57-ebb38f6ef964,RANIERILuca,RANIERILUCA,fantacalcio-online-csv,371,Ranieri L.,FIORENTINA,exact,1.0,
4c45f53c-913f-5f27-a132-0e50799beeea,5729bda8-5bcf-5f53-bc45-1d38d7e380e4,RICCISamuele,RICCISAMUELE,fantacalcio-online-csv,372,Ricci S.,COMO,exact,1.0,
4c4f32b2-6a62-552f-b4f6-cc88a08f28e2,5ab298bb-cb5d-50bc-846a-b3c547953098,SANCHEZRobert Lync,SANCHEZROBERTLYNC,fantacalcio-online-csv,373,Sanchez Ro.,COMO,exact,1.0,
7db336cf-05fc-5953-945c-ad3d659f14ac,d4954d4c-b5e4-5d85-ba08-436f7cde1176,SMOLCICIvan,SMOLCICIVAN,fantacalcio-online-csv,374,Smolcic I.,COMO,exact,1.0,
5eedef21-9aeb-58be-838d-1c43e736402c,48f6f1a9-611d-5ac3-b8e4-b64ca139402c,SORENSENOliver2025/2026,SORENSENOLIVER,fantacalcio-online-csv,375,Sorensen O.,PARMA,fuzzy,0.9,"cognome univoco nel registro, squadra diversa (CSV='Estero' vs registro='Parma': probabile prestito/differenza fonte, non un merge di omonimi)"
72b2d28f-346f-54da-813b-e9362f203ec0,55ea4ec3-695e-51e4-85e1-896db11e9ae3,SULEMANAIbrahim2025/2026,SULEMANAIBRAHIM,fantacalcio-online-csv,377,Sulemana I.,SASSUOLO,exact,1.0,
c965dcbe-3de3-5aeb-a028-b224e3c0ec00,0d82022a-2b5d-5996-b04a-951f09b7e4d5,VALENTILautaro,VALENTILAUTARO,fantacalcio-online-csv,378,Valenti,PARMA,exact,1.0,
ff97e816-1c6a-5d1b-97cf-82148674513d,76aa3ccb-ee94-55c3-90fe-48fe6d2a3330,VITIKMartin2025/2026,VITIKMARTIN,fantacalcio-online-csv,379,Vitik,BOLOGNA,exact,1.0,
d4efb75c-b6be-5d06-8715-e45d34a9e756,16c621c5-e2ac-5b84-92b5-12ce84be65b5,ZAPPAGabriele2025/2026,ZAPPAGABRIELE,fantacalcio-online-csv,380,Zappa,CAGLIARI,fuzzy,0.9,"cognome univoco nel registro, squadra diversa (CSV='Serie Minori' vs registro='Cagliari': probabile prestito/differenza fonte, non un merge di omonimi)"
fe0214a2-4f01-51b9-bc6b-9efef19747f0,e4c79bb1-5812-589f-9964-90b7c32aeb64,BERTOLANicolo,BERTOLANICOLO,fantacalcio-online-csv,385,Bertola,UDINESE,exact,1.0,
d249a2f9-e19e-569e-b296-a4f81b94087d,a16cfbf0-0ca2-53b4-8c40-62f21b3cec97,BIRINDELLISamuele,BIRINDELLISAMUELE,fantacalcio-online-csv,386,Birindelli,MONZA,exact,1.0,
7de4800a-bbbc-5af5-8ce8-295e2207decb,6c0e5494-70ad-55d8-a24f-e9be6ac481eb,BRITSCHGISascha2025/2026,BRITSCHGISASCHA,fantacalcio-online-csv,387,Britschgi,PARMA,exact,1.0,
d0cb3e71-4efe-5b80-8536-540b5c7d0820,6a894295-d3f6-55bd-a9c8-6d018f53313a,CALETA-CARDujeNuovo,CALETACARDUJE,fantacalcio-online-csv,388,Caleta-Car,SASSUOLO,exact,1.0,
22ad67f5-39c0-572c-9e5c-01a351280eb8,467bf897-da1c-5c75-9c12-086526f363d4,CALVANIGabriele,CALVANIGABRIELE,fantacalcio-online-csv,389,Calvani,FROSINONE,exact,1.0,
873a6e9e-2d7b-5281-8478-62826126e242,f01ac1ce-e842-5c28-949a-fead65c59423,CARBONIAndrea,CARBONIANDREA,fantacalcio-online-csv,390,Carboni A.,MONZA,exact,1.0,
f43afbe3-5ae9-5dd4-a924-17b0c86fe5f9,d8f71d4a-284b-5b10-bccf-b3a49e4f5427,CISSEAlphadjo,CISSEALPHADJO,fantacalcio-online-csv,391,Cissè A.,MILAN,exact,1.0,
942e4615-4f55-50e5-9291-210e81bb7fd1,b4d3d8ee-85da-5d10-8d65-288578652923,CIURRIAPatrickNuovo,CIURRIAPATRICK,fantacalcio-online-csv,392,Ciurria,MONZA,exact,1.0,
482577b4-e4ad-5769-9971-092bd4095ad7,e189ff0a-cf2e-582a-a4b3-dc98496924b5,COLOMBOLeonardoNuovo,COLOMBOLEONARDO,fantacalcio-online-csv,393,Colombo L.,MONZA,exact,1.0,
49757c61-bbf5-52d5-9a4b-2c19621bda26,4e5566a6-de5a-5c2c-99dc-9fb27177eb1c,COMERTEray ErvinNuovo,COMERTERAYERVIN,fantacalcio-online-csv,394,Comert,TORINO,exact,1.0,
0fd33e71-2f3d-54d1-b55a-cc406e431443,565a66d9-e425-5c7c-ac8c-a7562168a4e9,DELLI CARRIFilippoNuovo,DELLICARRIFILIPPO,fantacalcio-online-csv,395,Delli Carri,MONZA,fuzzy,0.9,"cognome univoco nel registro, squadra diversa (CSV='Serie Minori' vs registro='Monza': probabile prestito/differenza fonte, non un merge di omonimi)"
42cdc135-d1de-5b3d-a053-95a690086eb7,713b07ad-6809-5ae4-a7f0-76b36c2fbdd2,EHIZIBUEKingsley2025/2026,EHIZIBUEKINGSLEY,fantacalcio-online-csv,396,Ehizibue,GENOA,exact,1.0,
6db5df88-899e-5ae7-9b20-06c8897807ad,335bbe12-ef2d-512f-b9c9-cb853373a98d,ELPHEGENesta,ELPHEGENESTA,fantacalcio-online-csv,397,Elphege,PARMA,exact,1.0,
7b9fd005-106b-5be3-bacc-00bdd850697d,86f972aa-8eec-5a5b-b095-1e28e725b7a6,FINISeydou2025/2026,FINISEYDOU,fantacalcio-online-csv,398,Fini ,FROSINONE,exact,1.0,
fba05894-a040-580d-bad3-a7420ab27fa8,6fade0df-7794-5c66-ba26-aec7313ac3a1,FORTININiccolo,FORTININICCOLO,fantacalcio-online-csv,399,Fortini,TORINO,exact,1.0,
565559e0-3a18-59ca-95a3-4b8b8ae3b0c1,c1e9bfd4-2bde-5355-b322-25c660070313,GAGLIARDINIRoberto2025/2026,GAGLIARDINIROBERTO,fantacalcio-online-csv,400,Gagliardini,CAGLIARI,exact,1.0,
d023f721-3fbf-580f-ad54-12f3f44fe921,6e843b8c-301f-5f3f-9c80-b91531f692cf,GATTIFederico2025/2026,GATTIFEDERICO,fantacalcio-online-csv,401,Gatti,JUVENTUS,exact,1.0,
05cafaa4-17de-58d9-8327-ee5f9adc47bb,028458d8-7386-55ed-b99b-7c91ef987646,GELLIFrancescoNuovo,GELLIFRANCESCO,fantacalcio-online-csv,402,Gelli F.,FROSINONE,exact,1.0,
b6695458-d72f-5e65-adfa-f86f74719a1d,cf97c7d2-f043-5823-915c-726a3a6584e7,HAINAUTAntoine,HAINAUTANTOINE,fantacalcio-online-csv,403,Hainaut,VENEZIA,exact,1.0,
384dddee-1893-59c1-8848-ce376026d500,62f94d33-8179-584c-9e6a-c860a4c019aa,HAPSRidgeciano,HAPSRIDGECIANO,fantacalcio-online-csv,404,Haps,VENEZIA,exact,1.0,
6e4cb870-d451-52b7-b33a-114692bc45fe,706598d1-5871-5fb6-8c01-81201afa8cc3,JOAO MARIONeto Lopes,JOAOMARIONETOLOPES,fantacalcio-online-csv,406,Joao Mario,FIORENTINA,exact,1.0,
9faab8b2-3d78-53d9-a586-9ccc04b0a648,10535b65-f1bc-5d06-b6c4-c85d4fa36b56,JOVANOVICLazarNuovo,JOVANOVICLAZAR,fantacalcio-online-csv,407,Jovanovic,UDINESE,exact,1.0,
57c7e551-065c-5ec6-a26a-2d44e1893688,ca9f16e6-12b1-5bc8-b0d5-20b8d9f781fb,KOFLERRaphaelNuovo,KOFLERRAPHAEL,fantacalcio-online-csv,408,Kofler,CAGLIARI,exact,1.0,
4a38311b-c9c9-5acf-85cc-254b47c94424,8c12b315-1b2f-5e89-9332-7a28b0acac47,MALEHYoussef2025/2026,MALEHYOUSSEF,fantacalcio-online-csv,410,Maleh,LECCE,exact,1.0,
fee0cbb5-24d7-509e-af17-cdecb83ab455,0959057c-1057-5a47-be62-b92f0d122f9b,MASINIPatrizio2025/2026,MASINIPATRIZIO,fantacalcio-online-csv,411,Masini,FROSINONE,exact,1.0,
6f3d247c-39b2-54dd-8424-3679c0b2dbd6,2938f92b-0438-582c-a2ce-ef14eaf611c1,MORENOMatíasNuovo,MORENOMATIAS,fantacalcio-online-csv,413,Moreno M.,VENEZIA,exact,1.0,
74e17337-5698-5b6f-89d5-268f5e522931,ced96226-1220-5a3e-b599-19f6e13b9656,MUSAHYunus,MUSAHYUNUS,fantacalcio-online-csv,414,Musah,MILAN,exact,1.0,
d6beb556-bc85-5f9f-9ae2-c62233027b7a,8f590144-12f5-5985-a0a9-724ac1279e7b,N’DRIKonan,NDRIKONAN,fantacalcio-online-csv,415,N'Dri,LECCE,exact,1.0,
5a547200-b086-5131-a1af-4e05e99b2746,35715968-bd13-5054-924d-adae383ee908,ORDONEZChristian2025/2026,ORDONEZCHRISTIAN,fantacalcio-online-csv,416,Ordonez C.,PARMA,exact,1.0,
396b908f-b656-514a-8ac5-c54b7c55e0a1,8eb6d26b-a859-5c47-868e-a06f6ae2bebb,PETAGNAAndreaNuovo,PETAGNAANDREA,fantacalcio-online-csv,417,Petagna,MONZA,fuzzy,0.9,"cognome univoco nel registro, squadra diversa (CSV='Serie Minori' vs registro='Monza': probabile prestito/differenza fonte, non un merge di omonimi)"
e9332dcb-c397-5080-80ab-8dc7dceb5a5a,5d3378e4-73ca-59db-bf8d-7643ebdbe67d,PROVSTGAARDOliver,PROVSTGAARDOLIVER,fantacalcio-online-csv,418,Provstgaard,LAZIO,exact,1.0,
2220742a-027b-5001-81aa-e7cea014223c,f7eaba3e-ac0c-5481-a646-b21959f721bb,RODRIGUEZJuan,RODRIGUEZJUAN,fantacalcio-online-csv,419,Rodriguez Ju.,CAGLIARI,exact,1.0,
4b1748da-fda2-5d78-bab8-1b2d59797560,6bfccb40-480d-5dd8-b98a-25a093b1ecc5,RODRIGUEZRicardoNuovo,RODRIGUEZRICARDO,fantacalcio-online-csv,420,Rodriguez R.,TORINO,exact,1.0,
4eed161a-81c7-5db2-a631-4eee45587fad,d2f569c1-396f-539a-a6bf-568a636586d3,SIEBERTJamil,SIEBERTJAMIL,fantacalcio-online-csv,421,Siebert,LECCE,exact,1.0,
0929981b-d8be-534b-8e99-a843cfc66d58,2fdb45af-e3da-5061-a073-5e07d6714843,STANKOVICAleksandar,STANKOVICALEKSANDAR,fantacalcio-online-csv,422,Stankovic A.,INTER,exact,1.0,
1b637376-e0cc-51e1-a5ba-83afae35823c,a13d3c1f-1abd-58e6-a616-3c2e10fee658,TCHATOEnzo MbiayiNuovo,TCHATOENZOMBIAYI,fantacalcio-online-csv,423,Tchato,FROSINONE,exact,1.0,
3dbbaa84-a661-5ac7-be74-75e6945de3aa,57a944b4-9924-5fe8-9762-30a4feb984e2,TERRACCIANOFilippo2025/2026,TERRACCIANOFILIPPO,fantacalcio-online-csv,424,Terracciano F.,MILAN,exact,1.0,
b54c5d87-4cdf-5137-ad77-e0f89dc01a9d,b0bb3fc5-924a-5ed6-a4a0-d711f71be096,VENTURINOLorenzo2025/2026,VENTURINOLORENZO,fantacalcio-online-csv,425,Venturino,GENOA,exact,1.0,
4911a703-7b92-5afa-9e9b-ee482d5686ad,44202792-a4ef-5b0c-8f61-1138d9609442,ABOUKHLALZakaria2025/2026,ABOUKHLALZAKARIA,fantacalcio-online-csv,426,Aboukhlal,TORINO,exact,1.0,
1fa823a9-8896-5415-baf9-2741bda726c0,391ce13f-e34e-575a-997c-e6d5cb56be96,ARIZALAJuan2025/2026,ARIZALAJUAN,fantacalcio-online-csv,427,Arizala,UDINESE,exact,1.0,
e9f159d7-886b-56b7-a5a2-85c3c5519c0f,0f8c7ee9-676c-5af1-8fdf-e6a531ae34f1,ATHEKAMEZachary2025/2026,ATHEKAMEZACHARY,fantacalcio-online-csv,428,Athekame,MILAN,fuzzy,0.9,"cognome univoco nel registro, squadra diversa (CSV='Estero' vs registro='Milan': probabile prestito/differenza fonte, non un merge di omonimi)"
97725c07-c0b0-5c40-a9d3-af58b63c42f1,7b4a2266-e3cc-585e-b0d1-eb03f2e3f455,BUKSAAdam2025/2026,BUKSAADAM,fantacalcio-online-csv,430,Buksa,UDINESE,fuzzy,0.9,"cognome univoco nel registro, squadra diversa (CSV='Estero' vs registro='Udinese': probabile prestito/differenza fonte, non un merge di omonimi)"
c2f44d36-37b8-55a5-aa90-de371bbf675a,a9052c26-618f-51dd-9ac2-73c9b00d5ab9,CANDEFali2025/2026,CANDEFALI,fantacalcio-online-csv,431,Candè,SASSUOLO,exact,1.0,
a8955e94-faa1-5507-8e1f-23e9540a8222,87c1b120-cf0d-5927-a307-c80cc314c11d,CITTADINIGiorgioNuovo,CITTADINIGIORGIO,fantacalcio-online-csv,432,Cittadini,FROSINONE,exact,1.0,
703ec141-48cf-5596-a6ad-8153a8f38dc2,e595a29e-2a83-5088-b62f-cf51b50fbbbc,COMOTTOChristian2025/2026,COMOTTOCHRISTIAN,fantacalcio-online-csv,433,Comotto,MILAN,exact,1.0,
ecdbb339-61de-5144-b6bf-8f7940c7fab0,7b89cc62-7d1e-5753-925d-e83e98c3fe79,DEIOLAAlessandro2025/2026,DEIOLAALESSANDRO,fantacalcio-online-csv,434,Deiola,CAGLIARI,exact,1.0,
89f72d18-1160-5771-a980-2437a2b76936,e04c9ebb-e9a9-510c-b073-c90b292e1e15,DRAMEHCodyNuovo,DRAMEHCODY,fantacalcio-online-csv,436,Drameh,GENOA,exact,1.0,
3f78c404-1461-5961-be7f-05b314802507,c3c7dc6f-6d3f-5cf9-81ab-a77b6c3c34c0,DUNCANAlfredNuovo,DUNCANALFRED,fantacalcio-online-csv,437,Duncan,VENEZIA,exact,1.0,
825699ef-31e8-546e-a27e-fc0d0df3098e,5e18a465-e52c-569f-b52a-cc7839d773f5,EBOSSEEnzo2025/2026,EBOSSEENZO,fantacalcio-online-csv,438,Ebosse,UDINESE,exact,1.0,
84144d50-0a6a-569f-9865-9ab3e8e5429c,d0a10a63-462b-514a-a85e-46768736c968,ESTUPINANPervis,ESTUPINANPERVIS,fantacalcio-online-csv,439,Estupinan,MILAN,exact,1.0,
538e8e96-5e80-50f3-a23b-a5bb78b21360,71e2e55f-d8b3-505d-8551-a2b20c327f75,FATAHAmar AbdirahmanNuovo,FATAHAMARABDIRAHMAN,fantacalcio-online-csv,440,Fatah,LECCE,exact,1.0,
01a998f3-4234-5d9b-bafd-f276d23c72c6,ebf206f5-02ab-5b25-ba5d-e7e62025b7ee,FERNANDEZAntonio Casino,FERNANDEZANTONIOCASINO,fantacalcio-online-csv,441,Fernandez T.,VENEZIA,exact,1.0,
f2d4dae9-c6e8-517c-a6cf-25e6e65b3a67,4af21229-a6b5-51c5-a953-f92968a6c3d2,FLORIANI MUSSOLINIRomano,FLORIANIMUSSOLINIROMANO,fantacalcio-online-csv,442,Floriani Mussolini,LAZIO,exact,1.0,
5735b67a-8d6c-5226-8128-8e4d4a57cc84,ac6ebc26-74fb-5bbb-b23f-96ec5e04ac71,GORTEROlaf,GORTEROLAF,fantacalcio-online-csv,443,Gorter,LECCE,exact,1.0,
3fcf5d0a-5a77-5d96-adf6-c7e4fbc6886e,37104695-7c0f-5f50-8514-96c4d7339d91,HALHALRedouaneNuovo,HALHALREDOUANE,fantacalcio-online-csv,444,Halhal,VENEZIA,exact,1.0,
4934ec16-d902-506c-bde9-479dedd0c24f,abb229de-9196-5a4c-8faf-d15a78edc35b,HASALuis2025/2026,HASALUIS,fantacalcio-online-csv,445,Hasa,FROSINONE,exact,1.0,
5a81a526-fd73-504b-ab6c-4f5c9b04a0c5,afb83e69-b14a-5ec9-abb4-0a83c5b60488,HELGASONThorir2025/2026,HELGASONTHORIR,fantacalcio-online-csv,446,Helgason,VENEZIA,exact,1.0,
ceffa60c-1feb-5ec6-92cb-4c9f09229b8d,cdd05a74-177f-5603-b5c6-25753d54347b,HELLANDEivind,HELLANDEIVIND,fantacalcio-online-csv,447,Helland,BOLOGNA,exact,1.0,
37dea559-b722-5e73-a856-489f77d87498,8a7d6d1c-6311-52c9-81b9-13e8eecda6ed,KAMBWALAWillyNuovo,KAMBWALAWILLY,fantacalcio-online-csv,448,Kambwala,COMO,exact,1.0,
8897cbc9-ae89-5089-97b0-a4dac7fadeb5,83b980ba-009e-5678-b97d-f89469b4c806,LAZZARIManuel2025/2026,LAZZARIMANUEL,fantacalcio-online-csv,450,Lazzari,LAZIO,exact,1.0,
bf62448d-b5e2-5c9e-86d6-7334c2229691,b36430e7-e631-5872-ba4f-c9cba6c1c278,LIPANILuca2025/2026,LIPANILUCA,fantacalcio-online-csv,451,Lipani,SASSUOLO,exact,1.0,
3efa9f5e-dab0-5012-9ce3-a695b22c0a96,87899dab-bc8e-52cc-9a48-5f3ecbb62cdb,LONTANISimone,LONTANISIMONE,fantacalcio-online-csv,452,Lontani,PARMA,exact,1.0,
655f622a-9d8f-559d-9fc2-8161022f51f3,b7f910ae-402f-5e95-8905-dada7e616aca,LUCCHESILorenzoNuovo,LUCCHESILORENZO,fantacalcio-online-csv,453,Lucchesi,MONZA,exact,1.0,
54421cd0-de9d-585c-8710-03ac37473f5b,e6667788-015e-5da4-9fa7-c38ef986b839,MENDYPaul,MENDYPAUL,fantacalcio-online-csv,454,Mendy P.,CAGLIARI,exact,1.0,
9eb46d72-2ab6-57af-bd31-a9ae2eea8c12,05d5b659-8e4c-550b-a1ef-b3c2a09f3202,MITAJMarioNuovo,MITAJMARIO,fantacalcio-online-csv,455,Mitaj,GENOA,exact,1.0,
e2ec98d4-b0d1-52ab-9240-2d0529c7c185,d493bb3c-b840-5068-8dfd-b4e1e5b93d4e,MOTTAEdoardo,MOTTAEDOARDO,fantacalcio-online-csv,456,Motta,LAZIO,exact,1.0,
5e445506-e326-5e64-990a-b6212ef1c59b,bcc792a8-01d3-50b5-a2a2-ff336f5a9342,PALEARIAlberto,PALEARIALBERTO,fantacalcio-online-csv,457,Paleari,TORINO,exact,1.0,
e60cc8a2-8e1c-5239-ae65-7b53e0d4172b,abe566c9-3dca-573a-86d8-3b6ef67f8c66,PELLEGRINILuca2025/2026,PELLEGRINILUCA,fantacalcio-online-csv,458,Pellegrini Lu.,LAZIO,exact,1.0,
f0278827-5a50-586b-a5aa-abdab9a7539d,a22f02f4-f0b5-5105-9528-5202aa4d3993,SCHINGTIENNEJoëlNuovo,SCHINGTIENNEJOEL,fantacalcio-online-csv,461,Schingtienne,VENEZIA,exact,1.0,
da03dda8-a230-52a6-83a3-fad3389ea1b7,de3e4d93-4088-5bbd-92e3-219a5d4272b6,TERZICAleksaNuovo,TERZICALEKSA,fantacalcio-online-csv,462,Terzic,FROSINONE,exact,1.0,
ce8c9151-edd7-5e28-8f65-01493e1d0dc1,66a1e2e6-1d49-5618-8911-92ed40d52b44,THIAMDemba,THIAMDEMBA,fantacalcio-online-csv,463,Thiam,MONZA,exact,1.0,
e04114eb-0b86-55c6-bd58-65db284e01a3,08919d7b-5d16-5343-9aca-d65d0ce9b2c1,TOUREEl Bilal,TOUREELBILAL,fantacalcio-online-csv,464,Tourè E.,PARMA,exact,1.0,
0b9f7447-8c6f-5d12-abbe-aedfd1d33d9d,88b26f3d-f437-57d2-b741-e57ad6b5cc6f,TROILOMariano,TROILOMARIANO,fantacalcio-online-csv,465,Troilo,PARMA,exact,1.0,
e2157136-661f-5411-8f92-13951fb03703,fd05c8bc-3520-5ddc-b44d-0162af7c1b30,ZANOLIAlessandro,ZANOLIALESSANDRO,fantacalcio-online-csv,467,Zanoli,UDINESE,exact,1.0,
06cec0de-9f9d-53c1-9095-10a10d198968,b2fa3e0a-aabf-52d3-b018-3140d7ad3a21,ALHASSANEAbdel Rahim BonkanoNuovo,ALHASSANEABDELRAHIMBONKANO,fantacalcio-online-csv,469,Alhassane,BOLOGNA,exact,1.0,
4d3e7ee7-dde3-5a51-996d-019c0c275c4a,4691eb59-2b40-5e43-850d-a9ffcc9d5a55,ANGELINOJose2025/2026,ANGELINOJOSE,fantacalcio-online-csv,470,Angelino,ROMA,fuzzy,0.9,"cognome univoco nel registro, squadra diversa (CSV='Estero' vs registro='Roma': probabile prestito/differenza fonte, non un merge di omonimi)"
a2119132-fea7-515f-9816-34641d3fc25b,54cbfea6-7656-5016-81f6-feb46661cb91,ANJORINTino2025/2026,ANJORINTINO,fantacalcio-online-csv,471,Anjorin,TORINO,exact,1.0,
14214266-f25b-569d-bc74-7f02b263467f,77b9196e-e447-5b7b-ae23-83add093915e,AURELIOGiuseppeNuovo,AURELIOGIUSEPPE,fantacalcio-online-csv,472,Aurelio,CAGLIARI,exact,1.0,
340c3fc3-aa52-5925-ac7f-12533c9b5e85,7c527c2f-3e68-5b70-bb89-ee8172b8560d,BELAHYANEReda2025/2026,BELAHYANEREDA,fantacalcio-online-csv,474,Belahyane,LAZIO,exact,1.0,
aec180ef-19ec-5182-9646-05a7fdd6de12,f62a6983-089c-5b06-b204-da4ab5ecb5e4,BIRAGHICristiano2025/2026,BIRAGHICRISTIANO,fantacalcio-online-csv,475,Biraghi,TORINO,exact,1.0,
a034091d-a29a-5558-b877-d9e5ab7dfdcd,8e7c7738-b1ff-52a3-ab8e-e8ceda70c5a5,BOLOCADaniel2025/2026,BOLOCADANIEL,fantacalcio-online-csv,476,Boloca,SASSUOLO,exact,1.0,
6cd96eef-f3a5-50ae-8985-ffea0878fe87,952ccb39-f434-56ff-a90e-908dcb7a9391,CABALJuan2025/2026,CABALJUAN,fantacalcio-online-csv,477,Cabal,JUVENTUS,exact,1.0,
dba1e9b2-ec75-5117-9480-2d74705b573b,182634e1-3ba1-5caf-8293-cbbbc83873dc,CASALENicolò2025/2026,CASALENICOLO,fantacalcio-online-csv,478,Casale,BOLOGNA,exact,1.0,
bc297563-a3af-5774-9646-5bdd96154cca,b752b8d1-c83b-53d6-b432-bf914f945e5b,CHAKVETADZEGiorgiNuovo,CHAKVETADZEGIORGI,fantacalcio-online-csv,479,Chakvetadze,UDINESE,exact,1.0,
7130a928-6c5b-5795-ab55-3bd97b839200,cdb063b3-3fba-5c23-a582-d85f32d95075,DAFFARAGiovanni,DAFFARAGIOVANNI,fantacalcio-online-csv,480,Daffara,PARMA,exact,1.0,
29dc4f7e-c785-5d17-8cde-646729a3bca2,34f59f32-8cb8-5bea-971d-be5ee70cc7b9,EL AZZOUZIOussama2025/2026,ELAZZOUZIOUSSAMA,fantacalcio-online-csv,483,El Azzouzi O.,BOLOGNA,exact,1.0,
d3b79445-54da-5e9c-80f8-56f946687dd5,cb576d9d-0545-5141-bb0b-ebadf287a41f,FORSONOmariNuovo,FORSONOMARI,fantacalcio-online-csv,484,Forson O.,MONZA,exact,1.0,
971298c2-c076-5f32-9b5f-b18f24cdcb41,83ebb084-b6f0-558e-9134-e5e5ac48546c,GOGLICHIDZESaba2025/2026,GOGLICHIDZESABA,fantacalcio-online-csv,486,Goglichidze,MONZA,exact,1.0,
5c701586-2956-5363-94cd-35e278a647aa,65300679-cdd9-534e-a5c6-8c7e627e3952,IDRISSIRiyad2025/2026,IDRISSIRIYAD,fantacalcio-online-csv,487,Idrissi R.,CAGLIARI,exact,1.0,
27614ff1-b5b6-5e41-aef3-e8da09cb198c,c527651f-1f42-5fa6-8d79-cd9310b5dc92,ILICIvan2025/2026,ILICIVAN,fantacalcio-online-csv,488,Ilic,LECCE,exact,1.0,
a83c274b-448d-5eed-a4f4-c740297faab5,8184fdf6-47af-5f3e-8052-10bd1c834bc5,MARIANUCCILuca2025/2026,MARIANUCCILUCA,fantacalcio-online-csv,489,Marianucci,NAPOLI,exact,1.0,
4c609b23-dd61-5595-8ae9-6ca1df2f059e,77d4ddd3-d63d-526f-8f68-d7af20a7ff67,MARINRafa,MARINRAFA,fantacalcio-online-csv,490,Marin R.,NAPOLI,exact,1.0,
20b6dc14-113f-557d-ad8e-27179606c035,6b0952f1-6436-593e-9ace-fe67733df1c9,MASSOLINYanisNuovo,MASSOLINYANIS,fantacalcio-online-csv,491,Massolin,CAGLIARI,exact,1.0,
e89b77fe-d2d9-5895-9431-35141b3dd168,79376bd2-bd82-5161-9e75-7407af4b54a1,MILIKArek,MILIKAREK,fantacalcio-online-csv,492,Milik,JUVENTUS,exact,1.0,
5c43f4f9-fb97-52aa-82bb-29925fa926c1,2b3e63b2-c501-5e46-b6d7-a3ce2740b672,NDIAYEAbdoulaye2025/2026,NDIAYEABDOULAYE,fantacalcio-online-csv,493,Ndiaye,PARMA,exact,1.0,
c2a14ceb-3392-555e-b710-ba3582f4f07e,72474982-66b6-5ed7-b46c-de88c77fe1a5,OYONOAnthony,OYONOANTHONY,fantacalcio-online-csv,494,Oyono A.,FROSINONE,exact,1.0,
a41eba11-a82a-5c11-9e37-ff0b6b7e5f23,e6a58710-fe0a-56a5-97cd-b0fb5edf53ad,PALMAMatteo,PALMAMATTEO,fantacalcio-online-csv,495,Palma,UDINESE,exact,1.0,
108c6aa4-2090-5175-8c51-4a90ab7cb624,bd2b703f-1d99-5481-b230-c3f14d7b0c1b,PATRIC-2025/2026,PATRIC,fantacalcio-online-csv,496,Patric,LAZIO,exact,1.0,
f24176b4-f7d6-5e54-b5c4-ed4f01cf7e09,75d8b80c-91b5-5e9f-8ed3-4a99a3480e71,PERINMattia,PERINMATTIA,fantacalcio-online-csv,497,Perin,JUVENTUS,fuzzy,0.9,"cognome univoco nel registro, squadra diversa (CSV='Serie Minori' vs registro='Juventus': probabile prestito/differenza fonte, non un merge di omonimi)"
d19fdf75-0e37-5958-8086-38139ac8fa73,be57d27b-a23e-567a-992c-f57d40495a26,PUCZKADavidNuovo,PUCZKADAVID,fantacalcio-online-csv,498,Puczka,GENOA,exact,1.0,
087d0684-1b91-583d-acdd-36ffe7ed6a3d,27ab995b-6c4f-5a48-a45a-b54b58b1964d,SABELLIStefano2025/2026,SABELLISTEFANO,fantacalcio-online-csv,499,Sabelli,GENOA,exact,1.0,
15d4ab11-357f-5e3d-b7cb-a9e208df1a8e,7bd717bf-3b14-5b1d-8b41-0952d2f19009,SAGRADORichieNuovo,SAGRADORICHIE,fantacalcio-online-csv,500,Sagrado,VENEZIA,exact,1.0,
ba50a386-9c42-51e1-8c2a-d58ff30b5609,c344b6bc-d8c4-5493-9b86-28e9ede4d200,SVERKOMarinNuovo,SVERKOMARIN,fantacalcio-online-csv,501,Sverko,VENEZIA,exact,1.0,
cb69a41c-346b-539a-a980-92a7179aedf3,47bac0c5-1d0d-5f8d-9465-0db8893feb87,VAN DER BREMPTIgnace,VANDERBREMPTIGNACE,fantacalcio-online-csv,503,Van Der Brempt,SASSUOLO,exact,1.0,
7204bf15-e4ca-5ba2-8208-d15d46d84b4c,d896452a-68bd-5120-ae85-eab30d67dc28,ZARRAGAOier2025/2026,ZARRAGAOIER,fantacalcio-online-csv,504,Zarraga,UDINESE,exact,1.0,
47fdbffc-f440-55e7-90d9-753ce2085e4d,a996f4ab-a5ef-5d37-8b60-884d95b94b4e,AKPOGUMAKevinNuovo,AKPOGUMAKEVIN,fantacalcio-online-csv,505,Akpoguma,FROSINONE,exact,1.0,
8e809d87-1023-5eae-a9bd-edca16863dd4,d25b3cce-e4cb-5180-91b1-63c777e26cee,BAKOUNEAdamNuovo,BAKOUNEADAM,fantacalcio-online-csv,507,Bakoune,MONZA,exact,1.0,
90ad17d9-7728-502f-b72b-4a94fbaa6e23,c3f448e0-770a-5374-85d3-1ef70d758276,BAYOVakoun,BAYOVAKOUN,fantacalcio-online-csv,508,Bayo V.,UDINESE,exact,1.0,
f45c0c81-71ef-521d-8e8d-5ed29e715331,931a8b55-f1a8-53f1-9d22-24385451ae2b,CIERVORiccardo2025/2026,CIERVORICCARDO,fantacalcio-online-csv,512,Ciervo,CAGLIARI,exact,1.0,
cf38efe5-7b66-56c1-9b3a-8ea95d678c69,c82658bd-d24c-5725-a5f2-022b807efa10,CREMASCHIBenjamín2025/2026,CREMASCHIBENJAMIN,fantacalcio-online-csv,513,Cremaschi,PARMA,exact,1.0,
860bb638-c191-5d8b-91a0-a6ca4b0b11d6,62cf0514-454c-5058-ad28-603f54962e3a,DESPLANCHESSebastianoNuovo,DESPLANCHESSEBASTIANO,fantacalcio-online-csv,515,Desplanches,FROSINONE,exact,1.0,
5c66a7f6-1ffc-5495-a070-f5753a4578c1,88c93ecd-f728-54f4-a9c1-908eb14eda20,DIAWARASankhounNuovo,DIAWARASANKHOUN,fantacalcio-online-csv,516,Diawara S.,MILAN,exact,1.0,
120ba08b-12d6-50a6-abe0-f7500218313e,2ba96b19-8089-5707-aeb8-49ae35fe3fba,FOE ONDOAMangaNuovo,FOEONDOAMANGA,fantacalcio-online-csv,517,Foe Ondoa,MONZA,exact,1.0,
1045de1f-db08-5815-a35f-96af64a69c93,b2ef4252-c6c5-58bb-948e-10b82037e38d,GELLIJacopoNuovo,GELLIJACOPO,fantacalcio-online-csv,518,Gelli J.,FROSINONE,exact,1.0,nome univoco disambiguato per iniziale; squadra CSV='Serie Minori' vs registro='Frosinone'
361ec4c7-c2ef-5c6c-8d21-0f621559b00b,86f5062a-f5b2-5d29-a46f-09fa3300f800,GOLDANIGAEdoardo2025/2026,GOLDANIGAEDOARDO,fantacalcio-online-csv,521,Goldaniga,COMO,exact,1.0,
ddb9bc8b-81c2-5d95-8be2-87ffdf5e4631,5eba1186-4ebf-52d7-9be5-de4d5b4e2d74,JEANGaby2025/2026,JEANGABY,fantacalcio-online-csv,522,Jean,LECCE,exact,1.0,
02af9695-2d44-538e-9b64-14fbab562057,860c2824-2b89-51a9-810b-aa73b6c7bbf9,KONEBen Lhassine2025/2026,KONEBENLHASSINE,fantacalcio-online-csv,523,Kone B.,FROSINONE,exact,1.0,
784273cd-19c0-5927-890b-f26f7ae1511f,e54f2256-bf27-5eaa-8ab6-45482cac06b5,KOUADIOEddy,KOUADIOEDDY,fantacalcio-online-csv,524,Kouadio,MONZA,exact,1.0,
e891d9bd-8b35-560a-b8a8-af54bb92981b,19697848-e209-5399-8478-9912d684a0a9,LULLIEmanuele,LULLIEMANUELE,fantacalcio-online-csv,525,Lulli,ROMA,exact,1.0,
c11cd458-7991-5ad8-b1aa-f802c54f5829,7e62b5c5-d5e8-504f-a133-9459c00739a4,MAZZOCCHIPasquale2025/2026,MAZZOCCHIPASQUALE,fantacalcio-online-csv,526,Mazzocchi,VENEZIA,exact,1.0,
ff9f041d-8ff3-5649-9d19-7f4d73c32f24,9d9acd11-6039-5a5b-928f-bf76b5610ee1,MOROLuca2025/2026,MOROLUCA,fantacalcio-online-csv,527,Moro L.,SASSUOLO,exact,1.0,nome univoco disambiguato per iniziale; squadra CSV='Serie Minori' vs registro='Sassuolo'
a5a7c97e-1644-5ee7-8072-301d3277d139,622ecd5c-6f9c-53c3-80b4-bf001f8550fa,OTOASebastian2025/2026,OTOASEBASTIAN,fantacalcio-online-csv,529,Otoa,GENOA,exact,1.0,
eede83db-d60f-56fd-af9d-407bff97a40b,abaf4465-be29-506e-9534-5b3a83fdbd08,PROVEDELIvan,PROVEDELIVAN,fantacalcio-online-csv,530,Provedel,INTER,exact,1.0,
9c042ced-8572-5a89-b1f3-9b42111225ba,10dc8fe6-6e9f-5097-bc89-938b87ab9ec5,ABANKWAHJames,ABANKWAHJAMES,fantacalcio-online-csv,531,Abankwah,UDINESE,exact,1.0,
0a981358-276e-573b-a352-60a8db8975b8,830ebe7e-0bcd-558e-9ddb-43be0039e2df,ALBARRACINAgustin2025/2026,ALBARRACINAGUSTIN,fantacalcio-online-csv,532,Albarracin,CAGLIARI,fuzzy,0.9,"cognome univoco nel registro, squadra diversa (CSV='Estero' vs registro='Cagliari': probabile prestito/differenza fonte, non un merge di omonimi)"
fc110a90-d39d-5b46-b1a6-f0b58863cf29,3b5aed92-d649-59e5-8dee-db1ad0568ea5,ANTOVValentinNuovo,ANTOVVALENTIN,fantacalcio-online-csv,534,Antov,MONZA,exact,1.0,
a9017fe8-97c9-595d-b28c-0b6e13658ee1,495c02a9-ae8a-51cc-b38a-f7588f217edb,AZONIvan2025/2026,AZONIVAN,fantacalcio-online-csv,535,Azon,COMO,fuzzy,0.9,"cognome univoco nel registro, squadra diversa (CSV='Estero' vs registro='Como': probabile prestito/differenza fonte, non un merge di omonimi)"
f5f62fd9-c367-5a52-b245-09b97863a66f,1eeb6ca0-63d9-54b4-a455-6237e56d4768,CARBONIFranco Ezequiel2025/2026,CARBONIFRANCOEZEQUIEL,fantacalcio-online-csv,540,Carboni F.,PARMA,exact,1.0,
c9de8321-29a1-55d7-96da-014886f80e5a,f6dff5e6-a517-54d2-b3b8-024fd78d5a81,CINQUEGRANOSimone,CINQUEGRANOSIMONE,fantacalcio-online-csv,542,Cinquegrano,SASSUOLO,exact,1.0,
1f792fc5-d22a-5410-a870-4beab163c84d,86f1d747-000a-5d23-915d-a21399060f0d,CORVIEdoardo,CORVIEDOARDO,fantacalcio-online-csv,543,Corvi,PARMA,exact,1.0,
ad9048ce-9f08-5076-b807-2022d2cd8366,089d098e-cda3-5538-ab83-19b9fb5cc1d9,DE SILVESTRILorenzo2025/2026,DESILVESTRILORENZO,fantacalcio-online-csv,545,De Silvestri,BOLOGNA,exact,1.0,
b93c6b5e-09d5-5715-9702-66269d8b793b,997ca01f-0103-5588-bc98-3901384aa6d8,DEMBELEAli2025/2026,DEMBELEALI,fantacalcio-online-csv,546,Dembelè A.,LECCE,exact,1.0,
0fdea906-6fca-596f-bf7c-2c6c1b018ad4,7c988390-39dd-59b8-bd33-52947d88a6e1,DROBNICDominik2025/2026,DROBNICDOMINIK,fantacalcio-online-csv,547,Drobnic,PARMA,exact,1.0,
819fb749-52cb-530d-be29-83b3fc1178af,83916522-1480-56c2-a71e-a003b5056465,FOFANASadik2025/2026,FOFANASADIK,fantacalcio-online-csv,548,Fofana Sa.,LECCE,exact,1.0,
55eaeb07-681c-5078-b856-93202119e1e2,b3f87ee8-0fcf-530e-8deb-ddc6dedeffb3,IANNONIEdoardo2025/2026,IANNONIEDOARDO,fantacalcio-online-csv,551,Iannoni,SASSUOLO,fuzzy,0.9,"cognome univoco nel registro, squadra diversa (CSV='Serie Minori' vs registro='Sassuolo': probabile prestito/differenza fonte, non un merge di omonimi)"
ef0e31ec-969f-5616-b823-facb2efe60e7,e72fc633-5ab6-50ab-acf3-e46af57bbe9b,KABAMohamed2025/2026,KABAMOHAMED,fantacalcio-online-csv,554,Kaba,LECCE,exact,1.0,
19beeda4-5fc7-578a-a1c3-26c128430892,4a8d01b6-6fc7-5342-a39b-a0880bda3734,LISMANKornelNuovo,LISMANKORNEL,fantacalcio-online-csv,556,Lisman,VENEZIA,exact,1.0,
318cf330-0113-5f3b-aa2c-892386d89b15,2ecf4d1a-32fb-5694-95fd-bb6e18127bde,MAYEYvan2025/2026,MAYEYVAN,fantacalcio-online-csv,558,Maye,MONZA,exact,1.0,
c5caf1bf-d74a-5cb0-a781-58b7f286ca4e,2db70618-f4d3-5e72-b7da-8584b2c56e19,MISSORIFilippo2025/2026,MISSORIFILIPPO,fantacalcio-online-csv,559,Missori,SASSUOLO,fuzzy,0.9,"cognome univoco nel registro, squadra diversa (CSV='Serie Minori' vs registro='Sassuolo': probabile prestito/differenza fonte, non un merge di omonimi)"
25a527a5-4b8f-5d86-8ffe-7d585f5bf04e,e92e442a-7ec7-5366-bf10-d1daf2eaa7e7,MLACICBranimir2025/2026,MLACICBRANIMIR,fantacalcio-online-csv,560,Mlacic,UDINESE,fuzzy,0.9,"cognome univoco nel registro, squadra diversa (CSV='Estero' vs registro='Udinese': probabile prestito/differenza fonte, non un merge di omonimi)"
8870ffc2-858a-5968-8aa3-da2d01270271,2dcd3197-2855-5dbf-8dc8-98bcf0b52e1d,MONTIPO'Lorenzo,MONTIPOLORENZO,fantacalcio-online-csv,561,Montipò,VENEZIA,exact,1.0,
41350629-f46a-5335-81d1-ded173204815,213f66fc-4d86-5c9b-ac1b-ab89bf2edf67,MOUTMathis,MOUTMATHIS,fantacalcio-online-csv,562,Mout,MONZA,exact,1.0,
33672899-90a0-5f50-97a0-60dccf1adce0,44257434-bf35-57dc-ad00-e6f1a9fc5ed0,MROZEKBartosz,MROZEKBARTOSZ,fantacalcio-online-csv,563,Mrozek,UDINESE,exact,1.0,
ac7f3266-69fa-5277-b622-dc6cf0ff114a,f51cde19-3953-5d1e-b1c9-378a7b83d0a1,NDABACorrie2025/2026,NDABACORRIE,fantacalcio-online-csv,564,Ndaba,LECCE,exact,1.0,
61968027-9a79-54ea-9dc9-2e196b56d1c2,028da3f4-1873-57b5-83c8-1ca752781128,PIERAGNOLOEdoardo2025/2026,PIERAGNOLOEDOARDO,fantacalcio-online-csv,566,Pieragnolo,SASSUOLO,exact,1.0,
6cebd0cf-8eec-57e4-9b54-8e6b64a8be04,ad032884-7ea7-58f0-870c-c652964d6e0c,RUGANIDaniele2025/2026,RUGANIDANIELE,fantacalcio-online-csv,569,Rugani,JUVENTUS,exact,1.0,
88737752-f524-5e1a-a4a5-9092d187e56a,c9f933d9-a0da-549a-9de1-7f04ce3f513c,VOGLIACCOAlessandro2025/2026,VOGLIACCOALESSANDRO,fantacalcio-online-csv,574,Vogliacco,GENOA,fuzzy,0.9,"cognome univoco nel registro, squadra diversa (CSV='Serie Minori' vs registro='Genoa': probabile prestito/differenza fonte, non un merge di omonimi)"
418ba1e5-6618-56b8-8fe4-883f878514e8,e5a3d7c1-2222-5499-81a4-15a80dacc11e,AMEYWisdomNuovo,AMEYWISDOM,fantacalcio-online-csv,579,Amey,FROSINONE,exact,1.0,
59e5bf79-16e7-5f52-a948-b628ce07a85b,a629a3c3-bee9-5b09-929f-779b7ba66a6c,BJARKASONBjarkiNuovo,BJARKASONBJARKI,fantacalcio-online-csv,581,Bjarkason,VENEZIA,fuzzy,0.9,"cognome univoco nel registro, squadra diversa (CSV='Serie Minori' vs registro='Venezia': probabile prestito/differenza fonte, non un merge di omonimi)"
c07f4c73-9076-5d73-9c8c-2b47747f94a9,bb956845-662e-59f6-81d7-daef8a47a291,BLEVEMarco,BLEVEMARCO,fantacalcio-online-csv,582,Bleve,LECCE,exact,1.0,
9b1f5a79-49bc-5fbb-aa9d-1c56557ee935,07f3cf62-d992-58f5-b991-bd6d1f661929,CAMARAAbdoulaye2025/2026,CAMARAABDOULAYE,fantacalcio-online-csv,585,Camara A.,UDINESE,fuzzy,0.9,"cognome univoco nel registro, squadra diversa (CSV='Estero' vs registro='Udinese': probabile prestito/differenza fonte, non un merge di omonimi)"
b8c15d73-6ecc-5e02-a99d-bce601ce281b,c38d2d07-d9dc-58d4-85a5-5451e9de1a14,CHRISTENSENOliver,CHRISTENSENOLIVER,fantacalcio-online-csv,588,Christensen O.,FIORENTINA,exact,1.0,
a3a2396c-4081-5e3e-9bf5-e6d68982032f,f48584e6-c462-5e84-bb3c-da4039216269,CIOCCIGiuseppe2025/2026,CIOCCIGIUSEPPE,fantacalcio-online-csv,589,Ciocci,CAGLIARI,fuzzy,0.9,"cognome univoco nel registro, squadra diversa (CSV='Serie Minori' vs registro='Cagliari': probabile prestito/differenza fonte, non un merge di omonimi)"
a3827218-5adf-563c-adb4-6f841226eba1,f774f020-ee14-592b-a9ac-66c60c1ce571,CONTININikita,CONTININIKITA,fantacalcio-online-csv,591,Contini,NAPOLI,exact,1.0,
95bdd97c-ab94-5ae7-a6be-104b3702d4b5,d3ef57da-d85f-5f66-9ea6-837948574d78,CORRADONiccoloNuovo,CORRADONICCOLO,fantacalcio-online-csv,592,Corrado,FROSINONE,fuzzy,0.9,"cognome univoco nel registro, squadra diversa (CSV='Serie Minori' vs registro='Frosinone': probabile prestito/differenza fonte, non un merge di omonimi)"
e0ded654-e665-565c-aa03-891bfe251ebb,8ec24093-ed1d-593e-856f-7fe09c533d16,DAGASSOMatteoNuovo,DAGASSOMATTEO,fantacalcio-online-csv,593,Dagasso,VENEZIA,exact,1.0,
c6db5b86-fa11-54dc-bf13-393f70179f13,dbbf37b6-6f67-549b-a0ed-58722024f3b0,DI GENNARORaffaele,DIGENNARORAFFAELE,fantacalcio-online-csv,596,Di Gennaro,INTER,exact,1.0,
d2a741e1-aa05-52fb-9be8-0180f1d89344,ca8a5638-7e8e-543b-9afe-93d7293330ec,EL AZZOUZIAnouarNuovo,ELAZZOUZIANOUAR,fantacalcio-online-csv,597,El Azzouzi A.,FROSINONE,exact,1.0,
496f96f0-15cd-54e4-8d67-ead5b2d98c35,e4beb5cd-19f7-519d-86ed-a6b0a3c6f52b,FRUCHTLChristian2025/2026,FRUCHTLCHRISTIAN,fantacalcio-online-csv,600,Fruchtl,LECCE,fuzzy,0.9,"cognome univoco nel registro, squadra diversa (CSV='Estero' vs registro='Lecce': probabile prestito/differenza fonte, non un merge di omonimi)"
2bfcdad3-ff17-59ae-a143-4d81f74d921f,287bdb96-800a-5743-948a-317232d4336b,GHIDOTTISimone,GHIDOTTISIMONE,fantacalcio-online-csv,604,Ghidotti,PARMA,exact,1.0,
66374e52-38d8-5b49-af1d-a6037f7afdb4,6af4d924-3b4d-5ef3-8af8-50c2f04cedd4,GOLLINIPierluigi,GOLLINIPIERLUIGI,fantacalcio-online-csv,605,Gollini,ROMA,exact,1.0,
498db157-ee68-59c0-85cf-6249fa790239,8ac54ae8-ecef-574f-b3e2-1120c47c2684,GOMESAlejandro FurtadoNuovo,GOMESALEJANDROFURTADO,fantacalcio-online-csv,606,Gomes,VENEZIA,exact,1.0,
203986f9-69f3-53a9-a576-05a34c6919f8,f1767556-06c7-5180-996e-84511719ff14,GRABARAKamil,GRABARAKAMIL,fantacalcio-online-csv,607,Grabara,JUVENTUS,exact,1.0,
3d8e4acb-f193-5263-b357-773cd18fd792,de882b9b-7905-5229-bf3d-d73d6319195d,GRANDIMatteo,GRANDIMATTEO,fantacalcio-online-csv,608,Grandi,VENEZIA,exact,1.0,
e71a9377-c95a-5c2d-8be0-14043958eb0f,e5970de1-d896-52bf-b2a9-debcb06a7806,HAPPONENUkko,HAPPONENUKKO,fantacalcio-online-csv,609,Happonen,BOLOGNA,exact,1.0,
85ff37c3-c2ea-501b-8d13-38af93ec26c4,ef0f8c7f-84b7-59f6-9b95-b9032b4d3359,LAERKEHjalteNuovo,LAERKEHJALTE,fantacalcio-online-csv,615,Laerke,LECCE,exact,1.0,
ee8ccae9-0e33-57b8-acef-8a1ab121e87a,1970e9a4-dc07-598b-b420-f173c196ac6b,LAHDOAdrian2025/2026,LAHDOADRIAN,fantacalcio-online-csv,616,Lahdo,COMO,exact,1.0,
bed4a621-edef-57b0-9f6d-0204731597de,15b9d873-c61e-5df2-b7e2-bccc7fb74c10,LAUBERBACHLionNuovo,LAUBERBACHLION,fantacalcio-online-csv,617,Lauberbach,VENEZIA,exact,1.0,
ac322ee7-6a7e-5f07-8b1e-bb60150a2680,6066e141-f039-55e3-8448-3a3355b2edf5,LEZZERINILuca,LEZZERINILUCA,fantacalcio-online-csv,619,Lezzerini,FIORENTINA,exact,1.0,
40a86090-4233-5d4f-8eef-4d7d8efc4874,56c57e88-3b00-5e00-b693-5a2c5fea47cc,LITETAJoseph2025/2026,LITETAJOSEPH,fantacalcio-online-csv,621,Liteta,CAGLIARI,exact,1.0,
bd14df64-e569-5cb3-87f0-770bfde0c3dc,d093cf47-74e9-5777-85ea-5a1e44222249,LOLICEldinNuovo,LOLICELDIN,fantacalcio-online-csv,622,Lolic,FROSINONE,exact,1.0,
5f62bed0-7216-5b23-8754-d52d57262c03,cf065ae9-cbc4-5ea2-af6b-cd1d8b10719c,MACCHIONITommaso2025/2026,MACCHIONITOMMASO,fantacalcio-online-csv,624,Macchioni,SASSUOLO,fuzzy,0.9,"cognome univoco nel registro, squadra diversa (CSV='Serie Minori' vs registro='Sassuolo': probabile prestito/differenza fonte, non un merge di omonimi)"
1e2fcf45-8360-5c5c-9727-3ff9060fa847,b294df48-290d-5210-bfe1-88a0ac5944f8,MASCARDIDiego,MASCARDIDIEGO,fantacalcio-online-csv,626,Mascardi,TORINO,exact,1.0,
e9e463ea-6267-59f0-b230-175b384d06dc,fbfbbe33-e64e-549f-a4bf-ab510058a429,MATTURROAlanNuovo,MATTURROALAN,fantacalcio-online-csv,627,Matturro,GENOA,fuzzy,0.9,"cognome univoco nel registro, squadra diversa (CSV='Estero' vs registro='Genoa': probabile prestito/differenza fonte, non un merge di omonimi)"
df21890e-c3e8-547b-adb7-4e070761e2bf,2f4a5ad2-b267-56e7-a987-087949ef3f2b,OYONOJeremyNuovo,OYONOJEREMY,fantacalcio-online-csv,629,Oyono J.,FROSINONE,exact,1.0,nome univoco disambiguato per iniziale; squadra CSV='Serie Minori' vs registro='Frosinone'
a061ea39-62b7-5bd8-9be3-67e271583e4b,49148dbf-923c-5a09-b8a1-f9bf7693cf98,PADELLIDaniele,PADELLIDANIELE,fantacalcio-online-csv,630,Padelli,UDINESE,exact,1.0,
d8a8b82b-5dcd-5616-8a87-c6e90e002c0a,998a2a33-7724-568e-806f-cbe983040198,PENEVPlamen,PENEVPLAMEN,fantacalcio-online-csv,632,Penev,LECCE,exact,1.0,
62f05531-724f-56ed-a93a-533928b6dc43,5ffff5b2-6ebe-5e56-88e9-41ee3200b2ab,PEREZMatías2025/2026,PEREZMATIAS,fantacalcio-online-csv,633,Perez M.,LECCE,exact,1.0,nome univoco disambiguato per iniziale; squadra CSV='Estero' vs registro='Lecce'
d1543bd0-67af-5753-9df8-4336f9d895a6,e294a356-2afe-5170-b1f2-9a62e9347a50,PESSINAMassimo,PESSINAMASSIMO,fantacalcio-online-csv,634,Pessina Mas.,BOLOGNA,exact,1.0,
d578a552-968e-544d-a9b9-d2bd6fcf7c7a,8b59a503-9d67-57e1-aa55-050ce76ccfb4,PIANAEdoardo,PIANAEDOARDO,fantacalcio-online-csv,635,Piana,UDINESE,exact,1.0,
c3fa8174-1e18-5c70-9bee-1e6c65924eed,c0f26b52-a129-56b7-a759-ad0b9847e64b,PINSOGLIOCarlo,PINSOGLIOCARLO,fantacalcio-online-csv,636,Pinsoglio,JUVENTUS,exact,1.0,
dc8cfca7-9ae2-560c-88be-4e39fa072da0,42342a5c-2df2-5a2c-9416-1522c223832f,PISSERIMatteoNuovo,PISSERIMATTEO,fantacalcio-online-csv,637,Pisseri,FROSINONE,exact,1.0,
47488b7b-f5e4-5c2b-aa35-727970b796b2,4303d43e-c23b-58b5-9a8b-5913eb4d4889,PIZZIGNACCOSemuelNuovo,PIZZIGNACCOSEMUEL,fantacalcio-online-csv,638,Pizzignacco,MONZA,fuzzy,0.9,"cognome univoco nel registro, squadra diversa (CSV='Serie Minori' vs registro='Monza': probabile prestito/differenza fonte, non un merge di omonimi)"
3d50df24-0ab3-5672-beb6-069aa5932ea1,6a3eccea-9bf8-5203-b9f4-f1d6432525d0,POMPEIThomasNuovo,POMPEITHOMAS,fantacalcio-online-csv,639,Pompei,ATALANTA,exact,1.0,
fc910b72-1bf7-5d38-9033-c0a435032d07,c10a188b-4ff6-52a9-a5e2-3453b5d15cf5,POZZIAlessio,POZZIALESSIO,fantacalcio-online-csv,640,Pozzi,VENEZIA,exact,1.0,
6e5788e1-68d9-50d4-ba25-9b6138509415,7e65a324-f83a-5133-bb2c-9c26900ce2ed,PRZYBOREKAdrian2025/2026,PRZYBOREKADRIAN,fantacalcio-online-csv,641,Przyborek,LAZIO,exact,1.0,
aefd909d-47a2-5894-8c7b-73463c2cf5cb,73b94810-56e7-5c7d-9d6f-cef9329fe18a,RADUNOVICBoris,RADUNOVICBORIS,fantacalcio-online-csv,642,Radunovic,CAGLIARI,exact,1.0,
f38e9fb8-c6a9-56e2-a773-891a2a811676,26f23146-984a-5612-92a8-18c9b34d001a,RATERINKOthniël2025/2026,RATERINKOTHNIEL,fantacalcio-online-csv,643,Raterink,CAGLIARI,fuzzy,0.9,"cognome univoco nel registro, squadra diversa (CSV='Estero' vs registro='Cagliari': probabile prestito/differenza fonte, non un merge di omonimi)"
04da794a-9b7a-591e-ac41-94d906eeb2b9,ae5187e4-6dc4-5436-9720-4b694a4eccee,RENZETTIDavide,RENZETTIDAVIDE,fantacalcio-online-csv,645,Renzetti,LAZIO,exact,1.0,
6dddaa90-14e3-5727-9cf8-ce7346d069c8,52b77c66-cb8f-576b-b925-b20f904a3850,ROSSIFrancesco,ROSSIFRANCESCO,fantacalcio-online-csv,646,Rossi F.,ATALANTA,exact,1.0,
e15e6670-77ca-5780-af9a-e2d4bab6b60f,c3676304-d340-514f-bdfe-e14e1e3e36a1,RUSSOAlessandro,RUSSOALESSANDRO,fantacalcio-online-csv,647,Russo A.,SASSUOLO,exact,1.0,
3537942c-07a8-554b-acf4-040f804863be,b9d9f420-408f-5c6d-b89e-4ea1eb8fa0fe,SAMOOJAJasper2025/2026,SAMOOJAJASPER,fantacalcio-online-csv,648,Samooja,LECCE,fuzzy,0.9,"cognome univoco nel registro, squadra diversa (CSV='Estero' vs registro='Lecce': probabile prestito/differenza fonte, non un merge di omonimi)"
9c70229f-cbc4-5b8a-8170-09af9c2d6b74,6ac50603-e3ea-5970-b7ca-0b07ec8f5369,SATALINOGiacomo,SATALINOGIACOMO,fantacalcio-online-csv,649,Satalino,SASSUOLO,exact,1.0,
ef39a34a-3b2a-5396-a339-77105f4a5872,12205eed-7d8d-561b-a25e-79dc8b88bfee,SHERRIAlen,SHERRIALEN,fantacalcio-online-csv,650,Sherri,CAGLIARI,exact,1.0,
7ffb117e-38e8-5a4e-9dfe-95d28ee4f0ca,52b94b9a-e67b-58d4-bd44-ecbb3dd5e4d4,SIVIEROLapo,SIVIEROLAPO,fantacalcio-online-csv,652,Siviero,TORINO,exact,1.0,
bf17c07c-1260-52f5-9294-761614808a8d,ecbfa523-c483-5b65-9243-5ac174c0ddbd,SOMMARIVADaniele,SOMMARIVADANIELE,fantacalcio-online-csv,653,Sommariva,GENOA,exact,1.0,
5b5e837e-4638-542b-8a24-4b567c565744,b8e95ab0-4c2a-58e9-a19e-ccc2e07307ba,SPORTIELLOMarco,SPORTIELLOMARCO,fantacalcio-online-csv,654,Sportiello,ATALANTA,exact,1.0,
d427e270-6e5d-5ec2-a2cd-76f2de38d06a,79b7bd3c-63d2-5843-9460-c9b57add0c0a,STOLZFranz,STOLZFRANZ,fantacalcio-online-csv,655,Stolz,GENOA,exact,1.0,
3c8ab212-8c8f-551a-af86-4a23829d1197,45ccc1ee-e01f-5ce5-ae5d-4228dc49d301,STRAJNARAljažNuovo,STRAJNARALJAZ,fantacalcio-online-csv,656,Strajnar,MONZA,exact,1.0,
a7e68710-230a-5d89-9b19-4575d73e9d64,37b11dee-c603-5945-9e9a-641180f55a4d,TORNQVISTNoel,TORNQVISTNOEL,fantacalcio-online-csv,657,Tornqvist,MONZA,exact,1.0,
74b99a6c-e5ab-51fd-a36a-ffc849f4fccc,f92ecd59-842f-5742-93bc-68d3d9ae2eee,TORRIANILorenzo,TORRIANILORENZO,fantacalcio-online-csv,658,Torriani,MILAN,exact,1.0,
2505c407-093e-5a5b-b484-80cda44d51ed,9d821e0d-31bb-5f2a-893c-eb8250d4e45a,TREPYYael2025/2026,TREPYYAEL,fantacalcio-online-csv,659,Trepy,CAGLIARI,exact,1.0,
e9aca307-0508-5d78-8f89-1a3c8012c2f4,4073011b-d5ed-5db7-9647-08437c4793ae,TURATIStefano,TURATISTEFANO,fantacalcio-online-csv,660,Turati,SASSUOLO,exact,1.0,
8e6b391b-3597-5b27-a984-a61fcb2eb624,13aec648-b4b3-5d86-9a52-3a86de19725d,VIGORITOMauro,VIGORITOMAURO,fantacalcio-online-csv,662,Vigorito,COMO,exact,1.0,
784f1f6e-152d-5414-b4af-c1591de62c60,14070cb0-1449-5a16-846f-5763c06246ea,VISMARAPaolo,VISMARAPAOLO,fantacalcio-online-csv,664,Vismara,ATALANTA,fuzzy,0.9,"cognome univoco nel registro, squadra diversa (CSV='Serie Minori' vs registro='Atalanta': probabile prestito/differenza fonte, non un merge di omonimi)"
2524d31e-fe2f-5b0c-850f-725687afc5aa,b8907c74-813f-5322-9fba-478117042ae2,ZIOLKOWSKIJan,ZIOLKOWSKIJAN,fantacalcio-online-csv,668,Ziolkowski,MONZA,exact,1.0,
34fcc8e1-3e0d-576e-9852-23bf0a8f65d6,f466e9cf-6c05-5fc1-9791-3fe353f314e6,MALEN Donyell,MALENDONYELL,fantacalcio-online-excel,3,Malen,ROMA,exact,1.0,
92e84f23-9e8c-538c-8adb-00317cee5238,f454a09a-827f-5e6b-9a00-a78ba92a5d2d,MARTINEZ Lautaro,MARTINEZLAUTARO,fantacalcio-online-excel,4,Martinez L.,INTER,exact,1.0,
87a42804-caff-5358-a4ef-8f2dcb546856,22a68c44-7c6f-527a-bd6c-3be0b7cb7b61,HOJLUND Rasmus,HOJLUNDRASMUS,fantacalcio-online-excel,5,Hojlund,NAPOLI,exact,1.0,
d4503be6-1790-54b4-8903-cc64a700b4ad,81a19374-3148-5175-9c29-086672da9908,RAMOS Goncalo Matias,RAMOSGONCALOMATIAS,fantacalcio-online-excel,6,Ramos G.,MILAN,exact,1.0,
f7f1f4c2-f7f8-54c2-89d5-4af6e85c907f,b35d3c40-1c2c-5521-b093-31463bbe7020,THURAM Marcus,THURAMMARCUS,fantacalcio-online-excel,7,Thuram,INTER,exact,1.0,
0626a485-53b5-58c4-b660-1b246dd20fa7,c9dc905f-0616-5a17-adde-fca48fc6788e,KOLO MUANI Randal,KOLOMUANIRANDAL,fantacalcio-online-excel,8,Kolo Muani,JUVENTUS,exact,1.0,
b5a6d7ef-9956-5b86-b0e7-129d95a9d517,17f1a76f-5307-516b-8310-47e2ebadefca,PAZ Nico,PAZNICO,fantacalcio-online-excel,9,Paz N.,COMO,exact,1.0,
163160eb-6a84-569c-905d-5b7e44b05805,d2053735-6842-516a-ba36-1fe8ac58b1eb,WOLTEMADE Nick,WOLTEMADENICK,fantacalcio-online-excel,10,Woltemade,JUVENTUS,exact,1.0,
58313017-28f2-566f-b311-8e0c34b8955c,71cbc518-b93b-505b-a585-29d68c7ab099,CALHANOGLU Hakan,CALHANOGLUHAKAN,fantacalcio-online-excel,11,Calhanoglu,INTER,exact,1.0,
4f43c1c0-eeac-57a7-9857-04cc8933ec72,299f04c4-38ee-5e64-a1c6-e3f858e13a9a,KEAN Moise,KEANMOISE,fantacalcio-online-excel,12,Kean,COMO,exact,1.0,
16e05d92-ebda-55e6-8c20-5dd0df526ece,d26cfe03-037b-521b-bbcd-cd0df8ed4794,DOUVIKAS Tasos,DOUVIKASTASOS,fantacalcio-online-excel,13,Douvikas,COMO,exact,1.0,
c2c9b9f6-f795-5772-8f77-4ff8aa5506ac,2f9201be-afe6-5363-ae47-bbac0c7e9276,PULISIC Christian,PULISICCHRISTIAN,fantacalcio-online-excel,14,Pulisic,MILAN,exact,1.0,
32701c72-945c-5384-90ef-877246814cbc,217c34f3-21a3-50e4-9ad9-def8c9b9cf8d,MCTOMINAY Scott,MCTOMINAYSCOTT,fantacalcio-online-excel,15,McTominay,NAPOLI,exact,1.0,
29411235-c353-58f3-98a2-9847e99c3a9e,89c46f44-8328-56ca-b724-66235f993858,YILDIZ Kenan,YILDIZKENAN,fantacalcio-online-excel,16,Yildiz,JUVENTUS,exact,1.0,
bf856e77-b059-5768-bf9b-be167c2a5d3b,686b01ef-f078-50b9-ba66-6983fbe9af24,ORSOLINI Riccardo,ORSOLINIRICCARDO,fantacalcio-online-excel,17,Orsolini,BOLOGNA,exact,1.0,
e345c3fe-916e-5afa-975a-98866ffabd55,e8723912-ff5e-5151-a54a-506232a6347c,SCAMACCA Gianluca,SCAMACCAGIANLUCA,fantacalcio-online-excel,18,Scamacca,ATALANTA,exact,1.0,
07a331e8-ab4d-5405-8075-227cc863f434,43f8ce1d-9273-5268-8b07-e6b88011d17a,BATURINA Martin,BATURINAMARTIN,fantacalcio-online-excel,19,Baturina,COMO,exact,1.0,
15ff5f96-c78d-5917-8a75-3caa0b05fe0d,2edb2c83-1d34-5c46-9f6b-2098ffdcdc70,BERARDI Domenico,BERARDIDOMENICO,fantacalcio-online-excel,20,Berardi,SASSUOLO,exact,1.0,
f3871d7e-2cc3-5177-a85c-090f4c32b30b,0e7e939f-0174-5b16-aa41-4deb2ead471a,RABIOT Adrien,RABIOTADRIEN,fantacalcio-online-excel,21,Rabiot,MILAN,exact,1.0,
5a6d09b4-f894-507d-9929-794a93f9ddbc,d37107da-4273-502c-9ae2-9e916d988dc9,DAVIS Keinan,DAVISKEINAN,fantacalcio-online-excel,22,Davis K.,UDINESE,exact,1.0,
3a3ffc88-e2b1-5a7f-a2fc-0a3a1220973e,39fa1860-e14a-5061-87ae-3ce6ce54d0d9,DYBALA Paulo,DYBALAPAULO,fantacalcio-online-excel,23,Dybala,ROMA,exact,1.0,
246a09ec-098c-5701-8448-49a5cf28118d,fea0eb0e-ec0b-5ba6-87a6-80a83a386023,DE BRUYNE Kevin,DEBRUYNEKEVIN,fantacalcio-online-excel,24,De Bruyne,NAPOLI,exact,1.0,
321865be-cbdc-51fc-80a9-6910abc0bb1a,836ba970-bfd8-5008-90eb-bed2cc2c3652,KRSTOVIC Nikola,KRSTOVICNIKOLA,fantacalcio-online-excel,25,Krstovic,ATALANTA,exact,1.0,
07a30f3f-3cc6-5190-a4b6-d18d2484838f,63eefcc1-5bce-5668-8c67-9d5e0415a92f,DIMARCO Federico,DIMARCOFEDERICO,fantacalcio-online-excel,26,Dimarco,INTER,exact,1.0,
10faf6e4-c3ac-5fd9-a08d-bc5bb02001f1,01040a65-ae6c-59f4-a322-dbd4fd41c522,ESPOSITO FP Francesco Pio,ESPOSITOFPFRANCESCOPIO,fantacalcio-online-excel,27,Esposito F.P.,INTER,exact,1.0,
57e0d9bb-b2c9-5118-8781-0edd212d882f,b1de4b88-9c06-5d65-9f43-36cf9f64796a,SIMEONE Giovanni,SIMEONEGIOVANNI,fantacalcio-online-excel,28,Simeone,TORINO,exact,1.0,
f34026e0-f23e-585f-82bb-c531865e0058,58a46468-eb82-5cb1-a7bc-a52df40f0441,ZANIOLO Nicolò,ZANIOLONICOLO,fantacalcio-online-excel,29,Zaniolo,UDINESE,exact,1.0,
a6ac9347-51ea-567e-adcf-7ff4291dde13,2fa1c2fe-4b91-53a7-92dd-26ae1338a887,DE KETELAERE Charles,DEKETELAERECHARLES,fantacalcio-online-excel,30,De Ketelaere,ATALANTA,exact,1.0,
47afd94b-0905-58f0-b650-69a8ad386994,a13c1b4d-bc4a-501e-8ec7-03a8c1f96d5c,BARELLA Nicolò,BARELLANICOLO,fantacalcio-online-excel,31,Barella,INTER,exact,1.0,
d8395046-9d97-58e1-aab7-a67498d63c96,dd5bba76-df81-529a-9b06-6f2d309c708d,ZACCAGNI Mattia,ZACCAGNIMATTIA,fantacalcio-online-excel,32,Zaccagni,LAZIO,exact,1.0,
d7f301ee-b6a6-5cf1-84e5-348a8bb057fd,77d890b6-14b8-52af-bfae-47f76182d5f6,LAURIENTE Armand,LAURIENTEARMAND,fantacalcio-online-excel,33,Laurientè,SASSUOLO,exact,1.0,
8d87f53b-e303-5695-aef5-5638a33c4906,c0a2f1df-991b-5dc2-97af-15c7dcceced0,CASTRO Santiago,CASTROSANTIAGO,fantacalcio-online-excel,34,Castro S.,ROMA,exact,1.0,
1ca4cbe7-88ac-55ba-ac3b-b82c8eb68243,7e061269-465c-5180-83d1-afb880cfccab,PINAMONTI Andrea,PINAMONTIANDREA,fantacalcio-online-excel,35,Pinamonti,LAZIO,exact,1.0,
51c431a3-0eb6-56f8-a05c-8ba190a56385,f3da0fa9-20dc-5748-8fa5-3faa7c1f38e1,DA CUNHA Lucas,DACUNHALUCAS,fantacalcio-online-excel,36,Da Cunha,COMO,exact,1.0,
633e5a09-8f2e-5ed4-940f-136f7efb33f4,1e8801f9-fee9-5567-bda0-f11580e8f01d,RASPADORI Giacomo,RASPADORIGIACOMO,fantacalcio-online-excel,38,Raspadori,ATALANTA,exact,1.0,
ec198e2f-a761-5baf-b390-4fc16562e558,c5993b2d-67ac-5d81-be4f-c90b252ecc7f,SOULE Matias,SOULEMATIAS,fantacalcio-online-excel,39,Soulè,ROMA,exact,1.0,
1c513e60-f821-560a-b85f-1dfd326afa61,fbfdc422-2eac-521d-b5af-4ed3e67cfa4f,BREMER Gleison,BREMERGLEISON,fantacalcio-online-excel,40,Bremer,JUVENTUS,exact,1.0,
754af288-63dc-56db-872b-f8a86eced5c0,604055bd-94f5-5da0-a120-5dfeff1e00ed,MCKENNIE Weston,MCKENNIEWESTON,fantacalcio-online-excel,41,McKennie,JUVENTUS,exact,1.0,
34707f5d-bb80-5963-8379-0a01953327a3,e985a8b8-a299-593e-b535-7417423e339e,VLASIC Nikola,VLASICNIKOLA,fantacalcio-online-excel,42,Vlasic,TORINO,exact,1.0,
1fd628a1-6dba-5058-a1ab-934e15036a63,3ea98651-01f9-5855-8e19-742c4c6c105c,GUDMUNDSSON Albert,GUDMUNDSSONALBERT,fantacalcio-online-excel,43,Gudmundsson A.,LAZIO,exact,1.0,
690faee8-662f-584c-9c97-55bf7e9c59a0,2758540b-ef7b-5c42-a952-28c1632392eb,SVILAR Mile,SVILARMILE,fantacalcio-online-excel,44,Svilar,ROMA,exact,1.0,
d0a81da8-15e2-53da-8257-a4488375ec56,48bae933-7437-5e06-b658-9a2a6886ea7c,DOVBYK Artem,DOVBYKARTEM,fantacalcio-online-excel,45,Dovbyk,BOLOGNA,exact,1.0,
5641b75e-eec2-556f-9e76-666e51c1a22e,b0fffe4b-2b25-52b9-9012-21b95c5272ca,CONCEICAO Fernandes Francisco,CONCEICAOFERNANDESFRANCISCO,fantacalcio-online-excel,47,Conceicao,JUVENTUS,exact,1.0,
04977400-32b1-5163-9db2-b95fa6ead79f,1c544a48-a178-501c-88d8-8b7ead048beb,ATTA Arthur,ATTAARTHUR,fantacalcio-online-excel,48,Atta,FIORENTINA,exact,1.0,
67b46884-0a72-5e11-8249-b276b111b74d,33558ee0-d5dd-5459-930a-a6000a32c73b,DIAO Assane,DIAOASSANE,fantacalcio-online-excel,49,Diao,COMO,exact,1.0,
80be6648-8846-53dd-a8ff-0e0413b533e2,5450d751-aad1-5ed9-a745-53e57db1d406,WESLEY França Lima,WESLEYFRANCALIMA,fantacalcio-online-excel,50,Wesley,ROMA,exact,1.0,
02b8bc98-c599-5b3e-9f08-c0f47059c3d2,0ac37811-5b2c-57c1-9682-7993e1bfa542,MASTANTUONO Franco,MASTANTUONOFRANCO,fantacalcio-online-excel,51,Mastantuono,FIORENTINA,exact,1.0,
63b56178-75d7-5852-b4e9-b2bf5a42263a,d137528d-ec14-52cf-a955-24717e6866ea,ZIELINSKI Piotr,ZIELINSKIPIOTR,fantacalcio-online-excel,52,Zielinski,INTER,exact,1.0,
9928c8e1-3008-5c06-9351-a54ac382eef4,7ed18631-77f8-5f45-954f-3d82ec421c4f,MODRIC Luka,MODRICLUKA,fantacalcio-online-excel,53,Modric,MILAN,exact,1.0,
bb831cac-6837-57f2-8eb8-724735e23572,c041c50e-257e-51c2-94a9-d80e3b328d51,MANCINI Gianluca,MANCINIGIANLUCA,fantacalcio-online-excel,54,Mancini,ROMA,exact,1.0,
9eb05b2e-a748-5df8-9cb5-bc3b4deca11a,83ffec59-362d-5d04-bd58-083057b04b5b,BASTONI Alessandro,BASTONIALESSANDRO,fantacalcio-online-excel,55,Bastoni,INTER,exact,1.0,
1e727aa2-a9c6-52cf-8697-4228714bc06a,562255e5-f3ef-5d98-bb67-5ab3b6ebf206,AKANJI Manuel,AKANJIMANUEL,fantacalcio-online-excel,56,Akanji,INTER,exact,1.0,
382a5cf9-e083-5c8c-8850-e512136be71e,cef9348a-c929-565c-a8b3-6536db51b5db,CARNESECCHI Marco,CARNESECCHIMARCO,fantacalcio-online-excel,57,Carnesecchi,ATALANTA,exact,1.0,
78f57abd-412a-5ee4-94e0-af4a2213e196,da321cb8-128f-59af-a346-7bf7a49f06f4,MOLINA Nahuel,MOLINANAHUEL,fantacalcio-online-excel,58,Molina N.,ROMA,exact,1.0,
4052b9d6-6f7d-5dca-a995-cf0a1d0349f2,c7dc1f19-bbbe-56f4-ba99-450f4fb0b858,SAMARDZIC Lazar,SAMARDZICLAZAR,fantacalcio-online-excel,59,Samardzic,ATALANTA,exact,1.0,
069368f9-5ed0-5928-8ba4-7816490b0f4c,1409bf4c-1729-58da-a276-500de0f74e68,BETO -,BETO,fantacalcio-online-excel,60,Beto,FIORENTINA,exact,1.0,
259be2f1-e301-5728-9678-d6125029a1e2,3df6a2a0-5aa9-5b04-9f3b-fc13a00c2b92,VICARIO Guglielmo,VICARIOGUGLIELMO,fantacalcio-online-excel,62,Vicario,JUVENTUS,exact,1.0,
07f3b2cc-230c-5c40-b108-eace4e0f52df,32ec7a2d-e015-58e3-9197-fe326ee86e1d,RRAHMANI Amir,RRAHMANIAMIR,fantacalcio-online-excel,63,Rrahmani,NAPOLI,exact,1.0,
b639f3a0-af61-5703-8c06-201772538bc3,7a9afde9-80e2-5c9f-b32e-aab9f9214fc1,COLOMBO Lorenzo,COLOMBOLORENZO,fantacalcio-online-excel,64,Colombo,GENOA,exact,1.0,
2ec863d8-9292-5aa8-9a4d-3297d5f8f00a,34663dfb-da77-5721-b376-c97b75a5130f,MAIGNAN Mike,MAIGNANMIKE,fantacalcio-online-excel,65,Maignan,MILAN,exact,1.0,
421674fd-bad8-5c22-ad09-e928b22e8791,349468de-6081-5163-93d5-1c672fbe4123,MARTINEZ Josep,MARTINEZJOSEP,fantacalcio-online-excel,66,Martinez Jo.,INTER,exact,1.0,
406132bc-4527-55e0-9ee7-c98e8249fe9e,aa026973-3c06-53c4-a075-95e5894d45f9,BISSECK Yann Aurel,BISSECKYANNAUREL,fantacalcio-online-excel,67,Bisseck,INTER,exact,1.0,
62131625-9ec9-57e6-ae86-97c132d48a79,8a3932c4-b573-5b0f-871b-dc6a405773eb,PAVLOVIC Strahinja,PAVLOVICSTRAHINJA,fantacalcio-online-excel,68,Pavlovic,MILAN,exact,1.0,
ff6c0adf-a406-53c0-bfba-6f910d468059,ef95bb61-9274-5743-b9f1-b238aaaec23e,KONE Manu,KONEMANU,fantacalcio-online-excel,69,Konè M.,ROMA,exact,1.0,
0528e2ed-b9b3-5f47-be4c-a187de7ecc50,3e29e540-5b6a-5bba-bf91-10d018f7424c,RODRIGUEZ Jesús,RODRIGUEZJESUS,fantacalcio-online-excel,70,Rodriguez Je.,COMO,exact,1.0,
4a1e4cc9-004b-528d-8e23-20ab722da85f,b4e698cc-5b6d-545e-99a3-2328abcbba40,ROWE Jonathan,ROWEJONATHAN,fantacalcio-online-excel,71,Rowe,ATALANTA,exact,1.0,
94d7e8ae-8b45-5558-89ad-c419ad8a03de,93461120-7b51-51bc-98e5-6df876b3ded9,TAYLOR Kenneth,TAYLORKENNETH,fantacalcio-online-excel,72,Taylor K.,LAZIO,exact,1.0,
5234cc32-d4ba-5d5f-beb7-7a5732cb5ef1,d8661b39-503e-513f-aa50-48341e7f313f,GONCALVES Pedro António Pereira,GONCALVESPEDROANTONIOPEREIRA,fantacalcio-online-excel,73,Goncalves P.,FIORENTINA,exact,1.0,
62677085-f7f1-5b1b-943d-363505d85fb6,a8672d87-3f77-5400-b7a5-0fb7b0535499,POLITANO Matteo,POLITANOMATTEO,fantacalcio-online-excel,74,Politano,NAPOLI,exact,1.0,
f5002242-07fb-58e8-a860-620984fb70ba,1cfc54ff-c071-50d6-a038-f174f541cd87,PELLEGRINI Lorenzo,PELLEGRINILORENZO,fantacalcio-online-excel,75,Pellegrini Lo.,ROMA,exact,1.0,
64a21d3e-1355-5035-8f0f-589a3e9127ba,b43a0981-04ef-5e07-bc19-dfc1472d6970,DI LORENZO Giovanni,DILORENZOGIOVANNI,fantacalcio-online-excel,76,Di Lorenzo,NAPOLI,exact,1.0,
9d3ab015-a196-5522-a65c-d7a68b3afcc0,b4a1875b-f92d-5f64-a2c4-b05489098397,KALULU Pierre,KALULUPIERRE,fantacalcio-online-excel,77,Kalulu,JUVENTUS,exact,1.0,
dab2533c-e323-5f84-b209-96bdf69d8bae,fb140223-4b84-549a-b454-6dd52cfd5234,EKKELENKAMP Jurgen,EKKELENKAMPJURGEN,fantacalcio-online-excel,78,Ekkelenkamp,UDINESE,exact,1.0,
de908a34-0a20-5300-9501-37918087e989,fa064876-b843-5100-b9e0-d9e0722cfd37,BUTEZ Jean,BUTEZJEAN,fantacalcio-online-excel,79,Butez,COMO,exact,1.0,
c282cf04-9f2f-57a7-8735-50816ef535b7,25a79c7d-bb68-51a6-a6d1-1ecbfac3d760,ALAJBEGOVIC Kerim-Sam,ALAJBEGOVICKERIMSAM,fantacalcio-online-excel,80,Alajbegovic,JUVENTUS,exact,1.0,
02964054-1a71-50cd-bffc-b3fc286e5fda,a8ad0c8d-57e9-5371-81db-022119ac4809,SAELEMAEKERS Alexis,SAELEMAEKERSALEXIS,fantacalcio-online-excel,81,Saelemaekers,MILAN,exact,1.0,
44b7dff5-46a4-5fc0-bfa6-67a3a6dcc598,61b8eb0e-c1ed-5dea-9049-ccaf4ff28349,NDICKA Evan,NDICKAEVAN,fantacalcio-online-excel,83,N'Dicka,ROMA,exact,1.0,
b79d2946-c642-5298-9c34-5b9e77d13ac3,4d1ddfbc-131f-5fb8-8219-36fa97eb7f5d,ADAMS Che,ADAMSCHE,fantacalcio-online-excel,84,Adams C.,TORINO,exact,1.0,
eb678220-6ef1-5112-b03b-420823d15238,bcabb331-b9d3-515b-9f94-59db2b937121,SOLET Oumar,SOLETOUMAR,fantacalcio-online-excel,85,Solet,UDINESE,exact,1.0,
ed8d93f5-717c-56bc-bb65-b653b2d5df01,6476950b-b829-5c94-a52b-c5bdf7fba88d,JONES Curtis,JONESCURTIS,fantacalcio-online-excel,87,Jones C.,INTER,exact,1.0,
2016c454-a824-5122-9c08-b243c180efa2,0266cacb-45ae-5ddc-8c08-5f482a428c59,STONES John,STONESJOHN,fantacalcio-online-excel,88,Stones,INTER,exact,1.0,
33637858-d3f6-5c5d-8dce-eeda727bcc63,8fe6912b-8429-52b1-9534-a5cc05ac50d1,KESSIE Franck,KESSIEFRANCK,fantacalcio-online-excel,89,Kessiè,ATALANTA,exact,1.0,
50fc8ca8-6f9f-52e8-a483-2a39ff8b0f96,3f6abb70-deb4-5320-995d-00ce9d1c3ef3,RAIMONDO Antonio,RAIMONDOANTONIO,fantacalcio-online-excel,90,Raimondo,FROSINONE,exact,1.0,
d2a3e773-2adf-563c-82de-8a4aabee40af,5698c708-58e3-5459-b471-5a5ac7d55d41,BALDANZI Tommaso,BALDANZITOMMASO,fantacalcio-online-excel,91,Baldanzi,GENOA,exact,1.0,
b04981ff-75b9-55ba-af1e-e5b4125dc4c9,a559f7ed-d91d-501d-b79a-7d83d197a168,THORSTVEDT Kristian,THORSTVEDTKRISTIAN,fantacalcio-online-excel,92,Thorstvedt,SASSUOLO,exact,1.0,
3c313a59-70ae-51c7-9fe9-85bc8a4293f1,a7f943bc-6b35-5270-9baf-b47e3c274527,SPENCE Djed,SPENCEDJED,fantacalcio-online-excel,93,Spence,INTER,exact,1.0,
e0d64b41-936d-5803-b44b-ffb94ad99d2b,25e1e594-cba4-5e18-962a-4025ceafd1ec,THURAM Khéphren,THURAMKHEPHREN,fantacalcio-online-excel,94,Thuram K.,JUVENTUS,exact,1.0,
245bb593-ffba-5527-9276-db6590431877,7ac1e07c-e70b-56a0-b175-74eb23f7b217,PERRONE Maximo,PERRONEMAXIMO,fantacalcio-online-excel,95,Perrone,COMO,exact,1.0,
a0d718bf-3961-573a-8d12-ff81250ad430,70fb165b-e4e1-5b09-8f4b-ef461e87200c,SUCIC Petar,SUCICPETAR,fantacalcio-online-excel,96,Sucic P.,INTER,exact,1.0,
313e879a-de8c-5260-a8a3-e77836160335,5cd4d7d1-adb6-5189-ad72-6d7894498961,PASALIC Mario,PASALICMARIO,fantacalcio-online-excel,97,Pasalic,ATALANTA,exact,1.0,
e62b9edd-3ad4-5b30-878a-547bdcb4bf66,de201baf-7f56-5503-82e7-f6e2a29de9dc,FRATTESI Davide,FRATTESIDAVIDE,fantacalcio-online-excel,98,Frattesi,LAZIO,exact,1.0,
04c215f7-e0a3-50b5-ac10-922d9503572b,05d8bed9-6b5e-5a8a-8a08-23f29e3f826b,PICCOLI Roberto,PICCOLIROBERTO,fantacalcio-online-excel,99,Piccoli,BOLOGNA,exact,1.0,
41044bf4-72c6-5baa-8131-c2179d91f859,597d3742-f800-5df2-abd3-d99928feba21,SCALVINI Giorgio,SCALVINIGIORGIO,fantacalcio-online-excel,100,Scalvini,ATALANTA,exact,1.0,
7b65d65d-20ec-5cf6-8edb-6e3bf0f03470,3f414e1d-944a-53f7-8018-967fe348ae5d,CASADEI Cesare,CASADEICESARE,fantacalcio-online-excel,101,Casadei,TORINO,exact,1.0,
ccd3bd55-b208-5d37-826b-4c1a829e4d54,60d40d18-7cdc-5b46-a78d-60d5df945340,GILA Mario,GILAMARIO,fantacalcio-online-excel,102,Gila,MILAN,exact,1.0,
6a4e0660-8dc1-5496-a4d3-c547cfca0059,808c7ba9-a34d-5a2a-8705-d1790caff7af,VITINHA -,VITINHA,fantacalcio-online-excel,103,Vitinha O.,GENOA,exact,1.0,
b87829e2-e2e0-5bf7-88e7-a68b1c69dcd0,cb308558-85ac-5cec-bcc8-5e577926e85b,YEBOAH John,YEBOAHJOHN,fantacalcio-online-excel,104,Yeboah J.,VENEZIA,exact,1.0,
7216add4-ad0e-58dd-b1c5-3296b3e49b12,6132a17a-ed7a-58f4-ad31-9eaf2b0f9e7c,BOWIE Kieron,BOWIEKIERON,fantacalcio-online-excel,105,Bowie,SASSUOLO,exact,1.0,
bf15ad85-3492-57c5-b50a-770b2e91d75d,a0e63140-637a-5a46-af1d-632aff71d952,HUTCHINSON Omari Giraud,HUTCHINSONOMARIGIRAUD,fantacalcio-online-excel,106,Hutchinson,MILAN,exact,1.0,
5291d73e-1b09-5b43-aeb3-33b36c9b083a,ccaaeeb9-80c7-5403-8dd5-d35815cc09af,ZAPATA Duvan,ZAPATADUVAN,fantacalcio-online-excel,107,Zapata D.,TORINO,exact,1.0,
3fee6f4f-2609-5c85-9b4e-24e023bcdb8e,06fbc7e2-0f53-5019-a842-08b25d796429,CRISTANTE Bryan,CRISTANTEBRYAN,fantacalcio-online-excel,108,Cristante,ROMA,exact,1.0,
d6293a71-f83a-5f63-be0f-617aadb5bc3b,c1449d5b-d420-53ca-98bb-5eea7b1bfd3a,BERNARDESCHI Federico,BERNARDESCHIFEDERICO,fantacalcio-online-excel,109,Bernardeschi,BOLOGNA,exact,1.0,
488d03e0-ae38-564c-a742-1f0c5eb82d46,de58134d-3354-540c-9626-e7d1b1528545,MERET Alex,MERETALEX,fantacalcio-online-excel,110,Meret,NAPOLI,exact,1.0,
b2f4f880-17b5-5ef1-b430-ac55b5aa24f7,8a74585b-4096-5070-9f1e-262906d4345b,MANDRAGORA Rolando,MANDRAGORAROLANDO,fantacalcio-online-excel,111,Mandragora,TORINO,exact,1.0,
c6a06c97-5b4f-575b-a099-c505b8d7887c,24e91424-5f74-5bac-bd38-aac55516b95f,LOCATELLI Manuel,LOCATELLIMANUEL,fantacalcio-online-excel,112,Locatelli,JUVENTUS,exact,1.0,
97aab25e-819f-55fe-9bf9-76723ec10ba4,09650e8e-340b-52be-ad4d-7a7dd337b681,CUTRONE Patrick,CUTRONEPATRICK,fantacalcio-online-excel,113,Cutrone,MONZA,exact,1.0,
c5952ab0-9384-5bec-ac6c-ebc947936558,3eb2d63c-711d-5bd9-9c82-dcc3035b5848,ODGAARD Jens,ODGAARDJENS,fantacalcio-online-excel,114,Odgaard,BOLOGNA,exact,1.0,
21b10eeb-18e2-5efa-91bc-e529e1d3fa1b,e54f95fe-96c9-50f5-a34d-d8358de705ab,COLPANI Andrea,COLPANIANDREA,fantacalcio-online-excel,115,Colpani,MONZA,exact,1.0,
87ca360e-69d3-5c2b-90f8-2b26470f1104,1dcfeeb3-de59-57d7-976a-ef96952a65d0,FAGIOLI Nicolo,FAGIOLINICOLO,fantacalcio-online-excel,116,Fagioli,FIORENTINA,exact,1.0,
a74decb2-1c6c-5c87-8cc3-d910a0ede696,dad41fa7-59af-5b08-93bf-cdedd98076ac,ELMAS Eljif,ELMASELJIF,fantacalcio-online-excel,117,Elmas,ATALANTA,exact,1.0,
2779fa88-9154-5692-be24-d25520e55729,5d2acaaa-15d7-5619-8786-acc9094962ab,LOBOTKA Stanislav,LOBOTKASTANISLAV,fantacalcio-online-excel,118,Lobotka,NAPOLI,exact,1.0,
8b15d872-9efa-5c67-a6c3-d79add2eb644,52bbeff1-d3ee-5bae-9312-302088c24745,CAMBIASO Andrea,CAMBIASOANDREA,fantacalcio-online-excel,119,Cambiaso,JUVENTUS,exact,1.0,
90f00bd9-e180-5435-a7b7-2019de36a259,bf8cff3e-1cd1-5a4e-80a0-ff76d25b2694,VOLPATO Cristian,VOLPATOCRISTIAN,fantacalcio-online-excel,120,Volpato,SASSUOLO,exact,1.0,
31a9d7f4-ac82-5a10-a4b4-5f5e682d328a,fe2fc395-af52-545a-ab41-5f5b06f21dcb,VERGARA Antonio,VERGARAANTONIO,fantacalcio-online-excel,121,Vergara,NAPOLI,exact,1.0,
0c9587b7-b452-5e76-8e15-acb7fb63f0f6,514c10bd-48d4-5a1f-aac9-43fbe2688b2d,OSTIGARD Leo,OSTIGARDLEO,fantacalcio-online-excel,122,Ostigard,GENOA,exact,1.0,
1894a30c-14f8-56b5-ac1f-faa4501c8f2f,c8a5a9cc-0376-546e-b639-6f88531c6a2b,ISAKSEN Gustav,ISAKSENGUSTAV,fantacalcio-online-excel,123,Isaksen,LAZIO,exact,1.0,
45c1f71c-a59b-5ce5-8c7b-c157e7db64af,16acde62-5fb6-5481-93d8-884e7a571a8f,BONNY Ange-Yoan,BONNYANGEYOAN,fantacalcio-online-excel,124,Bonny,INTER,exact,1.0,
b57439f1-a4d3-5f72-b0ff-4001cf61f88f,865c4f60-78c0-5161-a753-ab6143b41c1b,RAMON Jacobo,RAMONJACOBO,fantacalcio-online-excel,125,Ramon,COMO,exact,1.0,
aaa591e1-ea3c-5ce9-a345-8e6c9ebf5e40,23845d31-45b1-5656-892d-34d4f50aa44c,STULIC Nikola,STULICNIKOLA,fantacalcio-online-excel,126,Stulic,LECCE,exact,1.0,
aed7d18f-61c4-5cc2-b2a0-f034ee2568a6,e9cc7077-f72f-5bfb-9b14-33ade9ce40b0,SKORUPSKI Lukasz,SKORUPSKILUKASZ,fantacalcio-online-excel,127,Skorupski,BOLOGNA,exact,1.0,
541cefdb-1e1d-50b1-a852-7f617f478c02,c631a93f-997a-5777-aa84-dc051badeafa,GAETANO Gianluca,GAETANOGIANLUCA,fantacalcio-online-excel,128,Gaetano,ATALANTA,exact,1.0,
c3956c59-e94b-5c6f-8ff9-f62c63009dc5,f31f3ec5-5974-5198-b40e-7305978b5928,CAMBIAGHI Nicolo,CAMBIAGHINICOLO,fantacalcio-online-excel,129,Cambiaghi,BOLOGNA,exact,1.0,
aedc5d14-98cd-5997-849f-34f274016b10,921e57ef-5894-542c-84d0-86393f1c3a2e,CANCELLIERI Matteo,CANCELLIERIMATTEO,fantacalcio-online-excel,130,Cancellieri,LAZIO,exact,1.0,
d10fef92-b834-5772-929d-fa5dbf5d70aa,1a51675b-d038-5e8f-a83d-b2c913c22292,FERGUSON Lewis,FERGUSONLEWIS,fantacalcio-online-excel,131,Ferguson,BOLOGNA,exact,1.0,
0ce10bed-285f-5a3d-8384-57fb524993bb,9b3f6734-5348-58c7-bbf1-3307cc074142,PELLEGRINO Mateo,PELLEGRINOMATEO,fantacalcio-online-excel,132,Pellegrino M.,FIORENTINA,exact,1.0,
4652b7a6-29f2-5462-a737-de3fbf64603a,01ec36df-0f23-5b4d-9121-2b38b98c38a9,BERNABE Adrian,BERNABEADRIAN,fantacalcio-online-excel,133,Bernabè,PARMA,exact,1.0,
0d3efccb-dfad-5544-8ee8-488b7241ea54,3cb6031d-79f1-5d3f-97a4-272684230b7c,HERMOSO Mario,HERMOSOMARIO,fantacalcio-online-excel,134,Hermoso,ROMA,exact,1.0,
63080bbf-71a4-5a07-b785-302dd7ed99e7,5887864b-eaed-5647-84b4-3ad17bcb7bc0,SANTOS Alisson,SANTOSALISSON,fantacalcio-online-excel,135,Santos A.,NAPOLI,exact,1.0,
c4073638-e063-5c68-a051-1a0d37f1d442,00ed29a2-be58-5f34-b6ca-4ea5663473d1,ADAMS Akor Jerome,ADAMSAKORJEROME,fantacalcio-online-excel,136,Adams A.,VENEZIA,exact,1.0,
25ac5922-1080-5dc7-9979-99b21e9e10b2,fa2cd156-9c5c-59ab-9962-53aba8ad30d1,SOW Djibril,SOWDJIBRIL,fantacalcio-online-excel,137,Sow,GENOA,exact,1.0,
6be2b52b-494e-5694-a779-eee9719149a1,e4479da0-be41-56e6-acd4-bc6e4148105d,CHALOBAH Trevoh,CHALOBAHTREVOH,fantacalcio-online-excel,138,Chalobah T.,COMO,exact,1.0,
209ada63-d7cf-58f4-9734-7ea21c0973c4,9c64eb3e-04e5-5d4c-96a0-4e40d3ba67b2,KEVIN CARLOS Omoruyi Benjamin,KEVINCARLOSOMORUYIBENJAMIN,fantacalcio-online-excel,139,Kevin Carlos,CAGLIARI,exact,1.0,
972f271b-1d5c-5c5b-9556-95fd10a3c027,1f7e9936-2dd7-5f35-a078-fe717878600d,SCHMID Romano,SCHMIDROMANO,fantacalcio-online-excel,140,Schmid,FROSINONE,exact,1.0,
07c3a04d-e152-5b4d-b2cd-a8b97276ea1f,239b888d-06de-5fbb-9c22-6d5ed7ef11a0,ZAPPACOSTA Davide,ZAPPACOSTADAVIDE,fantacalcio-online-excel,141,Zappacosta,ATALANTA,exact,1.0,
5ac2636a-2e1c-5c12-98a0-f35e222f81a7,a06f94aa-7e28-5d67-b377-71f96d5826dc,DE GEA David,DEGEADAVID,fantacalcio-online-excel,142,De Gea,FIORENTINA,exact,1.0,
65dc376d-0720-5892-b05b-5d9338039a16,3b3fc09d-5d87-5751-b925-b5e033d4eab3,CALO Giacomo,CALOGIACOMO,fantacalcio-online-excel,143,Calò,FROSINONE,exact,1.0,
b84acf43-b9c9-55ca-a47f-4a0e42ce4c75,1a7369fe-0fff-5f73-ac73-8d4a852ae526,BOGA Jeremie,BOGAJEREMIE,fantacalcio-online-excel,144,Boga,JUVENTUS,exact,1.0,
c27d8eb2-dfdd-5696-845f-25e9bcda904f,25377d8c-3bea-559e-b40f-3b8bcc5717f6,CAPRILE Elia,CAPRILEELIA,fantacalcio-online-excel,145,Caprile,CAGLIARI,exact,1.0,
2c352068-d305-5332-b711-d9a5542e7e55,fcc97452-5f13-58ea-bb7d-984dfaf1adc2,ZALEWSKI Nicola,ZALEWSKINICOLA,fantacalcio-online-excel,146,Zalewski,ATALANTA,exact,1.0,
beba003d-949a-5934-b568-c7eca8a36868,0c1af21d-51be-5dbd-9b50-2d1f2dc94704,VASQUEZ Johan,VASQUEZJOHAN,fantacalcio-online-excel,147,Vasquez,GENOA,exact,1.0,
e57ebe1c-8676-52ba-9cb9-1c46a360551e,c0d89f52-2ec9-52a3-9ac4-eb9d3c4050a1,PISILLI Niccolo,PISILLINICCOLO,fantacalcio-online-excel,148,Pisilli,ROMA,exact,1.0,
69fc0d7f-96f7-515b-ad06-f14c53f22e9a,d9d4c54e-7719-5376-9771-9638eb1e50c3,KAMARA Hassane,KAMARAHASSANE,fantacalcio-online-excel,149,Kamara H.,UDINESE,exact,1.0,
d7b5e33b-668a-5bb4-8608-5cc03490568e,ae20b324-0e00-566d-8a21-883ad9ddd9ed,CHUKWUEZE Samuel,CHUKWUEZESAMUEL,fantacalcio-online-excel,150,Chukwueze,MILAN,exact,1.0,
a546e3ec-f5c4-58a3-8a5d-51f9c23b53d4,fbb865ab-30fa-55b3-a35a-08ef1c84df8b,GHEDJEMIS Fares,GHEDJEMISFARES,fantacalcio-online-excel,151,Ghedjemis,FROSINONE,exact,1.0,
7fed39cc-ead6-544b-96fe-355efa5bc096,084deed7-c910-5654-998a-bd7ccd10ca8c,NERES David Campos,NERESDAVIDCAMPOS,fantacalcio-online-excel,152,Neres,NAPOLI,exact,1.0,
55492357-76c8-5525-a00b-c9172786e80f,4fae29c9-fea2-585f-b53d-0fe0bf7f9c94,CAQUERET Maxence,CAQUERETMAXENCE,fantacalcio-online-excel,153,Caqueret,COMO,exact,1.0,
fc9b98b3-2331-5525-9d87-99ae227d2e64,b29469ce-f135-5f6b-8572-da9f773f9cbf,TIAGO GABRIEL Coelho Oliveira,TIAGOGABRIELCOELHOOLIVEIRA,fantacalcio-online-excel,154,Tiago Gabriel,LECCE,exact,1.0,
520b00fe-4404-54e8-bf62-3fafd01379b5,a261eedf-f7b4-5ad6-a160-d6eebc6889bc,KONE Ismaël,KONEISMAEL,fantacalcio-online-excel,155,Konè I.,SASSUOLO,exact,1.0,
58f311e8-4303-5b24-aee9-81aa306e7d19,4b7f6de3-8a6b-5c9b-9986-23d60bd7f979,UNAI GOMEZ Etxebarria,UNAIGOMEZETXEBARRIA,fantacalcio-online-excel,156,Unai Gomez,UDINESE,exact,1.0,
f079594d-5803-53dc-a979-59a219451be7,3619e2c5-3778-5cb8-bfc5-3594acf3f519,GEUBBELS Willem,GEUBBELSWILLEM,fantacalcio-online-excel,157,Geubbels,LECCE,exact,1.0,
11a35321-b259-5f15-af17-28ffd08afb76,0391cca0-e2b6-5a8a-9e15-10426bcd7f44,ROMERO José David,ROMEROJOSEDAVID,fantacalcio-online-excel,158,Romero D.,PARMA,exact,1.0,
ce82610c-7ec7-533d-9a2a-bda737560aae,4c445b48-5aaa-5955-aba8-337d7902dafc,FALCONE Wladimiro,FALCONEWLADIMIRO,fantacalcio-online-excel,159,Falcone,LECCE,exact,1.0,
8b21f7aa-0c6e-5407-98b0-8cb0c969b200,54321b0b-1551-55bb-98b1-6732c38725c8,SPINAZZOLA Leonardo,SPINAZZOLALEONARDO,fantacalcio-online-excel,160,Spinazzola,NAPOLI,exact,1.0,
77cec217-08d6-5027-9cad-51d1919a6cfb,b7c0be70-2610-50ba-a61c-4b13f4e039d9,BUONGIORNO Alessandro,BUONGIORNOALESSANDRO,fantacalcio-online-excel,161,Buongiorno,NAPOLI,exact,1.0,
9a25f185-30f3-5897-9f87-749d1f8b467e,700d8211-f872-587b-81e6-6be0619cb6a2,GABBIA Matteo,GABBIAMATTEO,fantacalcio-online-excel,162,Gabbia,MILAN,exact,1.0,
ebf8823a-fab0-5893-8f8b-1cb791c40fce,a98b02e4-9fca-5cd4-801c-c9f096f9d120,PESSINA Matteo,PESSINAMATTEO,fantacalcio-online-excel,163,Pessina,MONZA,exact,1.0,
6ba2ea84-92a9-5b3b-9c21-9889b5736d12,569ee3ba-ea95-5ef2-b646-5931a8b98af5,MKHITARYAN Henrikh,MKHITARYANHENRIKH,fantacalcio-online-excel,164,Mkhitaryan,INTER,exact,1.0,
39d09a4b-a51e-54a9-809f-4dbcd56fa39d,72dd7043-19fd-54c2-b469-cc25bdc703c4,ORISTANIO Gaetano Pio,ORISTANIOGAETANOPIO,fantacalcio-online-excel,165,Oristanio,TORINO,exact,1.0,
8b64286e-00c3-545e-85a9-0c5477b2f02e,ae8e2421-af4f-5e75-a262-d11f94d7ceb3,KOOPMEINERS Teun,KOOPMEINERSTEUN,fantacalcio-online-excel,166,Koopmeiners,JUVENTUS,exact,1.0,
5e691d36-8403-5912-9144-3d54136b31c5,c8895f77-42ab-5699-be7b-5150a44c012a,FRENDRUP Morten,FRENDRUPMORTEN,fantacalcio-online-excel,167,Frendrup,GENOA,exact,1.0,
420c3250-3697-57cc-b49d-ed4247e79779,095852ac-a0bc-5789-8079-b5e6880129c4,VALERI Emanuele,VALERIEMANUELE,fantacalcio-online-excel,168,Valeri,PARMA,exact,1.0,
f217e99e-5773-5541-8fbb-63a0a414257f,a747e084-9a88-58ea-b2bb-f1497dd0b366,BARTESAGHI Davide,BARTESAGHIDAVIDE,fantacalcio-online-excel,169,Bartesaghi,MILAN,exact,1.0,
37a8c876-1670-590d-b364-b37ff1c3aadb,9cf6a8c9-4378-566c-a592-e087d4a01ef8,DODO -,DODO,fantacalcio-online-excel,170,Dodò,FIORENTINA,exact,1.0,
012bac5e-2112-5444-8c59-d4a4e9d9804b,39017816-5858-555a-a892-ab96ce175023,HIEN Isak,HIENISAK,fantacalcio-online-excel,171,Hien,ATALANTA,exact,1.0,
994e72fa-6d93-5941-a2c2-7cde8e154674,0973436d-c8f1-5209-ac84-4079d2e6d6a6,COMUZZO Pietro,COMUZZOPIETRO,fantacalcio-online-excel,172,Comuzzo,TORINO,exact,1.0,
8e26e98c-69d8-541e-b378-a4212ee32ebf,ffe27926-7b3b-5d1e-9541-fdd84124d43a,OKOYE Maduka,OKOYEMADUKA,fantacalcio-online-excel,173,Okoye,UDINESE,exact,1.0,
203d149c-0506-5c62-bc07-d6b3eef61a14,59f7d8c6-34fd-566f-82f3-2a0c9683ff09,MANDAS Christos,MANDASCHRISTOS,fantacalcio-online-excel,174,Mandas,LAZIO,exact,1.0,
e064fc22-708a-5421-9aaf-3db243e99872,a838ed9b-0083-5cb3-9dc2-67d3f47b7079,PIEROTTI Santiago,PIEROTTISANTIAGO,fantacalcio-online-excel,175,Pierotti,LECCE,exact,1.0,
727d8d6e-324e-548e-92d9-1d843d555f13,a16f1e6f-e094-54f3-9b4b-692596f4301b,NOSLIN Tijjani,NOSLINTIJJANI,fantacalcio-online-excel,176,Noslin,LAZIO,exact,1.0,
806f7022-200b-5f9c-a57c-e685dafe381e,b27699bc-8147-51e6-9c9f-4fc8108b3998,MIRANDA Juan,MIRANDAJUAN,fantacalcio-online-excel,177,Miranda J.,BOLOGNA,exact,1.0,
cb737e03-538c-56b0-8662-176115e93998,098ba44d-2f61-52c1-ab78-4c3860f4b2d7,KARLSTROM Jesper,KARLSTROMJESPER,fantacalcio-online-excel,178,Karlstrom,UDINESE,exact,1.0,
9e5a450b-43c6-5bd8-8e7c-3a16e6d7cb9e,11b62d7b-2c99-5abc-9368-fbcdcebb78b4,KEMPF Marc,KEMPFMARC,fantacalcio-online-excel,179,Kempf,COMO,exact,1.0,
33327e7f-faa2-5215-bb20-fdbf1ff29e41,f42b8265-2a4c-5a7c-a3fc-9d840ee2ab69,VALLE Álex,VALLEALEX,fantacalcio-online-excel,180,Valle,COMO,exact,1.0,
7154dcc5-0426-5b26-80bf-27654ba65d81,064ec1ca-a024-524a-9f99-7afffa41fd00,NDOUR Cher,NDOURCHER,fantacalcio-online-excel,181,Ndour,FIORENTINA,exact,1.0,
85c75157-8dc1-532f-bd57-da50f48f9fa3,000b6b8b-18fe-5e6d-b11e-4708982147f1,SULEMANA Kamaldeen,SULEMANAKAMALDEEN,fantacalcio-online-excel,182,Sulemana K.,ATALANTA,exact,1.0,
2989acbe-e45c-57e0-8e2d-42bcffb6ed48,b4455d4f-d4f1-5951-bd4b-24ef54f71d52,PIOTROWSKI Jakub,PIOTROWSKIJAKUB,fantacalcio-online-excel,183,Piotrowski,UDINESE,exact,1.0,
3956927d-c123-51ee-a526-c8f28fd062ad,2695549e-f20b-561a-b3ec-87316c772bac,DIEGO CARLOS Santos Silva,DIEGOCARLOSSANTOSSILVA,fantacalcio-online-excel,184,Diego Carlos,PARMA,exact,1.0,
d0f51a9c-44ca-51e0-b83a-1ae3eee113e4,44ee9d3b-0e0a-5c83-abbf-cb41dd00e8a6,DOEKHI Danilho,DOEKHIDANILHO,fantacalcio-online-excel,185,Doekhi,LAZIO,exact,1.0,
28e263f5-3794-5372-be55-333ed2632b37,4ac09863-8fe3-51ef-bd80-c195cc305386,BOBCEK Tomáš,BOBCEKTOMAS,fantacalcio-online-excel,186,Bobcek,FROSINONE,exact,1.0,
538b12ae-84c6-5870-a17a-915501b6ce16,ea8c9888-cae7-5cc2-8f97-b69d9d30b981,EL SHAARAWY Stephan,ELSHAARAWYSTEPHAN,fantacalcio-online-excel,187,El Shaarawy,GENOA,exact,1.0,
2b2e6aca-5b6a-5f86-9aa6-94f0e767687f,7f1699f0-a3c9-5e02-8a8a-500c59d3f09f,MINA Yerry,MINAYERRY,fantacalcio-online-excel,188,Mina,CAGLIARI,exact,1.0,
a410e9f5-7032-53e7-b945-8cee214873b4,c56b242e-000d-5dfa-8cae-5d13acb382c0,MATIC Nemanja,MATICNEMANJA,fantacalcio-online-excel,189,Matic,SASSUOLO,exact,1.0,
ca2af6de-7359-5672-add6-24e4f81202f9,f3c5bf16-5faa-56bf-abf3-a20682f5b522,ADOPO Ndary,ADOPONDARY,fantacalcio-online-excel,190,Adopo,CAGLIARI,exact,1.0,
56b57b16-a14c-5f67-9754-37ffb774cb19,cd23ae7a-bc00-5a69-802e-fe64ee48d897,POBEGA Tommaso,POBEGATOMMASO,fantacalcio-online-excel,191,Pobega,BOLOGNA,exact,1.0,
7b2d3f0a-b89e-52bf-b7de-0bd57ef5ee3c,8942149c-b960-5233-81f6-2b5076c04bfe,ROVELLA Nicolo,ROVELLANICOLO,fantacalcio-online-excel,192,Rovella,LAZIO,exact,1.0,
796e4bd8-0f82-509c-8f7e-bfc532646769,124e429f-063e-5c24-aa2c-1a61cd7f7f61,BUSIO Gianluca,BUSIOGIANLUCA,fantacalcio-online-excel,193,Busio,VENEZIA,exact,1.0,
2cbe4725-b17c-5513-af50-57a8ffa139fa,70ee922d-fa9e-54bf-9936-0d95283d3a3e,FAZZINI Jacopo,FAZZINIJACOPO,fantacalcio-online-excel,194,Fazzini,CAGLIARI,exact,1.0,
db636698-75ac-59f0-9686-94ff5881fde1,75bf9b4d-55ce-5ebd-9042-73be8b09ea25,LUCUMI Jhon,LUCUMIJHON,fantacalcio-online-excel,195,Lucumì,JUVENTUS,exact,1.0,
e7eb8b80-188f-5e8d-be01-f98436f38292,0415ec53-0228-5ff7-8a2d-7f13a387e719,KVERNADZE Giorgi,KVERNADZEGIORGI,fantacalcio-online-excel,196,Kvernadze,FROSINONE,exact,1.0,
e405080c-ce23-5471-9dbf-0423cdb24775,f36f327d-6b63-56d4-8edb-5a196455d5de,JIMENEZ Alex,JIMENEZALEX,fantacalcio-online-excel,197,Jimenez A.,FIORENTINA,exact,1.0,
accc2d28-0754-50fa-a6af-3905ab832359,7b4151ce-003c-5684-be86-95f0d32afa67,DIOUF Andy,DIOUFANDY,fantacalcio-online-excel,198,Diouf,INTER,exact,1.0,
0439b75f-8368-5a2a-9d89-2730c5bd53a9,2f8cba29-b953-5d54-a104-b156a26d9818,ZHEGROVA Edon,ZHEGROVAEDON,fantacalcio-online-excel,199,Zhegrova,JUVENTUS,exact,1.0,
cd61c4b9-5fb2-5a1c-af2d-c532ef09816b,7872a629-1ccf-57ca-a090-583be1e7cc33,VARELA Gustavo Miguel Pereira De Sousa,VARELAGUSTAVOMIGUELPEREIRADESOUSA,fantacalcio-online-excel,200,Varela G.,MONZA,exact,1.0,
22f56989-7c46-5ee2-85db-f6f1b0c9de09,78ccda9e-4888-5441-b417-0091dff52d71,RRAHMANI Albion,RRAHMANIALBION,fantacalcio-online-excel,201,Rrahmani Al.,VENEZIA,exact,1.0,
4ce9ce40-bb3a-5334-b74e-e41abc9acd54,80c489c6-95ad-5ef3-b02f-e5d32bbc1c9b,BRACAGLIA Gabriele,BRACAGLIAGABRIELE,fantacalcio-online-excel,202,Bracaglia,FROSINONE,exact,1.0,
d9e19096-2b0c-5a2e-b7a2-9677b161d270,fe954dbe-7f9e-5462-bcf6-8e0fc4f8a567,SARR Pape Matar,SARRPAPEMATAR,fantacalcio-online-excel,203,Sarr P.,JUVENTUS,exact,1.0,
ffd5d5b4-4243-514f-aedc-2730bb8ee0da,7f47bbc8-7e30-5e50-bcc3-952bf30e0e3c,DE ROON Marten,DEROONMARTEN,fantacalcio-online-excel,204,De Roon,ROMA,exact,1.0,
ef308f44-a7ee-5b5d-bc63-b2e2903026ff,c7db3fc7-aa49-50c3-8117-8f64b8986b95,MARUSIC Adam,MARUSICADAM,fantacalcio-online-excel,205,Marusic,LAZIO,exact,1.0,
292cc619-dcbd-5068-b627-669cafc2426b,ca563a24-d1e4-54fc-aa92-bf9eae909625,DEL PRATO Enrico,DELPRATOENRICO,fantacalcio-online-excel,206,Delprato,PARMA,exact,1.0,
87df67b7-4986-5c1b-8661-f282f95c4a7e,59cebb5e-aea4-53d4-b7e3-e895f6dce99f,TRAORE Hamed Junior,TRAOREHAMEDJUNIOR,fantacalcio-online-excel,207,Traorè Hj.,GENOA,exact,1.0,
cc7cf947-20b2-5942-a744-c633123401a8,85640051-d17a-58c9-bea1-074bab51196a,ADORANTE Andrea,ADORANTEANDREA,fantacalcio-online-excel,208,Adorante,VENEZIA,exact,1.0,
1b2f4e0a-6a78-5581-8d81-9ec4b5445061,badf5159-baea-5202-947d-bf5849162213,NICOLUSSI CAVIGLIA Hans,NICOLUSSICAVIGLIAHANS,fantacalcio-online-excel,209,Nicolussi Caviglia,PARMA,exact,1.0,
1752bd83-f2d8-5726-b324-7ceb364c4ca2,de99400b-1797-5965-be46-baac563cc4b1,MALDINI Daniel,MALDINIDANIEL,fantacalcio-online-excel,210,Maldini,CAGLIARI,exact,1.0,
abeeeb61-4184-52a1-9a1a-0eb74232f937,d9a23204-64b2-5e4a-9f9e-98d1058d89f3,VOJVODA Mergim,VOJVODAMERGIM,fantacalcio-online-excel,211,Vojvoda,UDINESE,exact,1.0,
a8cde479-a65d-5492-ae82-93cdedcdf806,fefb1f19-6570-54c5-a749-ef2f7731e832,ISMAJLI Ardian,ISMAJLIARDIAN,fantacalcio-online-excel,212,Ismajli,TORINO,exact,1.0,
2c5d5c74-79e5-57b5-afb3-d6f432f9e977,e8376a89-fe36-5c02-bed7-5e1b21bb4824,DRAGUSIN Radu,DRAGUSINRADU,fantacalcio-online-excel,213,Dragusin,FIORENTINA,exact,1.0,
a3df8026-49ef-5820-a714-0581eb73f3f8,cbab4e13-19a1-5dae-8f2b-d8ab1c67a5fc,TOMORI Fikayo,TOMORIFIKAYO,fantacalcio-online-excel,214,Tomori,MILAN,exact,1.0,
c4c15c71-afb7-5608-8216-311644de4a4a,02d14f7a-3cbb-51f3-9901-1e4f430ef24e,ZORTEA Nadir,ZORTEANADIR,fantacalcio-online-excel,215,Zortea,BOLOGNA,exact,1.0,
46ec9e72-aa71-5c66-b4b3-52ce30b83563,15893305-0919-5f86-adaf-841778d7d05a,GONZALEZ Nicolas,GONZALEZNICOLAS,fantacalcio-online-excel,216,Gonzalez N.,JUVENTUS,exact,1.0,
5746ff2b-9929-58c5-b22a-39de152f5bc8,58bf5335-94d3-5c59-920a-5582ba562724,COULIBALY Lassana,COULIBALYLASSANA,fantacalcio-online-excel,217,Coulibaly L.,LECCE,exact,1.0,
f0489739-455b-563d-960b-5b9673c59101,be710d42-81e7-5c07-a17d-e0e29280e8cc,BASIC Toma,BASICTOMA,fantacalcio-online-excel,218,Basic,VENEZIA,exact,1.0,
9dd31eb6-6069-50c0-b4af-0ab65397e141,6e35125a-2d8a-5401-b2db-336c1bb2d2ff,THEATE Arthur,THEATEARTHUR,fantacalcio-online-excel,219,Theate,BOLOGNA,exact,1.0,
4b528805-3602-558b-a628-bf63f99ee9f3,f78144a3-1105-5955-b8f6-812c080bbb2e,CARLOS AUGUSTO -,CARLOSAUGUSTO,fantacalcio-online-excel,220,Carlos Augusto,INTER,exact,1.0,
2644889a-a2da-54a1-a7d6-6c98dbb64e70,6a6638b8-9233-5620-868e-55f88a04fb40,CELIK Zeki,CELIKZEKI,fantacalcio-online-excel,221,Celik,JUVENTUS,exact,1.0,
29d1bceb-6232-567b-9cbb-97e78d2cee35,ea894551-c5fa-5587-be26-77f4820a100f,HOLM Emil,HOLMEMIL,fantacalcio-online-excel,222,Holm,BOLOGNA,exact,1.0,
808d2cbb-1756-5739-af48-99e98a61cae7,b9459bf0-7418-574f-b391-d541dc2d4eff,ELLERTSSON Mikael,ELLERTSSONMIKAEL,fantacalcio-online-excel,223,Ellertsson,GENOA,exact,1.0,
eaf436c7-9b9f-5b20-a7ef-bb4c9de55db4,79b24d37-153e-5694-aa35-a47b277ce2ac,WINKS Harry,WINKSHARRY,fantacalcio-online-excel,224,Winks,CAGLIARI,exact,1.0,
339ff33f-c68f-5402-b983-e45ad1646d64,f45d9118-558d-5efc-bfb7-bc1996abb4ef,MBANGULA Samuel,MBANGULASAMUEL,fantacalcio-online-excel,225,Mbangula,BOLOGNA,exact,1.0,
f9b46560-24d2-5232-9c99-1f29b201fd4f,0f425cd1-70b0-5a1c-b840-097307384d38,LIBERALI Mattia,LIBERALIMATTIA,fantacalcio-online-excel,227,Liberali,COMO,exact,1.0,
011fd88a-58d9-5d5e-9102-ca383ace88e3,43a02047-f212-5393-83a5-ee3e1507b7e5,COCO Saul,COCOSAUL,fantacalcio-online-excel,228,Coco,TORINO,exact,1.0,
df28e85b-2ca9-5fe4-8322-c098644dc33c,d722f103-f61b-5332-bc2f-167946b3a5d3,KEITA Mandela,KEITAMANDELA,fantacalcio-online-excel,229,Keita M.,PARMA,exact,1.0,
8fc9c7fd-152b-57f1-904a-e249edb2455b,2f6830ef-5684-5940-bc99-7977d88470f2,PEREZ Kike,PEREZKIKE,fantacalcio-online-excel,230,Perez K.,VENEZIA,exact,1.0,
b84c13e2-eb29-582c-bac1-d19f381ae5aa,9087a138-6a69-5121-a41e-72e2b15a4642,ADDAI Jayden,ADDAIJAYDEN,fantacalcio-online-excel,231,Addai,COMO,exact,1.0,
6025f8dd-29fd-5b86-93c7-6be28012da80,991c3d92-7669-5658-990f-ee35a3a48fae,GIOVANE Santana do Nascimento,GIOVANESANTANADONASCIMENTO,fantacalcio-online-excel,232,Giovane,NAPOLI,exact,1.0,
123ef492-1bb8-5d11-bfb6-cb031993331a,5846ee56-ef2f-5175-a4fb-111605062b7e,LUIS HENRIQUE de Lima,LUISHENRIQUEDELIMA,fantacalcio-online-excel,233,Luis Henrique,INTER,exact,1.0,
fa4ec98e-8f1b-5362-8c51-613b497edb97,2645e2d3-a3b1-5ac8-bdc9-af8249dc56cb,JASHARI Ardon,JASHARIARDON,fantacalcio-online-excel,234,Jashari,MILAN,exact,1.0,
9b0c4a1e-36c3-5924-90ef-4cdcd7f49194,7ac4b621-d0eb-55d2-b56e-c9843550f8d7,GANDELMAN Omri,GANDELMANOMRI,fantacalcio-online-excel,235,Gandelman,LECCE,exact,1.0,
a083219f-7f62-5605-916c-b17a7382dfa7,c29fe639-29f2-5d03-b549-ae5900487d32,BIJLOW Justin,BIJLOWJUSTIN,fantacalcio-online-excel,236,Bijlow,GENOA,exact,1.0,
85acfd05-c666-57d0-a247-6eaf9acfa0f3,84054717-e1a5-5d4d-8076-eb74ac945e5b,VALDEPENAS Víctor Talavera,VALDEPENASVICTORTALAVERA,fantacalcio-online-excel,237,Valdepenas,FIORENTINA,exact,1.0,
7e685dd7-1c0b-568d-a3d7-5c8c16c76358,0bea15f0-f9ff-5b83-9ec2-d7d008ec7337,OULAI Christ Ravynel Inao,OULAICHRISTRAVYNELINAO,fantacalcio-online-excel,238,Oulai,FIORENTINA,exact,1.0,
049415b5-6a89-5966-95c4-ef22036af9c2,a17dc007-50d2-55d2-adb1-516f77bb345e,PEDRAZA Alfonso Sag,PEDRAZAALFONSOSAG,fantacalcio-online-excel,239,Pedraza,LAZIO,exact,1.0,
f1dfa71e-362d-5ed6-806f-05da4e3dbe32,679a1e52-c4bb-5e18-aa65-6e9d3e2a2f7f,MILLA Luis Manzanares,MILLALUISMANZANARES,fantacalcio-online-excel,240,Milla,COMO,exact,1.0,
10a3e7ae-6343-55a0-b04a-3a0528e8b2ad,53a37a87-123c-5e84-9201-f91c0816973d,KOULIERAKIS Konstantinos,KOULIERAKISKONSTANTINOS,fantacalcio-online-excel,241,Koulierakis,ROMA,exact,1.0,
79d7cd88-39c0-5e20-8cb7-1ef8ac1152d5,edfe3516-ccc6-552d-9b79-428ca4273943,COUTO Yan Bueno,COUTOYANBUENO,fantacalcio-online-excel,242,Couto,COMO,exact,1.0,
a477de0e-6907-5e94-86b2-de1158749950,8c1b3f7a-db6a-5468-8b5c-b5e1bc885da3,BADIASHILE Benoit Mukinayi,BADIASHILEBENOITMUKINAYI,fantacalcio-online-excel,243,Badiashile,NAPOLI,exact,1.0,
e6ed3526-7234-5c7b-859e-c01288699355,00d4da42-50f9-5ab6-809b-445718eeecb8,PERRI Lucas Estella,PERRILUCASESTELLA,fantacalcio-online-excel,244,Perri,TORINO,exact,1.0,
28881295-c913-5fe4-b80e-8d7edc295123,b04cb7d8-a6be-55ae-8644-15435456eae4,GNONTO Degnand Wilfried,GNONTODEGNANDWILFRIED,fantacalcio-online-excel,245,Gnonto,FIORENTINA,exact,1.0,
24d87c40-b1d5-5aee-8dae-6d2bec084093,301814ea-2aa5-512b-86e5-ae5868bba4b8,BRAGANCA Daniel Santos,BRAGANCADANIELSANTOS,fantacalcio-online-excel,246,Braganca,TORINO,exact,1.0,
b57f146a-8315-5a6c-9ddf-fc10cfa7228a,7a98ce22-533c-51af-b68a-45f576a9e212,ZERBIN Alessio,ZERBINALESSIO,fantacalcio-online-excel,247,Zerbin,FROSINONE,exact,1.0,
416cb094-6f79-5ad4-9e7e-6921e818fb77,10022774-2aa2-5b63-be35-d21099f89299,BELLANOVA Raoul,BELLANOVARAOUL,fantacalcio-online-excel,248,Bellanova,ATALANTA,exact,1.0,
b21ab0f7-1c44-5d72-adaf-97b02454ea17,0db55dda-f564-5f8c-9663-ddc66c22baa4,LOFTUS-CHEEK Ruben,LOFTUSCHEEKRUBEN,fantacalcio-online-excel,250,Loftus-Cheek,MILAN,exact,1.0,
0fde6829-255d-57e6-a182-f23aa53986f1,852f717a-9703-5e23-9896-f3f8b653b1df,PAVARD Benjamin,PAVARDBENJAMIN,fantacalcio-online-excel,251,Pavard,INTER,exact,1.0,
027d2bbf-4407-5cee-aa9f-c8796fb8e86d,169f9a40-70eb-5a5f-91ca-3be3c751c62f,FELICI Mattia,FELICIMATTIA,fantacalcio-online-excel,252,Felici,CAGLIARI,exact,1.0,
d2b7d4e4-3dc5-5a2d-ab1c-0dbaabd60d39,f392d241-7cb7-5501-a50f-3c7e43d816a2,GALLO Antonino,GALLOANTONINO,fantacalcio-online-excel,253,Gallo,LECCE,exact,1.0,
67eff32e-222d-55ea-9b40-a97352261b5b,ebf85e98-c991-54bc-8cce-fad841032a78,STANKOVIC Filip,STANKOVICFILIP,fantacalcio-online-excel,254,Stankovic F.,VENEZIA,exact,1.0,
895d11e4-fb07-5fec-b0b1-834f7cc9dc29,56d2bff4-c53d-58f9-8cfd-6fb52a9c4b43,NZOLA M'Bala,NZOLAMBALA,fantacalcio-online-excel,255,Nzola,CAGLIARI,exact,1.0,
967a7bd8-2c4f-51c0-aee1-7e106a317bd6,1d15d98c-d69e-50b8-b0b5-855911b6cb24,MORO Nikola,MORONIKOLA,fantacalcio-online-excel,256,Moro N.,BOLOGNA,exact,1.0,
ac2e87c1-9423-544c-bec4-994cc2e26e07,27eb496d-528f-546c-a8cb-462c9975cc38,GINEITIS Gvidas,GINEITISGVIDAS,fantacalcio-online-excel,257,Gineitis,TORINO,exact,1.0,
22532079-2e42-5934-bb36-439d758de7b0,be8b870f-7131-5e79-b4ad-f020655ef1b0,BERNASCONI Lorenzo,BERNASCONILORENZO,fantacalcio-online-excel,258,Bernasconi,ATALANTA,exact,1.0,
a3dd51da-1241-552c-85c3-d52dcf89a7d9,7a10805d-767e-5c10-a6f1-2804b7ee0257,BEUKEMA Sam,BEUKEMASAM,fantacalcio-online-excel,259,Beukema,NAPOLI,exact,1.0,
89a8e67d-fdb2-5910-a072-16903cf2f57e,b0bddb5b-2a05-566c-a8b1-86608f0afa85,BORRELLI Gennaro,BORRELLIGENNARO,fantacalcio-online-excel,260,Borrelli,CAGLIARI,exact,1.0,
4ccffcd4-6bf4-5334-babf-02d7534c2b5b,f88984eb-9743-55b4-a30a-99a44ae8b03f,LUCCA Lorenzo,LUCCALORENZO,fantacalcio-online-excel,261,Lucca,NAPOLI,exact,1.0,
e26251a4-4d1d-5372-9063-1642e21405d2,2e5d3c6d-da7d-5202-a34a-bd8203aea70e,NJIE Alieu,NJIEALIEU,fantacalcio-online-excel,262,Njie,FIORENTINA,exact,1.0,
c383af12-5362-57bb-8fac-a74a5ca21097,fcd502c5-b908-589b-86c2-c28f976dc28b,KRISTENSEN Thomas,KRISTENSENTHOMAS,fantacalcio-online-excel,263,Kristensen T.,ATALANTA,exact,1.0,
43541241-08e8-5574-97bd-6678ba9606e3,dea18ec3-36d1-5910-be98-73675698c274,AKINSANMIRO Ebenezer,AKINSANMIROEBENEZER,fantacalcio-online-excel,264,Akinsanmiro,MONZA,exact,1.0,
d472775f-eb29-55a4-bb12-4d13850e0b87,16d5410a-c394-5488-8d08-024b83d1da6c,DELE-BASHIRU Fisayo,DELEBASHIRUFISAYO,fantacalcio-online-excel,265,Dele-Bashiru,LAZIO,exact,1.0,
c7a356a3-1f9d-5bbd-94da-b690734c7fdf,9523673d-cc26-5a24-ba61-6a39994ab7d5,IDZES Jay,IDZESJAY,fantacalcio-online-excel,266,Idzes,SASSUOLO,exact,1.0,
b98a3175-0558-5a5c-8f7a-51a44d7a3084,271cf438-cb38-5119-a216-9f3eb0d5375b,MARCANDALLI Alessandro,MARCANDALLIALESSANDRO,fantacalcio-online-excel,267,Marcandalli,GENOA,exact,1.0,
6b67d553-1d40-576f-a992-0be83304ea7f,30e1951f-d821-5459-89ca-de282cbd3c0f,ROMANO Alessandro,ROMANOALESSANDRO,fantacalcio-online-excel,268,Romano,CAGLIARI,exact,1.0,
6c0a2c9c-d7b0-5a82-b1d5-1422aaf71ea1,f5836538-0853-5e48-a34e-324d0e91496a,RENSCH Devyne,RENSCHDEVYNE,fantacalcio-online-excel,269,Rensch,ROMA,exact,1.0,
5cd8ab53-509a-5d07-999f-da225891b744,557967e9-6a1f-5b41-be7a-8940a9dbdc0b,MURIC Arijanet,MURICARIJANET,fantacalcio-online-excel,270,Muric,SASSUOLO,exact,1.0,
65df7b66-3970-5b5b-96ab-fd04336b48c2,1724f225-b437-541b-8c9e-f23a5ba37fde,HEGGEM Torbjørn,HEGGEMTORBJRN,fantacalcio-online-excel,271,Heggem,BOLOGNA,exact,1.0,
39a167f2-a36b-5478-9aac-a17f60ce0ecb,dfd0f5d9-3a07-5cae-a232-e0919224d243,BELGHALI Rafik,BELGHALIRAFIK,fantacalcio-online-excel,272,Belghali,TORINO,exact,1.0,
e2295f33-b4a7-5769-a270-6663b9176d5c,ae1eb220-d963-57da-b93a-d410f09995d3,OBRADOR Rafa,OBRADORRAFA,fantacalcio-online-excel,273,Obrador,SASSUOLO,exact,1.0,
671f67c8-6f51-5e67-99c6-2ea405d82ff0,9eaa7fe4-8524-572e-8687-dd441911a31b,HAVEL Elias,HAVELELIAS,fantacalcio-online-excel,274,Havel,GENOA,exact,1.0,
67cd8f49-c4a4-5669-858e-b92055215adf,4254f1b2-dc71-56e3-9a47-3fa003ecf2da,ROBINSON Jay,ROBINSONJAY,fantacalcio-online-excel,275,Robinson J.,MONZA,exact,1.0,
28a31054-af54-5ac8-8a7f-d84dd1d5a2f2,bb0fd19e-41b8-50e0-a218-6496907588e9,LEYSEN Fedde,LEYSENFEDDE,fantacalcio-online-excel,276,Leysen F.,SASSUOLO,exact,1.0,
502174b0-927d-5780-ab2a-e7ae336055b8,12ac6641-e22f-5bc5-a7ef-c93cc0c33aaa,SUTALO Josip,SUTALOJOSIP,fantacalcio-online-excel,277,Sutalo J.,LAZIO,exact,1.0,
5da33318-3c5f-5634-b0ef-3645672182e6,7074a0de-6120-5004-a34d-d45cc5f05a75,OSMAJIC Milutin,OSMAJICMILUTIN,fantacalcio-online-excel,278,Osmajic,GENOA,exact,1.0,
e998bcaf-c759-5650-86b3-b608f463bf45,9d27e1c5-9998-5ad5-9ee2-18e344422249,PATTERSON Nathan,PATTERSONNATHAN,fantacalcio-online-excel,279,Patterson,TORINO,exact,1.0,
948297ba-1ae2-503d-98d1-739b72a99293,d2d0d04d-eebe-5da7-b94e-e292051a9b55,CATALDI Danilo,CATALDIDANILO,fantacalcio-online-excel,280,Cataldi,LAZIO,exact,1.0,
d35b6e80-57b6-54bc-82f9-5a4c9cada789,66e40056-5e06-5bf1-8ea3-34805aafc286,KABASELE Christian,KABASELECHRISTIAN,fantacalcio-online-excel,281,Kabasele,UDINESE,exact,1.0,
2378319c-387d-57f6-8231-e6e2a4698a41,5cbf11dd-2025-5898-a6fa-470470f8ec76,WALUKIEWICZ Sebastian,WALUKIEWICZSEBASTIAN,fantacalcio-online-excel,282,Walukiewicz,SASSUOLO,exact,1.0,
14f2384b-adf3-5aff-b216-7a848eb42ccc,13f2d157-44ee-5d97-a52b-c538f7018131,TOURE Idrissa,TOUREIDRISSA,fantacalcio-online-excel,283,Tourè I.,MONZA,exact,1.0,
c5f0b2d2-ff49-5b44-8eeb-6a7e9c3d8a50,039de9ea-932d-551f-af55-d8daa9b441f4,MONTERISI Ilario,MONTERISIILARIO,fantacalcio-online-excel,284,Monterisi,FROSINONE,exact,1.0,
a60aba93-7032-5a68-a924-17d6fe4bd013,bff0ccd1-3d87-5f26-ae19-8d7c64b25225,SOHM Simon,SOHMSIMON,fantacalcio-online-excel,285,Sohm,VENEZIA,exact,1.0,
280f6f8d-c509-5e68-86e0-0db026ed7962,d3d3b612-6e14-50a7-b6c6-446795887ac8,OBERT Adam,OBERTADAM,fantacalcio-online-excel,286,Obert,CAGLIARI,exact,1.0,
e338825e-693d-533f-beaa-3d868b8fd021,58db02f0-3bcd-5df5-9dd7-a06a9e83fb4c,FABBIAN Giovanni,FABBIANGIOVANNI,fantacalcio-online-excel,287,Fabbian,PARMA,exact,1.0,
65f7fed0-c541-5b5e-a828-367017850422,ad7d894e-098f-588f-9f10-e115787b13cb,OLIVERA Mathías,OLIVERAMATHIAS,fantacalcio-online-excel,288,Olivera,NAPOLI,exact,1.0,
71d1ace7-e316-5ffe-8cb4-46d78d806978,39e28d5f-97a4-5193-adb3-ce158b215394,DOIG Josh,DOIGJOSH,fantacalcio-online-excel,289,Doig,SASSUOLO,exact,1.0,
9da7768b-2f5c-5406-a5e7-fa315b199f59,ff809962-6178-5655-87f7-27ebea8fb853,FAVASULI Costantino,FAVASULICOSTANTINO,fantacalcio-online-excel,290,Favasuli,NAPOLI,exact,1.0,
76628b67-ed2d-5dcc-823c-ef53b71ddcf6,668ba604-d90a-50b7-8b0e-526696071854,BERISHA Medon,BERISHAMEDON,fantacalcio-online-excel,291,Berisha M.,LECCE,exact,1.0,
0f3dd459-63e0-569f-9610-eef63f2ce633,e8deb1bf-9244-5979-9b0b-fbceac23f3eb,ILKHAN Emirhan,ILKHANEMIRHAN,fantacalcio-online-excel,292,Ilkhan,TORINO,exact,1.0,
a7cb9c34-551c-5975-8971-c39920a67654,c1b6dc00-3c6d-5d89-98e6-bee70a0b550b,GHILARDI Daniele,GHILARDIDANIELE,fantacalcio-online-excel,293,Ghilardi,ROMA,exact,1.0,
7913189e-c51a-5f9b-b0e3-8692efb4a869,8fe789a7-9ec7-53c9-a268-1ee56504b50c,CAMARDA Francesco,CAMARDAFRANCESCO,fantacalcio-online-excel,294,Camarda,MILAN,exact,1.0,
fa7b3d7e-8ef5-582b-8eca-8c0e70c0a0fa,04f3d626-86f1-52b4-81d3-2e9bdad217a7,ADZIC Vasilije,ADZICVASILIJE,fantacalcio-online-excel,295,Adzic,SASSUOLO,exact,1.0,
67495249-9c67-5765-9696-84bd3a30e113,a6ea026a-ac51-5c7d-bb8c-205589000598,DOMINGUEZ Benjamín,DOMINGUEZBENJAMIN,fantacalcio-online-excel,296,Dominguez B.,SASSUOLO,exact,1.0,
1c4153df-0bed-5bf1-9076-1e58f9fce112,993a99b8-c9c9-5315-b5b4-03443d8b1df2,VEIGA Danilo de Melo,VEIGADANILODEMELO,fantacalcio-online-excel,297,Veiga D.,LECCE,exact,1.0,
fac94315-876b-5b19-98a5-cc0a769dad82,abbd23ca-3a17-55b8-905f-ff269630c0a7,KELLY Lloyd,KELLYLLOYD,fantacalcio-online-excel,298,Kelly L.,JUVENTUS,exact,1.0,
204f2c06-e9ec-53d1-b318-a4c186b2fd6a,489d2830-18c1-53a9-b6fd-a6ba67c6cb68,CACCIAMANI Alessio,CACCIAMANIALESSIO,fantacalcio-online-excel,299,Cacciamani,TORINO,exact,1.0,
38e0fc11-8d02-5ab1-911d-5bd92cc45ac0,8c083867-90ea-5a34-bec6-84d030d3c4e4,FRIGAN Matija,FRIGANMATIJA,fantacalcio-online-excel,300,Frigan,PARMA,exact,1.0,
2a264c83-efd6-52d1-80ec-ae21d3ed2538,2e5de527-6cf3-569c-b079-d5a63edf3427,BELLA-KOTCHAP Armel,BELLAKOTCHAPARMEL,fantacalcio-online-excel,301,Bella-Kotchap,VENEZIA,exact,1.0,
a9bd7848-6275-5ee6-af9c-91fd645281e5,47ab3115-d9da-5334-931d-7ff9b240361b,AMORIM Alex,AMORIMALEX,fantacalcio-online-excel,302,Amorim,GENOA,exact,1.0,
5ef57f91-721f-52c4-9d5a-4e875e6939f4,e079ba02-5b02-587f-a348-5a3e29c968ed,KULENOVIC Sandro,KULENOVICSANDRO,fantacalcio-online-excel,303,Kulenovic,TORINO,exact,1.0,
4b7d9ad5-5ba2-53e9-8a70-0be31d4cf8d5,7b394bca-864b-5cd2-ad62-7f90bb687eb2,BAKOLA Darryl,BAKOLADARRYL,fantacalcio-online-excel,304,Bakola,SASSUOLO,exact,1.0,
36fb283d-6d16-544f-9a86-be21130a088e,08b5eaad-8b27-5b27-aa18-558af4d58e18,MANGAS Ricardo Luís Chaby,MANGASRICARDOLUISCHABY,fantacalcio-online-excel,305,Mangas,MONZA,exact,1.0,
7a94022a-b0cd-5e6d-95e5-b3eea7c92378,b7e1b662-6cda-5724-8d28-611a10410d9b,CORREIA Thierry Rendall,CORREIATHIERRYRENDALL,fantacalcio-online-excel,306,Correia T.,VENEZIA,exact,1.0,
fbb17794-4cd7-5dba-815c-b9bd53509790,e0837cac-f510-598d-8316-026271becc6b,MEICHTRY Franz-Ethan,MEICHTRYFRANZETHAN,fantacalcio-online-excel,307,Meichtry,GENOA,exact,1.0,
2615d77f-f153-568c-986c-4ccf9108bde8,9f6c9ef9-9fbd-5fc6-b643-2b79663a623e,VIERY Viery,VIERYVIERY,fantacalcio-online-excel,308,Viery,FIORENTINA,exact,1.0,
c9d4ef3f-957e-591c-b336-6bba56a9b452,3f8503ed-73f4-550a-ac2f-9ea1e21f3120,FITZ-JIM Kian,FITZJIMKIAN,fantacalcio-online-excel,309,Fitz-Jim,TORINO,exact,1.0,
96283ba3-d610-59a1-860d-af61d8c6f8fc,bdad7bbe-26d0-53ea-b585-030a6eb0e9e5,KOUTSOUPIAS Ilias,KOUTSOUPIASILIAS,fantacalcio-online-excel,311,Koutsoupias,FROSINONE,exact,1.0,
77e6a425-71c7-5446-bf74-6710208436af,f7a0199b-bf0f-583f-9e22-35993c9d1e46,GRILLITSCH Florian,GRILLITSCHFLORIAN,fantacalcio-online-excel,312,Grillitsch,FROSINONE,exact,1.0,
80739716-fe02-580f-89b3-b1e5501b92cd,3727b481-6a24-51ca-a1c4-b2d0e9c9abda,BIRLIGEA Daniel,BIRLIGEADANIEL,fantacalcio-online-excel,313,Birligea,FROSINONE,exact,1.0,
152131e4-725f-545e-81d9-87ba137317b4,bc0e4431-8d9a-573f-bbf4-0ae7b1d27c3e,ZEBALLOS Exequiel,ZEBALLOSEXEQUIEL,fantacalcio-online-excel,314,Zeballos,MONZA,exact,1.0,
8e321fbe-105b-5170-a373-c18a574e313b,6f899d39-8d78-5c21-95ac-faf326b42828,SUGAWARA Yukinari,SUGAWARAYUKINARI,fantacalcio-online-excel,315,Sugawara,CAGLIARI,exact,1.0,
c0b2a7d6-b2c3-582a-aded-5fa40b621798,0098b711-6a54-58ad-ab89-5dc97fb8b113,KOLASINAC Sead,KOLASINACSEAD,fantacalcio-online-excel,316,Kolasinac,ATALANTA,exact,1.0,
c5029563-6e8b-5f9d-b65c-c4babf516b59,62e7bcb6-a19f-556a-8bd8-4c6d3a2876a4,FOLORUNSHO Michael,FOLORUNSHOMICHAEL,fantacalcio-online-excel,317,Folorunsho,MONZA,exact,1.0,
0771af29-3729-543f-b53b-b6b811371760,088c5c23-61b6-549c-9d57-ebb38f6ef964,RANIERI Luca,RANIERILUCA,fantacalcio-online-excel,320,Ranieri L.,FIORENTINA,exact,1.0,
e2397406-0487-5973-aae7-5f323cab0c15,e0920390-79aa-5d59-9273-f7adc0c20a61,BRESCIANINI Marco,BRESCIANINIMARCO,fantacalcio-online-excel,321,Brescianini,FIORENTINA,exact,1.0,
7debf187-bb24-589b-a9ef-01a52498fdeb,5729bda8-5bcf-5f53-bc45-1d38d7e380e4,RICCI Samuele,RICCISAMUELE,fantacalcio-online-excel,322,Ricci S.,COMO,exact,1.0,
3fe36bab-34b3-5a4c-be0e-e636cabf75b1,cb65fc9f-50c5-5222-9253-bc25355b2add,MESSIAS Junior,MESSIASJUNIOR,fantacalcio-online-excel,323,Messias,GENOA,exact,1.0,
30166cdd-4a41-5c22-baf5-63c982004e24,0d82022a-2b5d-5996-b04a-951f09b7e4d5,VALENTI Lautaro,VALENTILAUTARO,fantacalcio-online-excel,324,Valenti,PARMA,exact,1.0,
6b0d45a2-1ba5-5cf0-a621-11f38672bb07,eed943e4-d29d-5013-803b-1c45c2115728,DE WINTER Koni,DEWINTERKONI,fantacalcio-online-excel,325,De Winter,MILAN,exact,1.0,
dcc78c52-8bfb-5794-975d-c8ec7eb05119,de3a4d2b-c048-5a26-ae93-4b66462738fd,PARISI Fabiano,PARISIFABIANO,fantacalcio-online-excel,326,Parisi,FIORENTINA,exact,1.0,
6eb104b2-6c96-565d-adc0-7e730f9a2600,55ea4ec3-695e-51e4-85e1-896db11e9ae3,SULEMANA Ibrahim,SULEMANAIBRAHIM,fantacalcio-online-excel,328,Sulemana I.,SASSUOLO,exact,1.0,
af371a73-ba03-5df7-a730-73f72ae20910,2fb21251-d5b6-5016-a25b-4fb68a093db6,PONGRACIC Marin,PONGRACICMARIN,fantacalcio-online-excel,329,Pongracic,FIORENTINA,exact,1.0,
1ea6a4cc-21fd-52ba-9297-8310c03b9aa0,e7040afb-d689-50a8-92ff-2ae72b629015,NGONGE Cyril,NGONGECYRIL,fantacalcio-online-excel,330,Ngonge,MONZA,exact,1.0,
4155c83c-1899-52f6-8fb8-9085c42edbed,e036af08-1e2a-5d82-97c9-bc53ed51a09a,ALMQVIST Pontus,ALMQVISTPONTUS,fantacalcio-online-excel,331,Almqvist,PARMA,exact,1.0,
7039c811-5d50-5a13-841a-01601ef73a43,1794c897-a3a1-5737-bf34-88e3d630de93,PALMISANI Lorenzo,PALMISANILORENZO,fantacalcio-online-excel,332,Palmisani,FROSINONE,exact,1.0,
38826e4e-fff2-5a1a-a9ac-1acb80639629,e1d27422-e8b7-54e5-818f-df55dff4b58a,ODENTHAL Cas,ODENTHALCAS,fantacalcio-online-excel,333,Odenthal,SASSUOLO,exact,1.0,
045f1b27-71b6-50cf-944d-7480b8f68fad,6ba8aab0-f9dc-5e74-95eb-0283a423c050,DOUGLAS LUIZ -,DOUGLASLUIZ,fantacalcio-online-excel,334,Douglas Luiz,JUVENTUS,exact,1.0,
54acf0c8-518e-578b-ac6e-56a9f5303301,f626ad55-13bd-523d-bc34-e5e3f72513d8,GASPAR Kialonda,GASPARKIALONDA,fantacalcio-online-excel,335,Gaspar K.,LECCE,exact,1.0,
33efaa3d-b82d-517f-85ee-2254550408df,55a3e5df-1d76-5516-a76f-d10496475bd6,EKHATOR Jeff,EKHATORJEFF,fantacalcio-online-excel,336,Ekhator,JUVENTUS,exact,1.0,
60f94ea4-2efe-5099-8fdf-61298590d61b,4d8b6b3f-51cd-54db-9d7c-365fadf7d961,FADERA Alieu,FADERAALIEU,fantacalcio-online-excel,337,Fadera,CAGLIARI,exact,1.0,
a9f0e7e2-a695-549f-b197-2ad228b69992,6c310625-1bb2-5373-8a37-0c12328c0dcb,KOSSOUNOU Odilon,KOSSOUNOUODILON,fantacalcio-online-excel,338,Kossounou,ATALANTA,exact,1.0,
0730e903-967b-52d2-b7fb-4cc72232a7c0,cc70fff6-4ca0-59db-a1ea-badc72be6539,GILMOUR Billy,GILMOURBILLY,fantacalcio-online-excel,339,Gilmour,NAPOLI,exact,1.0,
40db7d34-6d6f-54e5-bc2c-c23b80d46115,d4954d4c-b5e4-5d85-ba08-436f7cde1176,SMOLCIC Ivan,SMOLCICIVAN,fantacalcio-online-excel,340,Smolcic I.,COMO,exact,1.0,
0ad519a0-1390-5d8f-ab10-17682ca22c19,76aa3ccb-ee94-55c3-90fe-48fe6d2a3330,VITIK Martin,VITIKMARTIN,fantacalcio-online-excel,341,Vitik,BOLOGNA,exact,1.0,
ea94b288-97e4-5598-b2b4-1de7c7047c9e,83273265-d0f1-56e2-80a2-d06f7cccca93,LANG Noa,LANGNOA,fantacalcio-online-excel,342,Lang,NAPOLI,exact,1.0,
8de1655f-e445-5875-9dfd-3f9628d4eaf3,d63d347e-8da6-598c-bf59-57ebaf23e9f6,MILLER Lennon,MILLERLENNON,fantacalcio-online-excel,343,Miller L.,UDINESE,exact,1.0,
374835bc-284d-5fe0-92bd-ffe1c4812110,1878ae46-2008-53c0-82b4-09c3e22b963c,ZE PEDRO da Silva Figueiredo Freitas,ZEPEDRODASILVAFIGUEIREDOFREITAS,fantacalcio-online-excel,344,Zè Pedro,CAGLIARI,exact,1.0,
bc133e4b-511a-5e0e-aa2b-7dac949a288c,88a2b16e-6592-5751-adef-c470d8c20207,GUEYE Idrissa,GUEYEIDRISSA,fantacalcio-online-excel,345,Gueye,UDINESE,exact,1.0,
c2b0995e-3d36-5690-aecd-05b877a37915,63f1fdb3-b49b-526e-8986-f7347384e03d,NGOM Oumar,NGOMOUMAR,fantacalcio-online-excel,346,Ngom,LECCE,exact,1.0,
2953ad05-021c-573f-a2e5-a681df3062a0,637e6485-ab8e-539b-87b1-a7dc9279fac1,KAIKI Bruno Da Silva,KAIKIBRUNODASILVA,fantacalcio-online-excel,347,Kaiki,COMO,exact,1.0,
64c2c7d1-6732-5e84-94b3-1365666a8f44,e2bdecc1-83f1-562a-8c36-5fab70ddd5d8,AMONDARAIN Mikel Jesus,AMONDARAINMIKELJESUS,fantacalcio-online-excel,348,Amondarain,BOLOGNA,exact,1.0,
b248f30d-e373-5312-b771-af79ea1e7f5a,1a624d4c-04ba-5655-9f17-1a41fbe398b4,CICHELLA Matteo,CICHELLAMATTEO,fantacalcio-online-excel,349,Cichella,FROSINONE,exact,1.0,
faf27d59-a82c-5c3f-80df-fa06b270d5da,c2b7dbf4-e9bf-57f2-8be3-3433de000ce2,BALERDI Leonardo Julián Rossa,BALERDILEONARDOJULIANROSSA,fantacalcio-online-excel,350,Balerdi,ROMA,exact,1.0,
54539373-b132-53d6-b18b-979d92f18d2d,4870a398-f84b-5bf6-9e61-5cb8bcf99bb3,MONTEIRO Joel Almada,MONTEIROJOELALMADA,fantacalcio-online-excel,351,Monteiro J.,LECCE,exact,1.0,
18be084f-7957-5f88-b6f8-373ef0bf1cf6,5ab298bb-cb5d-50bc-846a-b3c547953098,SANCHEZ Robert Lync,SANCHEZROBERTLYNC,fantacalcio-online-excel,352,Sanchez Ro.,COMO,exact,1.0,
87a150f6-22ec-5c1e-a4d0-30fb0077c975,6bfccb40-480d-5dd8-b98a-25a093b1ecc5,RODRIGUEZ Ricardo,RODRIGUEZRICARDO,fantacalcio-online-excel,354,Rodriguez R.,TORINO,exact,1.0,
83bf3967-b4a8-5c3d-a068-901e9ac97546,c1e9bfd4-2bde-5355-b322-25c660070313,GAGLIARDINI Roberto,GAGLIARDINIROBERTO,fantacalcio-online-excel,355,Gagliardini,CAGLIARI,exact,1.0,
b1375078-31a9-509a-89dd-e092f2411465,6a894295-d3f6-55bd-a9c8-6d018f53313a,CALETA-CAR Duje,CALETACARDUJE,fantacalcio-online-excel,357,Caleta-Car,SASSUOLO,exact,1.0,
db784ac8-74ee-5a57-b166-06928da0638c,f01ac1ce-e842-5c28-949a-fead65c59423,CARBONI Andrea,CARBONIANDREA,fantacalcio-online-excel,358,Carboni A.,MONZA,exact,1.0,
e7c049ba-8cf1-5d98-b746-104bb8e5080b,57a944b4-9924-5fe8-9762-30a4feb984e2,TERRACCIANO Filippo,TERRACCIANOFILIPPO,fantacalcio-online-excel,359,Terracciano F.,MILAN,exact,1.0,
25eed3f2-0995-512d-8c49-84ea2b7dd878,8c12b315-1b2f-5e89-9332-7a28b0acac47,MALEH Youssef,MALEHYOUSSEF,fantacalcio-online-excel,360,Maleh,LECCE,exact,1.0,
af056d82-c631-579a-9c44-5e79d47d0d73,e4c79bb1-5812-589f-9964-90b7c32aeb64,BERTOLA Nicolo,BERTOLANICOLO,fantacalcio-online-excel,361,Bertola,UDINESE,exact,1.0,
7f52dde2-d4fe-55f1-9ee7-daf54c58ac12,62f94d33-8179-584c-9e6a-c860a4c019aa,HAPS Ridgeciano,HAPSRIDGECIANO,fantacalcio-online-excel,362,Haps,VENEZIA,exact,1.0,
670b6841-46ea-53f0-8b5a-758b65c6ee0b,6e843b8c-301f-5f3f-9c80-b91531f692cf,GATTI Federico,GATTIFEDERICO,fantacalcio-online-excel,363,Gatti,JUVENTUS,exact,1.0,
11b7ac3b-8175-524d-9419-9f223ffa3aef,a16cfbf0-0ca2-53b4-8c40-62f21b3cec97,BIRINDELLI Samuele,BIRINDELLISAMUELE,fantacalcio-online-excel,364,Birindelli,MONZA,exact,1.0,
b9f3cf6f-e4b2-5f27-8555-c44f6e5395ae,b4d3d8ee-85da-5d10-8d65-288578652923,CIURRIA Patrick,CIURRIAPATRICK,fantacalcio-online-excel,365,Ciurria,MONZA,exact,1.0,
3a2c637d-a820-5bd5-b592-abd85cc0d43b,713b07ad-6809-5ae4-a7f0-76b36c2fbdd2,EHIZIBUE Kingsley,EHIZIBUEKINGSLEY,fantacalcio-online-excel,367,Ehizibue,GENOA,exact,1.0,
5734a7ae-e443-5631-9b6d-bc57e012e7a1,2fdb45af-e3da-5061-a073-5e07d6714843,STANKOVIC Aleksandar,STANKOVICALEKSANDAR,fantacalcio-online-excel,368,Stankovic A.,INTER,exact,1.0,
b606c8fa-8f6e-5074-81ec-3e2151809dd0,e189ff0a-cf2e-582a-a4b3-dc98496924b5,COLOMBO Leonardo,COLOMBOLEONARDO,fantacalcio-online-excel,369,Colombo L.,MONZA,exact,1.0,
27fad389-c8aa-5103-a108-44a2ca7f584d,d8f71d4a-284b-5b10-bccf-b3a49e4f5427,CISSE Alphadjo,CISSEALPHADJO,fantacalcio-online-excel,370,Cissè A.,MILAN,exact,1.0,
f961b1fa-1bf5-51b1-b72b-24e3bdd7d645,028458d8-7386-55ed-b99b-7c91ef987646,GELLI Francesco,GELLIFRANCESCO,fantacalcio-online-excel,371,Gelli F.,FROSINONE,exact,1.0,
5b592def-1221-504a-b816-34a502f2d353,ced96226-1220-5a3e-b599-19f6e13b9656,MUSAH Yunus,MUSAHYUNUS,fantacalcio-online-excel,372,Musah,MILAN,exact,1.0,
95bacb6b-eeff-5bb6-935e-5bcb2d27ea8a,86f972aa-8eec-5a5b-b095-1e28e725b7a6,FINI Seydou,FINISEYDOU,fantacalcio-online-excel,373,Fini ,FROSINONE,exact,1.0,
dc4e6208-2cc0-5d15-9313-22ffac68a489,cf97c7d2-f043-5823-915c-726a3a6584e7,HAINAUT Antoine,HAINAUTANTOINE,fantacalcio-online-excel,374,Hainaut,VENEZIA,exact,1.0,
309c8606-2f1c-5971-bb44-5133c1ee7fc2,467bf897-da1c-5c75-9c12-086526f363d4,CALVANI Gabriele,CALVANIGABRIELE,fantacalcio-online-excel,375,Calvani,FROSINONE,exact,1.0,
34bf9d5e-8a08-5e63-a6b7-a59524a8dbcc,0959057c-1057-5a47-be62-b92f0d122f9b,MASINI Patrizio,MASINIPATRIZIO,fantacalcio-online-excel,376,Masini,FROSINONE,exact,1.0,
360fae7f-cacb-5d54-a2ba-97dbd769aecf,6fade0df-7794-5c66-ba26-aec7313ac3a1,FORTINI Niccolo,FORTININICCOLO,fantacalcio-online-excel,377,Fortini,TORINO,exact,1.0,
fe42de8f-375d-599e-ba0e-7b08f341db4e,b0bb3fc5-924a-5ed6-a4a0-d711f71be096,VENTURINO Lorenzo,VENTURINOLORENZO,fantacalcio-online-excel,378,Venturino,GENOA,exact,1.0,
c26df6e8-78a0-57e8-aa62-9a420f00f849,2938f92b-0438-582c-a2ce-ef14eaf611c1,MORENO Matías,MORENOMATIAS,fantacalcio-online-excel,379,Moreno M.,VENEZIA,exact,1.0,
2ca7f70f-fb8f-50fb-85f1-15588755d701,8f590144-12f5-5985-a0a9-724ac1279e7b,N’DRI Konan,NDRIKONAN,fantacalcio-online-excel,380,N'Dri,LECCE,exact,1.0,
a1398aaa-1100-5a55-9214-5f45406677bf,5d3378e4-73ca-59db-bf8d-7643ebdbe67d,PROVSTGAARD Oliver,PROVSTGAARDOLIVER,fantacalcio-online-excel,381,Provstgaard,LAZIO,exact,1.0,
1db33b48-f812-50db-8f5c-9f9e4d0f2c88,706598d1-5871-5fb6-8c01-81201afa8cc3,JOAO MARIO Neto Lopes,JOAOMARIONETOLOPES,fantacalcio-online-excel,382,Joao Mario,FIORENTINA,exact,1.0,
44401ebb-1e5f-50a7-970a-4b60fc84f978,35715968-bd13-5054-924d-adae383ee908,ORDONEZ Christian,ORDONEZCHRISTIAN,fantacalcio-online-excel,383,Ordonez C.,PARMA,exact,1.0,
ff5fa595-e144-57fb-86f1-4b7e51527ec5,d2f569c1-396f-539a-a6bf-568a636586d3,SIEBERT Jamil,SIEBERTJAMIL,fantacalcio-online-excel,384,Siebert,LECCE,exact,1.0,
9605bab3-f12a-5a20-a898-0cb443f024fd,6c0e5494-70ad-55d8-a24f-e9be6ac481eb,BRITSCHGI Sascha,BRITSCHGISASCHA,fantacalcio-online-excel,385,Britschgi,PARMA,exact,1.0,
5225c7c2-d4aa-519f-9a7c-2c7555684d6b,f7eaba3e-ac0c-5481-a646-b21959f721bb,RODRIGUEZ Juan,RODRIGUEZJUAN,fantacalcio-online-excel,386,Rodriguez Ju.,CAGLIARI,exact,1.0,
08901d34-505d-5291-86d1-c48864a7eb5e,335bbe12-ef2d-512f-b9c9-cb853373a98d,ELPHEGE Nesta,ELPHEGENESTA,fantacalcio-online-excel,387,Elphege,PARMA,exact,1.0,
27af6b3f-ad6e-596a-8739-7cc4ab09d759,4e5566a6-de5a-5c2c-99dc-9fb27177eb1c,COMERT Eray Ervin,COMERTERAYERVIN,fantacalcio-online-excel,388,Comert,TORINO,exact,1.0,
0789cd50-be08-591f-9be6-f8c5be83f8f1,ca9f16e6-12b1-5bc8-b0d5-20b8d9f781fb,KOFLER Raphael,KOFLERRAPHAEL,fantacalcio-online-excel,389,Kofler,CAGLIARI,exact,1.0,
b89ac29a-b972-5b73-b2d4-e746e746653c,a13d3c1f-1abd-58e6-a616-3c2e10fee658,TCHATO Enzo Mbiayi,TCHATOENZOMBIAYI,fantacalcio-online-excel,391,Tchato,FROSINONE,exact,1.0,
c55d23bd-53c6-5d7e-9649-d1c30bc97517,10535b65-f1bc-5d06-b6c4-c85d4fa36b56,JOVANOVIC Lazar,JOVANOVICLAZAR,fantacalcio-online-excel,392,Jovanovic,UDINESE,exact,1.0,
8372a171-7965-5143-8d7f-27ee0e64b324,c3c7dc6f-6d3f-5cf9-81ab-a77b6c3c34c0,DUNCAN Alfred,DUNCANALFRED,fantacalcio-online-excel,393,Duncan,VENEZIA,exact,1.0,
90880fc8-b9ee-5f03-9608-7a5b09a5aa92,7b89cc62-7d1e-5753-925d-e83e98c3fe79,DEIOLA Alessandro,DEIOLAALESSANDRO,fantacalcio-online-excel,394,Deiola,CAGLIARI,exact,1.0,
31442232-ef17-59b6-b397-d2ea205ee142,abe566c9-3dca-573a-86d8-3b6ef67f8c66,PELLEGRINI Luca,PELLEGRINILUCA,fantacalcio-online-excel,395,Pellegrini Lu.,LAZIO,exact,1.0,
861d57a9-f49e-59f3-b1aa-8328ceabcbcb,83b980ba-009e-5678-b97d-f89469b4c806,LAZZARI Manuel,LAZZARIMANUEL,fantacalcio-online-excel,396,Lazzari,LAZIO,exact,1.0,
fe38be71-00ec-5574-b1a1-340acba3d937,66a1e2e6-1d49-5618-8911-92ed40d52b44,THIAM Demba,THIAMDEMBA,fantacalcio-online-excel,397,Thiam,MONZA,exact,1.0,
24b0ef63-5824-5cbe-8f82-ca2c96dbe9c3,de3e4d93-4088-5bbd-92e3-219a5d4272b6,TERZIC Aleksa,TERZICALEKSA,fantacalcio-online-excel,398,Terzic,FROSINONE,exact,1.0,
83c9768f-5d53-5846-92de-fc746c45fe96,bcc792a8-01d3-50b5-a2a2-ff336f5a9342,PALEARI Alberto,PALEARIALBERTO,fantacalcio-online-excel,399,Paleari,TORINO,exact,1.0,
67bc0130-9f3d-5234-823f-3a45da3d1636,fd05c8bc-3520-5ddc-b44d-0162af7c1b30,ZANOLI Alessandro,ZANOLIALESSANDRO,fantacalcio-online-excel,400,Zanoli,UDINESE,exact,1.0,
1197f7c5-34ba-5790-9382-f25354d73047,4af21229-a6b5-51c5-a953-f92968a6c3d2,FLORIANI MUSSOLINI Romano,FLORIANIMUSSOLINIROMANO,fantacalcio-online-excel,401,Floriani Mussolini,LAZIO,exact,1.0,
4b7979ff-c017-5591-ae19-f6d2a0dd64e6,87c1b120-cf0d-5927-a307-c80cc314c11d,CITTADINI Giorgio,CITTADINIGIORGIO,fantacalcio-online-excel,402,Cittadini,FROSINONE,exact,1.0,
9677a682-803f-57ac-aaef-f51c9ae86d89,afb83e69-b14a-5ec9-abb4-0a83c5b60488,HELGASON Thorir,HELGASONTHORIR,fantacalcio-online-excel,403,Helgason,VENEZIA,exact,1.0,
d6d1a3f3-0b0f-5602-b572-fb838b2f4ec9,5e18a465-e52c-569f-b52a-cc7839d773f5,EBOSSE Enzo,EBOSSEENZO,fantacalcio-online-excel,404,Ebosse,UDINESE,exact,1.0,
07ead024-4c38-54ab-a1ea-d227b00eb4eb,b36430e7-e631-5872-ba4f-c9cba6c1c278,LIPANI Luca,LIPANILUCA,fantacalcio-online-excel,406,Lipani,SASSUOLO,exact,1.0,
cd0018bf-f54b-5476-b2d1-0c28e3a80ac0,08919d7b-5d16-5343-9aca-d65d0ce9b2c1,TOURE El Bilal,TOUREELBILAL,fantacalcio-online-excel,407,Tourè E.,PARMA,exact,1.0,
109f073d-2420-5b68-9630-47b5f6ad5343,abb229de-9196-5a4c-8faf-d15a78edc35b,HASA Luis,HASALUIS,fantacalcio-online-excel,408,Hasa,FROSINONE,exact,1.0,
a648dbde-7d46-575a-a5f2-0c315986ec49,05d5b659-8e4c-550b-a1ef-b3c2a09f3202,MITAJ Mario,MITAJMARIO,fantacalcio-online-excel,410,Mitaj,GENOA,exact,1.0,
0201326f-493f-597e-92fc-6ad8dc2c87d1,b7f910ae-402f-5e95-8905-dada7e616aca,LUCCHESI Lorenzo,LUCCHESILORENZO,fantacalcio-online-excel,411,Lucchesi,MONZA,exact,1.0,
e6b70466-409a-53df-a4d3-1d094ccd699d,a22f02f4-f0b5-5105-9528-5202aa4d3993,SCHINGTIENNE Joël,SCHINGTIENNEJOEL,fantacalcio-online-excel,412,Schingtienne,VENEZIA,exact,1.0,
baf7f2cb-112c-5b50-8293-1055dee8bc17,a9052c26-618f-51dd-9ac2-73c9b00d5ab9,CANDE Fali,CANDEFALI,fantacalcio-online-excel,413,Candè,SASSUOLO,exact,1.0,
d3564e37-a5f1-5912-ad76-6525d7840e25,d0a10a63-462b-514a-a85e-46768736c968,ESTUPINAN Pervis,ESTUPINANPERVIS,fantacalcio-online-excel,415,Estupinan,MILAN,exact,1.0,
cb3ef315-2b93-56a0-8bf4-51ada37e2c9e,e595a29e-2a83-5088-b62f-cf51b50fbbbc,COMOTTO Christian,COMOTTOCHRISTIAN,fantacalcio-online-excel,416,Comotto,MILAN,exact,1.0,
7784328a-e591-5312-9143-ad968fa06a17,44202792-a4ef-5b0c-8f61-1138d9609442,ABOUKHLAL Zakaria,ABOUKHLALZAKARIA,fantacalcio-online-excel,417,Aboukhlal,TORINO,exact,1.0,
80ead633-dc87-59d4-91aa-b4e7c640db09,ac6ebc26-74fb-5bbb-b23f-96ec5e04ac71,GORTER Olaf,GORTEROLAF,fantacalcio-online-excel,418,Gorter,LECCE,exact,1.0,
9e8076c8-23d7-58ef-aee7-0fdeb4f8a305,88b26f3d-f437-57d2-b741-e57ad6b5cc6f,TROILO Mariano,TROILOMARIANO,fantacalcio-online-excel,419,Troilo,PARMA,exact,1.0,
de623d6a-18d8-5bff-903a-a9f5ea7295b7,391ce13f-e34e-575a-997c-e6d5cb56be96,ARIZALA Juan,ARIZALAJUAN,fantacalcio-online-excel,420,Arizala,UDINESE,exact,1.0,
97d58292-81e2-5862-9a7a-4f5b13f3b874,cdd05a74-177f-5603-b5c6-25753d54347b,HELLAND Eivind,HELLANDEIVIND,fantacalcio-online-excel,421,Helland,BOLOGNA,exact,1.0,
dae0b590-e519-5015-9c08-ca0276889180,d493bb3c-b840-5068-8dfd-b4e1e5b93d4e,MOTTA Edoardo,MOTTAEDOARDO,fantacalcio-online-excel,422,Motta,LAZIO,exact,1.0,
16547035-63ed-5457-8e24-7ae1cc3d24da,e6667788-015e-5da4-9fa7-c38ef986b839,MENDY Paul,MENDYPAUL,fantacalcio-online-excel,423,Mendy P.,CAGLIARI,exact,1.0,
ec3e5421-2166-5346-805d-6af702e9a055,37104695-7c0f-5f50-8514-96c4d7339d91,HALHAL Redouane,HALHALREDOUANE,fantacalcio-online-excel,424,Halhal,VENEZIA,exact,1.0,
5db3ed6d-7b2f-5941-a22a-852e82cd30c5,87899dab-bc8e-52cc-9a48-5f3ecbb62cdb,LONTANI Simone,LONTANISIMONE,fantacalcio-online-excel,425,Lontani,PARMA,exact,1.0,
9eb06d23-c087-5c2d-87c4-7519ee804344,71e2e55f-d8b3-505d-8551-a2b20c327f75,FATAH Amar Abdirahman,FATAHAMARABDIRAHMAN,fantacalcio-online-excel,426,Fatah,LECCE,exact,1.0,
d735e3c4-b0a8-547d-99d5-b422a09f9021,8a7d6d1c-6311-52c9-81b9-13e8eecda6ed,KAMBWALA Willy,KAMBWALAWILLY,fantacalcio-online-excel,427,Kambwala,COMO,exact,1.0,
47fae40d-739f-5a3a-a4ac-ba03152110bc,ebf206f5-02ab-5b25-ba5d-e7e62025b7ee,FERNANDEZ Antonio Casino,FERNANDEZANTONIOCASINO,fantacalcio-online-excel,428,Fernandez T.,VENEZIA,exact,1.0,
0fa2ff97-9775-5af9-a2b6-8571f86fe85c,e04c9ebb-e9a9-510c-b073-c90b292e1e15,DRAMEH Cody,DRAMEHCODY,fantacalcio-online-excel,429,Drameh,GENOA,exact,1.0,
6ce0e364-4ffe-56fd-9df9-899c48449a57,f62a6983-089c-5b06-b204-da4ab5ecb5e4,BIRAGHI Cristiano,BIRAGHICRISTIANO,fantacalcio-online-excel,430,Biraghi,TORINO,exact,1.0,
0b7cde86-b0c6-5cbb-bcdb-541c7168a0b6,bd2b703f-1d99-5481-b230-c3f14d7b0c1b,PATRIC -,PATRIC,fantacalcio-online-excel,431,Patric,LAZIO,exact,1.0,
e16a605a-82d7-59a5-bf95-f07b5ad73d9f,27ab995b-6c4f-5a48-a45a-b54b58b1964d,SABELLI Stefano,SABELLISTEFANO,fantacalcio-online-excel,432,Sabelli,GENOA,exact,1.0,
45205397-0b30-54f8-9499-1d8dceefc2b3,79376bd2-bd82-5161-9e75-7407af4b54a1,MILIK Arek,MILIKAREK,fantacalcio-online-excel,433,Milik,JUVENTUS,exact,1.0,
0ec5b94e-587f-5d4a-94bd-7bac832ccbaa,77b9196e-e447-5b7b-ae23-83add093915e,AURELIO Giuseppe,AURELIOGIUSEPPE,fantacalcio-online-excel,434,Aurelio,CAGLIARI,exact,1.0,
db673680-fd8d-5590-bd40-28bac916196f,182634e1-3ba1-5caf-8293-cbbbc83873dc,CASALE Nicolò,CASALENICOLO,fantacalcio-online-excel,435,Casale,BOLOGNA,exact,1.0,
78d8d663-25b1-5cb2-ace9-e28d8bf3fe45,8e7c7738-b1ff-52a3-ab8e-e8ceda70c5a5,BOLOCA Daniel,BOLOCADANIEL,fantacalcio-online-excel,436,Boloca,SASSUOLO,exact,1.0,
dd82ea69-55a0-56b7-b45b-9bebb4df3513,c527651f-1f42-5fa6-8d79-cd9310b5dc92,ILIC Ivan,ILICIVAN,fantacalcio-online-excel,437,Ilic,LECCE,exact,1.0,
7f7948a2-9eb6-50d9-846c-11d113bfd43a,952ccb39-f434-56ff-a90e-908dcb7a9391,CABAL Juan,CABALJUAN,fantacalcio-online-excel,438,Cabal,JUVENTUS,exact,1.0,
cba1288a-671e-5459-8979-24f5b2b4805f,72474982-66b6-5ed7-b46c-de88c77fe1a5,OYONO Anthony,OYONOANTHONY,fantacalcio-online-excel,439,Oyono A.,FROSINONE,exact,1.0,
7cb3d235-c2b5-5ca7-8f10-3ebee33ec7b2,d896452a-68bd-5120-ae85-eab30d67dc28,ZARRAGA Oier,ZARRAGAOIER,fantacalcio-online-excel,440,Zarraga,UDINESE,exact,1.0,
08cd4219-fd50-5d3a-9a7b-67a4f52cc40e,34f59f32-8cb8-5bea-971d-be5ee70cc7b9,EL AZZOUZI Oussama,ELAZZOUZIOUSSAMA,fantacalcio-online-excel,441,El Azzouzi O.,BOLOGNA,exact,1.0,
7409bf70-3b1a-52e1-9677-a9821948c2aa,cdb063b3-3fba-5c23-a582-d85f32d95075,DAFFARA Giovanni,DAFFARAGIOVANNI,fantacalcio-online-excel,442,Daffara,PARMA,exact,1.0,
7a2297c5-00f8-5988-baff-3a7fcdd7f3fb,8184fdf6-47af-5f3e-8052-10bd1c834bc5,MARIANUCCI Luca,MARIANUCCILUCA,fantacalcio-online-excel,443,Marianucci,NAPOLI,exact,1.0,
27d986b2-9c5e-596e-936e-7f9343021c54,83ebb084-b6f0-558e-9134-e5e5ac48546c,GOGLICHIDZE Saba,GOGLICHIDZESABA,fantacalcio-online-excel,444,Goglichidze,MONZA,exact,1.0,
df2c49d1-c49c-585a-9415-158a6961f918,7c527c2f-3e68-5b70-bb89-ee8172b8560d,BELAHYANE Reda,BELAHYANEREDA,fantacalcio-online-excel,445,Belahyane,LAZIO,exact,1.0,
6705e4ee-c051-5264-aa12-69fbab484c64,cb576d9d-0545-5141-bb0b-ebadf287a41f,FORSON Omari,FORSONOMARI,fantacalcio-online-excel,446,Forson O.,MONZA,exact,1.0,
9d571ccf-8c56-5ed2-82a4-abbfce4518cb,77d4ddd3-d63d-526f-8f68-d7af20a7ff67,MARIN Rafa,MARINRAFA,fantacalcio-online-excel,447,Marin R.,NAPOLI,exact,1.0,
b12670dd-bc42-5cba-b1d9-08fa03a94778,c344b6bc-d8c4-5493-9b86-28e9ede4d200,SVERKO Marin,SVERKOMARIN,fantacalcio-online-excel,448,Sverko,VENEZIA,exact,1.0,
9ae9c971-5fad-5ab1-a7bc-e04a25d2bffb,7bd717bf-3b14-5b1d-8b41-0952d2f19009,SAGRADO Richie,SAGRADORICHIE,fantacalcio-online-excel,449,Sagrado,VENEZIA,exact,1.0,
1e9ad9dc-4bfe-57b0-adf3-0332f9993862,e6a58710-fe0a-56a5-97cd-b0fb5edf53ad,PALMA Matteo,PALMAMATTEO,fantacalcio-online-excel,450,Palma,UDINESE,exact,1.0,
cadbaa0b-528f-56d4-9c91-2d58ce7f7ac3,47bac0c5-1d0d-5f8d-9465-0db8893feb87,VAN DER BREMPT Ignace,VANDERBREMPTIGNACE,fantacalcio-online-excel,451,Van Der Brempt,SASSUOLO,exact,1.0,
9f9e8a8f-48e3-5a16-af29-2cac62d470be,54cbfea6-7656-5016-81f6-feb46661cb91,ANJORIN Tino,ANJORINTINO,fantacalcio-online-excel,452,Anjorin,TORINO,exact,1.0,
1b7ab534-8aef-5d4b-991c-456a2908778f,65300679-cdd9-534e-a5c6-8c7e627e3952,IDRISSI Riyad,IDRISSIRIYAD,fantacalcio-online-excel,453,Idrissi R.,CAGLIARI,exact,1.0,
be8a4ad0-2081-5630-92b6-b1f09e7f07f2,2b3e63b2-c501-5e46-b6d7-a3ce2740b672,NDIAYE Abdoulaye,NDIAYEABDOULAYE,fantacalcio-online-excel,454,Ndiaye,PARMA,exact,1.0,
3954ec0b-07b0-5e94-9a69-0d93e31a31ae,b752b8d1-c83b-53d6-b432-bf914f945e5b,CHAKVETADZE Giorgi,CHAKVETADZEGIORGI,fantacalcio-online-excel,455,Chakvetadze,UDINESE,exact,1.0,
15dbad7a-86bf-58c2-9be2-7cf09f037dd3,be57d27b-a23e-567a-992c-f57d40495a26,PUCZKA David,PUCZKADAVID,fantacalcio-online-excel,457,Puczka,GENOA,exact,1.0,
82b60ebd-5c62-55a6-a9bb-497578b3d23f,b2fa3e0a-aabf-52d3-b018-3140d7ad3a21,ALHASSANE Abdel Rahim Bonkano,ALHASSANEABDELRAHIMBONKANO,fantacalcio-online-excel,458,Alhassane,BOLOGNA,exact,1.0,
07d6b208-77df-58b1-a5fc-e3b52be3cde7,6b0952f1-6436-593e-9ace-fe67733df1c9,MASSOLIN Yanis,MASSOLINYANIS,fantacalcio-online-excel,459,Massolin,CAGLIARI,exact,1.0,
4dbd1f5a-92fa-5bc8-a325-bbae22aeb4a7,86f5062a-f5b2-5d29-a46f-09fa3300f800,GOLDANIGA Edoardo,GOLDANIGAEDOARDO,fantacalcio-online-excel,462,Goldaniga,COMO,exact,1.0,
0c34379e-032e-5224-bb5d-e7f74f9a6262,abaf4465-be29-506e-9534-5b3a83fdbd08,PROVEDEL Ivan,PROVEDELIVAN,fantacalcio-online-excel,463,Provedel,INTER,exact,1.0,
51fdf008-126f-58b1-9ade-afc2ebf9d6ef,860c2824-2b89-51a9-810b-aa73b6c7bbf9,KONE Ben Lhassine,KONEBENLHASSINE,fantacalcio-online-excel,464,Kone B.,FROSINONE,exact,1.0,
635a9444-a029-5c47-9af1-8be58f8639d6,931a8b55-f1a8-53f1-9d22-24385451ae2b,CIERVO Riccardo,CIERVORICCARDO,fantacalcio-online-excel,466,Ciervo,CAGLIARI,exact,1.0,
9b926274-7be8-5016-ad2b-856f2e1d1d4d,7e62b5c5-d5e8-504f-a133-9459c00739a4,MAZZOCCHI Pasquale,MAZZOCCHIPASQUALE,fantacalcio-online-excel,467,Mazzocchi,VENEZIA,exact,1.0,
938ff9f5-5065-5c15-b973-41b5cc2210dd,62cf0514-454c-5058-ad28-603f54962e3a,DESPLANCHES Sebastiano,DESPLANCHESSEBASTIANO,fantacalcio-online-excel,468,Desplanches,FROSINONE,exact,1.0,
89a632b7-2028-5d0a-8184-ea604fc10fa4,d25b3cce-e4cb-5180-91b1-63c777e26cee,BAKOUNE Adam,BAKOUNEADAM,fantacalcio-online-excel,469,Bakoune,MONZA,exact,1.0,
854e3abd-661e-5c48-b15d-0e80b981127c,5eba1186-4ebf-52d7-9be5-de4d5b4e2d74,JEAN Gaby,JEANGABY,fantacalcio-online-excel,470,Jean,LECCE,exact,1.0,
616d3863-7624-5418-a0a2-1652d32a79b3,e54f2256-bf27-5eaa-8ab6-45482cac06b5,KOUADIO Eddy,KOUADIOEDDY,fantacalcio-online-excel,472,Kouadio,MONZA,exact,1.0,
dd8008d1-3cb9-5bfd-beab-c9b167c5ab02,622ecd5c-6f9c-53c3-80b4-bf001f8550fa,OTOA Sebastian,OTOASEBASTIAN,fantacalcio-online-excel,473,Otoa,GENOA,exact,1.0,
918aae94-57a1-56fd-9442-e3e37fe68dcf,c3f448e0-770a-5374-85d3-1ef70d758276,BAYO Vakoun,BAYOVAKOUN,fantacalcio-online-excel,474,Bayo V.,UDINESE,exact,1.0,
4ce6a03a-d754-581c-bd48-e3458af83c89,19697848-e209-5399-8478-9912d684a0a9,LULLI Emanuele,LULLIEMANUELE,fantacalcio-online-excel,475,Lulli,ROMA,exact,1.0,
1ecc595c-d284-59e7-beaf-f8934259af44,c82658bd-d24c-5725-a5f2-022b807efa10,CREMASCHI Benjamín,CREMASCHIBENJAMIN,fantacalcio-online-excel,476,Cremaschi,PARMA,exact,1.0,
10a3efb1-34ff-5ba9-a2c0-81294652d72e,2ba96b19-8089-5707-aeb8-49ae35fe3fba,FOE ONDOA Manga,FOEONDOAMANGA,fantacalcio-online-excel,477,Foe Ondoa,MONZA,exact,1.0,
fb96b10b-6423-51ac-9f76-9039f19ff8e1,88c93ecd-f728-54f4-a9c1-908eb14eda20,DIAWARA Sankhoun,DIAWARASANKHOUN,fantacalcio-online-excel,478,Diawara S.,MILAN,exact,1.0,
2c6827c1-1577-559c-a156-c1830edb1cd3,a996f4ab-a5ef-5d37-8b60-884d95b94b4e,AKPOGUMA Kevin,AKPOGUMAKEVIN,fantacalcio-online-excel,479,Akpoguma,FROSINONE,exact,1.0,
6b9696a7-3af8-512c-8550-6afe82782c0c,089d098e-cda3-5538-ab83-19b9fb5cc1d9,DE SILVESTRI Lorenzo,DESILVESTRILORENZO,fantacalcio-online-excel,480,De Silvestri,BOLOGNA,exact,1.0,
af559533-bf7e-5140-988c-6aa1b4140c38,ad032884-7ea7-58f0-870c-c652964d6e0c,RUGANI Daniele,RUGANIDANIELE,fantacalcio-online-excel,481,Rugani,JUVENTUS,exact,1.0,
2891d864-fe98-56c3-b968-247b2ea8f4ff,86f1d747-000a-5d23-915d-a21399060f0d,CORVI Edoardo,CORVIEDOARDO,fantacalcio-online-excel,484,Corvi,PARMA,exact,1.0,
3a9402fc-608e-5f73-80d5-1ef4dd0be09c,2dcd3197-2855-5dbf-8dc8-98bcf0b52e1d,MONTIPO' Lorenzo,MONTIPOLORENZO,fantacalcio-online-excel,485,Montipò,VENEZIA,exact,1.0,
10eef8d5-a533-522e-84dd-a773bad17d8b,1eeb6ca0-63d9-54b4-a455-6237e56d4768,CARBONI Franco Ezequiel,CARBONIFRANCOEZEQUIEL,fantacalcio-online-excel,486,Carboni F.,PARMA,exact,1.0,
d6e57b83-85d4-500f-9eba-971305ed053b,3b5aed92-d649-59e5-8dee-db1ad0568ea5,ANTOV Valentin,ANTOVVALENTIN,fantacalcio-online-excel,487,Antov,MONZA,exact,1.0,
a9e70d7c-84da-5e6b-9126-4d7d8e4f5b11,028da3f4-1873-57b5-83c8-1ca752781128,PIERAGNOLO Edoardo,PIERAGNOLOEDOARDO,fantacalcio-online-excel,488,Pieragnolo,SASSUOLO,exact,1.0,
3c587715-94c9-5d4a-a493-e252e21a5dd6,10dc8fe6-6e9f-5097-bc89-938b87ab9ec5,ABANKWAH James,ABANKWAHJAMES,fantacalcio-online-excel,489,Abankwah,UDINESE,exact,1.0,
98fee95e-f1a2-5115-986f-62f1c6983c22,997ca01f-0103-5588-bc98-3901384aa6d8,DEMBELE Ali,DEMBELEALI,fantacalcio-online-excel,490,Dembelè A.,LECCE,exact,1.0,
93a5bdc2-4110-5431-a09f-3cf7d79c4e54,e72fc633-5ab6-50ab-acf3-e46af57bbe9b,KABA Mohamed,KABAMOHAMED,fantacalcio-online-excel,492,Kaba,LECCE,exact,1.0,
1af9373b-c77f-5144-91f8-aafc0a150aff,f51cde19-3953-5d1e-b1c9-378a7b83d0a1,NDABA Corrie,NDABACORRIE,fantacalcio-online-excel,494,Ndaba,LECCE,exact,1.0,
dcedbcc0-372a-5bfe-b4a6-4e102e6e64d0,2ecf4d1a-32fb-5694-95fd-bb6e18127bde,MAYE Yvan,MAYEYVAN,fantacalcio-online-excel,495,Maye,MONZA,exact,1.0,
11976345-8e87-5c1d-908c-012c92f22472,f6dff5e6-a517-54d2-b3b8-024fd78d5a81,CINQUEGRANO Simone,CINQUEGRANOSIMONE,fantacalcio-online-excel,496,Cinquegrano,SASSUOLO,exact,1.0,
a57f633d-719b-57b4-8e7a-88faf314fc2d,83916522-1480-56c2-a71e-a003b5056465,FOFANA Sadik,FOFANASADIK,fantacalcio-online-excel,497,Fofana Sa.,LECCE,exact,1.0,
34bdac2f-a36c-5793-b780-7c48938c74aa,7c988390-39dd-59b8-bd33-52947d88a6e1,DROBNIC Dominik,DROBNICDOMINIK,fantacalcio-online-excel,498,Drobnic,PARMA,exact,1.0,
320f1605-e3ec-537b-94dc-c6d995e8508d,4a8d01b6-6fc7-5342-a39b-a0880bda3734,LISMAN Kornel,LISMANKORNEL,fantacalcio-online-excel,499,Lisman,VENEZIA,exact,1.0,
84bd7ea0-0447-5f1c-a3cc-43fe01a18fbc,213f66fc-4d86-5c9b-ac1b-ab89bf2edf67,MOUT Mathis,MOUTMATHIS,fantacalcio-online-excel,500,Mout,MONZA,exact,1.0,
2e43d47d-3c07-5c36-882b-ca727c586cd2,44257434-bf35-57dc-ad00-e6f1a9fc5ed0,MROZEK Bartosz,MROZEKBARTOSZ,fantacalcio-online-excel,502,Mrozek,UDINESE,exact,1.0,
3c3c2cac-e793-56c9-9459-0b0ebd5f6f26,49148dbf-923c-5a09-b8a1-f9bf7693cf98,PADELLI Daniele,PADELLIDANIELE,fantacalcio-online-excel,503,Padelli,UDINESE,exact,1.0,
47087b01-fe10-5bf3-b1ce-d0e7d64995e9,b8e95ab0-4c2a-58e9-a19e-ccc2e07307ba,SPORTIELLO Marco,SPORTIELLOMARCO,fantacalcio-online-excel,504,Sportiello,ATALANTA,exact,1.0,
1e6df176-6295-5b33-85bb-baf86045cad7,6066e141-f039-55e3-8448-3a3355b2edf5,LEZZERINI Luca,LEZZERINILUCA,fantacalcio-online-excel,505,Lezzerini,FIORENTINA,exact,1.0,
359b60f8-1837-59c3-b04d-3b7e64b3dc4f,ecbfa523-c483-5b65-9243-5ac174c0ddbd,SOMMARIVA Daniele,SOMMARIVADANIELE,fantacalcio-online-excel,506,Sommariva,GENOA,exact,1.0,
e2c2d53f-80dd-5048-b564-d44abafd0c83,73b94810-56e7-5c7d-9d6f-cef9329fe18a,RADUNOVIC Boris,RADUNOVICBORIS,fantacalcio-online-excel,507,Radunovic,CAGLIARI,exact,1.0,
e9613c02-6aed-5505-a8b6-4fb0bb10fef7,6ac50603-e3ea-5970-b7ca-0b07ec8f5369,SATALINO Giacomo,SATALINOGIACOMO,fantacalcio-online-excel,508,Satalino,SASSUOLO,exact,1.0,
cd2abed2-14e1-5a39-8aeb-6968dfb2365d,dbbf37b6-6f67-549b-a0ed-58722024f3b0,DI GENNARO Raffaele,DIGENNARORAFFAELE,fantacalcio-online-excel,509,Di Gennaro,INTER,exact,1.0,
9b00993b-7cb3-5895-a9c6-c27ecb8321e3,f774f020-ee14-592b-a9ac-66c60c1ce571,CONTINI Nikita,CONTININIKITA,fantacalcio-online-excel,510,Contini,NAPOLI,exact,1.0,
87c1e43f-9cc4-556e-8210-125545946ce1,52b77c66-cb8f-576b-b925-b20f904a3850,ROSSI Francesco,ROSSIFRANCESCO,fantacalcio-online-excel,511,Rossi F.,ATALANTA,exact,1.0,
83f899c4-3bf9-5553-a854-7a77b17e5e66,c0f26b52-a129-56b7-a759-ad0b9847e64b,PINSOGLIO Carlo,PINSOGLIOCARLO,fantacalcio-online-excel,512,Pinsoglio,JUVENTUS,exact,1.0,
9161f4a6-bd28-53b4-a4c3-8da1912b5976,6af4d924-3b4d-5ef3-8af8-50c2f04cedd4,GOLLINI Pierluigi,GOLLINIPIERLUIGI,fantacalcio-online-excel,513,Gollini,ROMA,exact,1.0,
890f8e18-bf26-588e-83f7-bdf94c7017f1,287bdb96-800a-5743-948a-317232d4336b,GHIDOTTI Simone,GHIDOTTISIMONE,fantacalcio-online-excel,514,Ghidotti,PARMA,exact,1.0,
32c4553e-ae9c-52e1-8d95-eb02997e3fa6,13aec648-b4b3-5d86-9a52-3a86de19725d,VIGORITO Mauro,VIGORITOMAURO,fantacalcio-online-excel,515,Vigorito,COMO,exact,1.0,
5966b75d-4324-5d02-8a38-2cda2145f574,c3676304-d340-514f-bdfe-e14e1e3e36a1,RUSSO Alessandro,RUSSOALESSANDRO,fantacalcio-online-excel,516,Russo A.,SASSUOLO,exact,1.0,
d69ff182-eac7-524c-9ce7-9277d6011ac7,4073011b-d5ed-5db7-9647-08437c4793ae,TURATI Stefano,TURATISTEFANO,fantacalcio-online-excel,517,Turati,SASSUOLO,exact,1.0,
8fedeb31-abf3-50d3-b7c5-a8bab845e4e5,bb956845-662e-59f6-81d7-daef8a47a291,BLEVE Marco,BLEVEMARCO,fantacalcio-online-excel,519,Bleve,LECCE,exact,1.0,
6f7ba158-ddab-5683-849d-f04615cf2fc2,e5a3d7c1-2222-5499-81a4-15a80dacc11e,AMEY Wisdom,AMEYWISDOM,fantacalcio-online-excel,521,Amey,FROSINONE,exact,1.0,
83632e4b-e9ab-5686-a18c-694c04547599,8b59a503-9d67-57e1-aa55-050ce76ccfb4,PIANA Edoardo,PIANAEDOARDO,fantacalcio-online-excel,522,Piana,UDINESE,exact,1.0,
a0574732-05ce-5e3d-9df9-680a38f475b6,d093cf47-74e9-5777-85ea-5a1e44222249,LOLIC Eldin,LOLICELDIN,fantacalcio-online-excel,523,Lolic,FROSINONE,exact,1.0,
1ff7b1da-b8cf-5d87-b543-878df1675d40,ae5187e4-6dc4-5436-9720-4b694a4eccee,RENZETTI Davide,RENZETTIDAVIDE,fantacalcio-online-excel,527,Renzetti,LAZIO,exact,1.0,
ee6576f3-917f-56c8-923c-c6da4156d9b9,c38d2d07-d9dc-58d4-85a5-5451e9de1a14,CHRISTENSEN Oliver,CHRISTENSENOLIVER,fantacalcio-online-excel,528,Christensen O.,FIORENTINA,exact,1.0,
f3f0bc62-9ec5-562a-b2fb-c0bf0eee37ea,79b7bd3c-63d2-5843-9460-c9b57add0c0a,STOLZ Franz,STOLZFRANZ,fantacalcio-online-excel,529,Stolz,GENOA,exact,1.0,
8912700a-8870-5b93-8140-f1184582028f,12205eed-7d8d-561b-a25e-79dc8b88bfee,SHERRI Alen,SHERRIALEN,fantacalcio-online-excel,530,Sherri,CAGLIARI,exact,1.0,
b20fd2c4-0ad6-5607-b864-a5888d6c9b91,f92ecd59-842f-5742-93bc-68d3d9ae2eee,TORRIANI Lorenzo,TORRIANILORENZO,fantacalcio-online-excel,532,Torriani,MILAN,exact,1.0,
625cfa45-0fe9-5dad-82f1-4e92d5983b2f,de882b9b-7905-5229-bf3d-d73d6319195d,GRANDI Matteo,GRANDIMATTEO,fantacalcio-online-excel,533,Grandi,VENEZIA,exact,1.0,
b7ba9ab6-6310-50a7-94c4-ed8d4b254220,e294a356-2afe-5170-b1f2-9a62e9347a50,PESSINA Massimo,PESSINAMASSIMO,fantacalcio-online-excel,534,Pessina Mas.,BOLOGNA,exact,1.0,
4168b7bc-0def-5497-ade6-07ed393f9396,56c57e88-3b00-5e00-b693-5a2c5fea47cc,LITETA Joseph,LITETAJOSEPH,fantacalcio-online-excel,536,Liteta,CAGLIARI,exact,1.0,
fc807975-7fe2-5544-a05c-5fcf513003e2,9d821e0d-31bb-5f2a-893c-eb8250d4e45a,TREPY Yael,TREPYYAEL,fantacalcio-online-excel,537,Trepy,CAGLIARI,exact,1.0,
1ffbb1a1-6053-5956-9bde-6ec630c3be6b,998a2a33-7724-568e-806f-cbe983040198,PENEV Plamen,PENEVPLAMEN,fantacalcio-online-excel,540,Penev,LECCE,exact,1.0,
31d93774-e097-5504-96a0-378a3ce2ddbb,b8907c74-813f-5322-9fba-478117042ae2,ZIOLKOWSKI Jan,ZIOLKOWSKIJAN,fantacalcio-online-excel,541,Ziolkowski,MONZA,exact,1.0,
427847bc-f640-562c-96d9-0f42dae38129,e5970de1-d896-52bf-b2a9-debcb06a7806,HAPPONEN Ukko,HAPPONENUKKO,fantacalcio-online-excel,542,Happonen,BOLOGNA,exact,1.0,
da042822-cbe5-5896-a131-ccd111d6aaba,52b94b9a-e67b-58d4-bd44-ecbb3dd5e4d4,SIVIERO Lapo,SIVIEROLAPO,fantacalcio-online-excel,545,Siviero,TORINO,exact,1.0,
990cd2da-834a-5a4b-9ab1-13d70a0e827d,37b11dee-c603-5945-9e9a-641180f55a4d,TORNQVIST Noel,TORNQVISTNOEL,fantacalcio-online-excel,546,Tornqvist,MONZA,exact,1.0,
be15a3d3-744b-52a8-b169-b09d7605e363,7e65a324-f83a-5133-bb2c-9c26900ce2ed,PRZYBOREK Adrian,PRZYBOREKADRIAN,fantacalcio-online-excel,547,Przyborek,LAZIO,exact,1.0,
3dcb240d-ed2a-5558-a3c4-21d66dd3f01a,1970e9a4-dc07-598b-b420-f173c196ac6b,LAHDO Adrian,LAHDOADRIAN,fantacalcio-online-excel,548,Lahdo,COMO,exact,1.0,
3caf0cfb-b43c-515c-9cc3-557ca831792c,8ac54ae8-ecef-574f-b3e2-1120c47c2684,GOMES Alejandro Furtado,GOMESALEJANDROFURTADO,fantacalcio-online-excel,549,Gomes,VENEZIA,exact,1.0,
d44b8fd3-d31e-5410-857d-471db0e2ab72,c10a188b-4ff6-52a9-a5e2-3453b5d15cf5,POZZI Alessio,POZZIALESSIO,fantacalcio-online-excel,551,Pozzi,VENEZIA,exact,1.0,
13dde736-8887-55cc-83de-6c2ca155a11f,42342a5c-2df2-5a2c-9416-1522c223832f,PISSERI Matteo,PISSERIMATTEO,fantacalcio-online-excel,554,Pisseri,FROSINONE,exact,1.0,
d5ec40d0-94a3-5809-9339-8c50efbf0f91,b294df48-290d-5210-bfe1-88a0ac5944f8,MASCARDI Diego,MASCARDIDIEGO,fantacalcio-online-excel,555,Mascardi,TORINO,exact,1.0,
a6372b1b-df31-538b-a273-39eb03819a35,ef0f8c7f-84b7-59f6-9b95-b9032b4d3359,LAERKE Hjalte,LAERKEHJALTE,fantacalcio-online-excel,556,Laerke,LECCE,exact,1.0,
bb4881b1-6fab-5d96-a256-2c625265bc5c,15b9d873-c61e-5df2-b7e2-bccc7fb74c10,LAUBERBACH Lion,LAUBERBACHLION,fantacalcio-online-excel,558,Lauberbach,VENEZIA,exact,1.0,
088791a9-7f4f-5a66-b3bc-477c4ff750ee,8ec24093-ed1d-593e-856f-7fe09c533d16,DAGASSO Matteo,DAGASSOMATTEO,fantacalcio-online-excel,559,Dagasso,VENEZIA,exact,1.0,
a0c3ed83-76ba-57b0-82eb-1d0a3ade5985,45ccc1ee-e01f-5ce5-ae5d-4228dc49d301,STRAJNAR Aljaž,STRAJNARALJAZ,fantacalcio-online-excel,560,Strajnar,MONZA,exact,1.0,
f880aa39-0d26-5aa1-891e-d8baece2c2e6,ca8a5638-7e8e-543b-9afe-93d7293330ec,EL AZZOUZI Anouar,ELAZZOUZIANOUAR,fantacalcio-online-excel,561,El Azzouzi A.,FROSINONE,exact,1.0,
bd15de0a-4262-58b5-b0b8-a17a8652f724,f1767556-06c7-5180-996e-84511719ff14,GRABARA Kamil,GRABARAKAMIL,fantacalcio-online-excel,564,Grabara,JUVENTUS,exact,1.0,
36328bd5-4d31-534b-92c8-d19699822c34,6a3eccea-9bf8-5203-b9f4-f1d6432525d0,POMPEI Thomas,POMPEITHOMAS,fantacalcio-online-excel,565,Pompei,ATALANTA,exact,1.0,
0b1aabf5-73b8-5db8-aba7-79c27d84ae33,ea3e7543-454f-5ab8-a509-3d79a8742f85,MORA CARVALHORodrigo,MORACARVALHORODRIGO,fantacalcio-online-csv,35,MORA CARVALHORodrigo,ROMA,exact,1.0,match diretto CSV<->Excel (nessun Id fantacalcio.it disponibile)
65a21c0a-a191-514f-b360-137a16dbe0f0,ea3e7543-454f-5ab8-a509-3d79a8742f85,MORA CARVALHO Rodrigo,MORACARVALHORODRIGO,fantacalcio-online-excel,37,MORA CARVALHORodrigo,ROMA,exact,1.0,match diretto CSV<->Excel (nessun Id fantacalcio.it disponibile)
1789990f-1d14-5de0-9777-b1b3e1f05e3a,37664c04-fe4b-5067-abcb-f58cceca0e75,EDERSON-,EDERSON,fantacalcio-online-csv,56,EDERSON-,ATALANTA,exact,1.0,match diretto CSV<->Excel (nessun Id fantacalcio.it disponibile)
701e9a1f-1242-5549-a7b4-cc688d08eb09,37664c04-fe4b-5067-abcb-f58cceca0e75,EDERSON -,EDERSON,fantacalcio-online-excel,61,EDERSON-,ATALANTA,exact,1.0,match diretto CSV<->Excel (nessun Id fantacalcio.it disponibile)
63ceb8fb-2673-5561-9895-d5e2122be18b,cee24d68-5b5d-58ec-b75d-8935fc40ee15,ANGUISSAAndré Zambo,ANGUISSAANDREZAMBO,fantacalcio-online-csv,83,ANGUISSAAndré Zambo,NAPOLI,exact,1.0,match diretto CSV<->Excel (nessun Id fantacalcio.it disponibile)
46a9ee9c-1840-51a1-8f3f-93adf365f7c7,cee24d68-5b5d-58ec-b75d-8935fc40ee15,ANGUISSA André Zambo,ANGUISSAANDREZAMBO,fantacalcio-online-excel,82,ANGUISSAAndré Zambo,NAPOLI,exact,1.0,match diretto CSV<->Excel (nessun Id fantacalcio.it disponibile)
a579cb1b-dc07-5045-bc3b-30abdeece042,672a0f79-4070-5fbb-a5af-d1dc9d17d3f1,DA SILVA MOREIRADiego Manuel Jadon,DASILVAMOREIRADIEGOMANUELJADON,fantacalcio-online-csv,84,DA SILVA MOREIRADiego Manuel Jadon,MILAN,exact,1.0,match diretto CSV<->Excel (nessun Id fantacalcio.it disponibile)
e33f05a0-b2d0-5b99-aa33-3b246655119e,672a0f79-4070-5fbb-a5af-d1dc9d17d3f1,DA SILVA MOREIRA Diego Manuel Jadon,DASILVAMOREIRADIEGOMANUELJADON,fantacalcio-online-excel,86,DA SILVA MOREIRADiego Manuel Jadon,MILAN,exact,1.0,match diretto CSV<->Excel (nessun Id fantacalcio.it disponibile)
b26d6ff7-25b9-51ef-9475-5b6a067be979,26c86170-8a1b-52a8-9de9-21e8628e432d,BANDALameck2025/2026,BANDALAMECK,fantacalcio-online-csv,109,BANDALameck2025/2026,ESTERO,exact,1.0,"presente solo in questa fonte, nessun'altra fonte da incrociare"
39e003ea-a781-51a2-8a79-7e9f891b61e3,e74bade5-0998-5083-b560-a8e4ac7e6d6c,LUIS HENRIQUEde Lima,LUISHENRIQUEDELIMA,fantacalcio-online-csv,239,LUIS HENRIQUEde Lima,INTER,exact,1.0,"presente solo in questa fonte, nessun'altra fonte da incrociare"
10e5e867-18a1-518a-9e89-70a13a54ae90,7df6d3f6-6079-5d8b-86f9-f6d26e3b93bb,NUNO TAVARES-,NUNOTAVARES,fantacalcio-online-csv,246,NUNO TAVARES-,LAZIO,exact,1.0,match diretto CSV<->Excel (nessun Id fantacalcio.it disponibile)
cb4b86b2-e695-5597-bb6a-e667b9ae08ea,7df6d3f6-6079-5d8b-86f9-f6d26e3b93bb,NUNO TAVARES -,NUNOTAVARES,fantacalcio-online-excel,226,NUNO TAVARES-,LAZIO,exact,1.0,match diretto CSV<->Excel (nessun Id fantacalcio.it disponibile)
1f8b4668-66ca-5ddf-b44b-41a3c7ce4371,1cde111e-a752-5507-a44c-2a0d4e74d895,DANY MOTA-,DANYMOTA,fantacalcio-online-csv,266,DANY MOTA-,MONZA,exact,1.0,match diretto CSV<->Excel (nessun Id fantacalcio.it disponibile)
de16dfea-1475-50f5-8fb8-dd46e0f4a9aa,1cde111e-a752-5507-a44c-2a0d4e74d895,DANY MOTA -,DANYMOTA,fantacalcio-online-excel,249,DANY MOTA-,MONZA,exact,1.0,match diretto CSV<->Excel (nessun Id fantacalcio.it disponibile)
2e7fdcae-67f5-5dfb-922a-ddef7a723401,66b5c477-0a7e-5f13-80e5-f2a417aab535,NZOLAM'Bala,NZOLAMBALA,fantacalcio-online-csv,286,NZOLAM'Bala,CAGLIARI,exact,1.0,"presente solo in questa fonte, nessun'altra fonte da incrociare"
e0a13cdb-c29f-5450-92cc-be3959023670,d7241667-8667-5422-9916-a19e3b8d76c9,BEIDIFrancesco GalleaNuovo,BEIDIFRANCESCOGALLEA,fantacalcio-online-csv,301,BEIDIFrancesco GalleaNuovo,CAGLIARI,exact,1.0,match diretto CSV<->Excel (nessun Id fantacalcio.it disponibile)
42a2960a-f21b-520f-9ed0-f58b7e886732,d7241667-8667-5422-9916-a19e3b8d76c9,BEIDI Francesco Gallea,BEIDIFRANCESCOGALLEA,fantacalcio-online-excel,310,BEIDIFrancesco GalleaNuovo,CAGLIARI,exact,1.0,match diretto CSV<->Excel (nessun Id fantacalcio.it disponibile)
9814dae9-6f33-55a6-bf87-1d400a3da3bc,67ae486d-b125-576c-924d-15e8b6cbd0df,CHEDDIRAWalid2025/2026,CHEDDIRAWALID,fantacalcio-online-csv,308,CHEDDIRAWalid2025/2026,SERIEMINORI,exact,1.0,"presente solo in questa fonte, nessun'altra fonte da incrociare"
eed930a5-ec38-5ef5-b4b9-7daae7c31746,533beb16-1b7d-5ffb-8088-4da2a442da55,PAYEROMartin2025/2026,PAYEROMARTIN,fantacalcio-online-csv,329,PAYEROMartin2025/2026,ESTERO,exact,1.0,"presente solo in questa fonte, nessun'altra fonte da incrociare"
7118fb4a-7013-5602-8a27-f4f8a73d261d,3a49479f-c119-5d7c-9ffc-30e057cb9dfe,BONDOWarren2025/2026,BONDOWARREN,fantacalcio-online-csv,341,BONDOWarren2025/2026,MILAN,exact,1.0,match diretto CSV<->Excel (nessun Id fantacalcio.it disponibile)
add79c1a-37dc-5459-8fb0-d9f44d9afb8f,3a49479f-c119-5d7c-9ffc-30e057cb9dfe,BONDO Warren,BONDOWARREN,fantacalcio-online-excel,327,BONDOWarren2025/2026,MILAN,exact,1.0,match diretto CSV<->Excel (nessun Id fantacalcio.it disponibile)
9f29f273-e859-55c7-a2f1-7bf0a1224991,8f99fac8-78a8-5cc3-bd37-67629f690a94,MILINKOVICVanja,MILINKOVICVANJA,fantacalcio-online-csv,359,MILINKOVICVanja,NAPOLI,exact,1.0,match diretto CSV<->Excel (nessun Id fantacalcio.it disponibile)
ab8ec2a1-750b-58b3-9c7b-2225ec18eb6c,8f99fac8-78a8-5cc3-bd37-67629f690a94,MILINKOVIC Vanja,MILINKOVICVANJA,fantacalcio-online-excel,318,MILINKOVICVanja,NAPOLI,exact,1.0,match diretto CSV<->Excel (nessun Id fantacalcio.it disponibile)
05f68e0e-ef82-5576-9a57-527f17342f2f,b6a1b286-2880-5d9f-83d6-57c3229c6e8a,SOTTILRiccardo2025/2026,SOTTILRICCARDO,fantacalcio-online-csv,376,SOTTILRiccardo2025/2026,FIORENTINA,exact,1.0,match diretto CSV<->Excel (nessun Id fantacalcio.it disponibile)
5fb7c67d-7799-5248-8fe5-d83a7b7f8dae,b6a1b286-2880-5d9f-83d6-57c3229c6e8a,SOTTIL Riccardo,SOTTILRICCARDO,fantacalcio-online-excel,319,SOTTILRiccardo2025/2026,FIORENTINA,exact,1.0,match diretto CSV<->Excel (nessun Id fantacalcio.it disponibile)
08a59be5-a1a0-5ca7-a59e-78253d617608,fbb0236b-c8c5-50a8-a3f7-7e6c8cc39429,ZE PEDROda Silva Figueiredo Freitas,ZEPEDRODASILVAFIGUEIREDOFREITAS,fantacalcio-online-csv,381,ZE PEDROda Silva Figueiredo Freitas,CAGLIARI,exact,1.0,"presente solo in questa fonte, nessun'altra fonte da incrociare"
31102d65-7608-54ac-a23b-eaf30001246a,e53a7314-4f77-5b44-bd03-7d90e838fe65,ALVAREZAgustin2025/2026,ALVAREZAGUSTIN,fantacalcio-online-csv,382,ALVAREZAgustin2025/2026,ESTERO,exact,1.0,"presente solo in questa fonte, nessun'altra fonte da incrociare"
8db194e1-c845-57a3-b339-067082b8c1b0,78975e7c-a777-5e0a-b7cb-c92c9c245718,ASLLANIKristjan2025/2026,ASLLANIKRISTJAN,fantacalcio-online-csv,383,ASLLANIKristjan2025/2026,ESTERO,exact,1.0,"presente solo in questa fonte, nessun'altra fonte da incrociare"
e9a5efbc-4802-521e-b3c1-10068e103f88,ed93c5b9-9457-5288-a362-06883a8aa9d8,BALDEKeitaNuovo,BALDEKEITA,fantacalcio-online-csv,384,BALDEKeitaNuovo,MONZA,exact,1.0,match diretto CSV<->Excel (nessun Id fantacalcio.it disponibile)
5a8bece6-2aa2-5f05-8243-6bdf0521c446,ed93c5b9-9457-5288-a362-06883a8aa9d8,BALDE Keita,BALDEKEITA,fantacalcio-online-excel,390,BALDEKeitaNuovo,MONZA,exact,1.0,match diretto CSV<->Excel (nessun Id fantacalcio.it disponibile)
125ca928-6100-56c7-8815-a8c35f1a9206,5092a928-da94-5977-a494-7bad0695d85a,JESUSJuan,JESUSJUAN,fantacalcio-online-csv,405,JESUSJuan,VENEZIA,exact,1.0,match diretto CSV<->Excel (nessun Id fantacalcio.it disponibile)
c30eed09-49e5-5e05-b25d-1dc1ab04c0d7,5092a928-da94-5977-a494-7bad0695d85a,JESUS Juan,JESUSJUAN,fantacalcio-online-excel,353,JESUSJuan,VENEZIA,exact,1.0,match diretto CSV<->Excel (nessun Id fantacalcio.it disponibile)
16cd2f24-ea5c-5381-82c9-46efadbb9e44,5397f490-aad7-5707-828c-902f40e48735,LOVRICSandi2025/2026,LOVRICSANDI,fantacalcio-online-csv,409,LOVRICSandi2025/2026,UDINESE,exact,1.0,match diretto CSV<->Excel (nessun Id fantacalcio.it disponibile)
a38344db-44a8-5dff-840e-98762c1827bc,5397f490-aad7-5707-828c-902f40e48735,LOVRIC Sandi,LOVRICSANDI,fantacalcio-online-excel,366,LOVRICSandi2025/2026,UDINESE,exact,1.0,match diretto CSV<->Excel (nessun Id fantacalcio.it disponibile)
6b0b8f6c-2741-55dc-bdb2-d39993543df8,68df6c49-2630-538c-b703-9812ac51689d,MAZZITELLILuca2025/2026,MAZZITELLILUCA,fantacalcio-online-csv,412,MAZZITELLILuca2025/2026,COMO,exact,1.0,match diretto CSV<->Excel (nessun Id fantacalcio.it disponibile)
eab2545e-2d90-5f32-931a-a1d1d03d4fca,68df6c49-2630-538c-b703-9812ac51689d,MAZZITELLI Luca,MAZZITELLILUCA,fantacalcio-online-excel,356,MAZZITELLILuca2025/2026,COMO,exact,1.0,match diretto CSV<->Excel (nessun Id fantacalcio.it disponibile)
e0d69a1c-8f86-55e4-ac1b-8c4ed5ec68e4,92c7762a-e3b1-5514-91f6-b87ad4c9c543,BENNACERIsmael2025/2026,BENNACERISMAEL,fantacalcio-online-csv,429,BENNACERIsmael2025/2026,ESTERO,exact,1.0,"presente solo in questa fonte, nessun'altra fonte da incrociare"
98eae277-945d-5706-8c82-b2a872d1224e,5ecb81e1-6d91-55c4-a049-67a2ded73cd3,DOSSENAAlberto2025/2026,DOSSENAALBERTO,fantacalcio-online-csv,435,DOSSENAAlberto2025/2026,COMO,exact,1.0,match diretto CSV<->Excel (nessun Id fantacalcio.it disponibile)
563b01b4-9dad-5078-81cf-af5503200577,5ecb81e1-6d91-55c4-a049-67a2ded73cd3,DOSSENA Alberto,DOSSENAALBERTO,fantacalcio-online-excel,405,DOSSENAAlberto2025/2026,COMO,exact,1.0,match diretto CSV<->Excel (nessun Id fantacalcio.it disponibile)
593903d2-3b10-5874-b649-2b4af5610c26,9cff144f-4bf0-5652-b36f-b1517fb858fd,KARLSSONJesper2025/2026,KARLSSONJESPER,fantacalcio-online-csv,449,KARLSSONJesper2025/2026,BOLOGNA,exact,1.0,match diretto CSV<->Excel (nessun Id fantacalcio.it disponibile)
2bde16bb-762c-5585-b926-3e6c17d246cc,9cff144f-4bf0-5652-b36f-b1517fb858fd,KARLSSON Jesper,KARLSSONJESPER,fantacalcio-online-excel,409,KARLSSONJesper2025/2026,BOLOGNA,exact,1.0,match diretto CSV<->Excel (nessun Id fantacalcio.it disponibile)
44ffd1e0-fe19-54cc-8ec7-65baa15bc7c3,f56412ab-61ed-5d74-92e5-72d8f8c133a9,POSCHStefan2025/2026,POSCHSTEFAN,fantacalcio-online-csv,459,POSCHStefan2025/2026,ESTERO,exact,1.0,"presente solo in questa fonte, nessun'altra fonte da incrociare"
1c8da042-6486-5033-a408-ce01761e039d,c3e2cd77-8320-5f95-b029-bbb066be37c9,SALAH-EDDINEAnass2025/2026,SALAHEDDINEANASS,fantacalcio-online-csv,460,SALAH-EDDINEAnass2025/2026,ROMA,exact,1.0,match diretto CSV<->Excel (nessun Id fantacalcio.it disponibile)
01b05f86-1142-5f2f-81c3-57dba3561ee9,c3e2cd77-8320-5f95-b029-bbb066be37c9,SALAH-EDDINE Anass,SALAHEDDINEANASS,fantacalcio-online-excel,414,SALAH-EDDINEAnass2025/2026,ROMA,exact,1.0,match diretto CSV<->Excel (nessun Id fantacalcio.it disponibile)
93f59431-6468-5361-ab09-a9b2e172eb7f,cf520d9f-f924-59b2-9bc9-5eefe44220e0,ZEMURAJordan2025/2026,ZEMURAJORDAN,fantacalcio-online-csv,468,ZEMURAJordan2025/2026,ESTERO,exact,1.0,"presente solo in questa fonte, nessun'altra fonte da incrociare"
2bb58536-df4a-5c56-9824-47edcc6d3b9b,6bd2f5a0-2b6d-5231-a624-10a146714ebb,BALOGHBotond2025/2026,BALOGHBOTOND,fantacalcio-online-csv,473,BALOGHBotond2025/2026,ESTERO,exact,1.0,"presente solo in questa fonte, nessun'altra fonte da incrociare"
09c29cf0-6007-55c2-9c9c-021fad1b5e6f,b8193c06-4244-5f01-9308-50c86cd6e122,DE SOUZA JÚNIORRobsonNuovo,DESOUZAJUNIORROBSON,fantacalcio-online-csv,481,DE SOUZA JÚNIORRobsonNuovo,GENOA,exact,1.0,match diretto CSV<->Excel (nessun Id fantacalcio.it disponibile)
4c2fa636-c00e-5018-8108-47ea444e899e,b8193c06-4244-5f01-9308-50c86cd6e122,DE SOUZA JÚNIOR Robson,DESOUZAJUNIORROBSON,fantacalcio-online-excel,461,DE SOUZA JÚNIORRobsonNuovo,GENOA,exact,1.0,match diretto CSV<->Excel (nessun Id fantacalcio.it disponibile)
14085bdb-0878-5e06-8a29-c30412309bec,8b1f76b9-4048-5637-8df0-4cab22490be9,DIALLO THIAOOusmaneNuovo,DIALLOTHIAOOUSMANE,fantacalcio-online-csv,482,DIALLO THIAOOusmaneNuovo,PARMA,exact,1.0,match diretto CSV<->Excel (nessun Id fantacalcio.it disponibile)
0620c534-30e3-5eab-8b0e-c0c9b0d66e48,8b1f76b9-4048-5637-8df0-4cab22490be9,DIALLO THIAO Ousmane,DIALLOTHIAOOUSMANE,fantacalcio-online-excel,460,DIALLO THIAOOusmaneNuovo,PARMA,exact,1.0,match diretto CSV<->Excel (nessun Id fantacalcio.it disponibile)
d5dae92a-3ad6-5cbe-ab6c-866637766a5c,b24f1882-9140-58a3-a60b-a6ef9ba66dcb,VALENTININicolas2025/2026,VALENTININICOLAS,fantacalcio-online-csv,502,VALENTININicolas2025/2026,ESTERO,exact,1.0,"presente solo in questa fonte, nessun'altra fonte da incrociare"
80624224-9179-5082-a631-5fbd06131ba5,d64437fe-1e40-51e8-ac22-5454a22fdbce,ALTAREGiorgioNuovo,ALTAREGIORGIO,fantacalcio-online-csv,506,ALTAREGiorgioNuovo,SERIEMINORI,exact,1.0,"presente solo in questa fonte, nessun'altra fonte da incrociare"
faf21cf0-5b08-5c50-8168-6fd09ff10114,edb1cb7b-6452-5a1e-8e40-7bba89406e00,BENEDYCZAKAdrian2025/2026,BENEDYCZAKADRIAN,fantacalcio-online-csv,509,BENEDYCZAKAdrian2025/2026,ESTERO,exact,1.0,"presente solo in questa fonte, nessun'altra fonte da incrociare"
94cad4ef-22ec-537a-9b6a-05288bf0f486,2da353b1-cdbc-5f59-ae38-710700eabecb,BOHINENEmil2025/2026,BOHINENEMIL,fantacalcio-online-csv,510,BOHINENEmil2025/2026,SERIEMINORI,exact,1.0,"presente solo in questa fonte, nessun'altra fonte da incrociare"
253cdcd3-f3ab-5c41-b0b1-f8eb01aa76fa,4932027f-5700-5c6d-a847-3c36f2e1d468,BRORSSONArvidNuovo,BRORSSONARVID,fantacalcio-online-csv,511,BRORSSONArvidNuovo,ESTERO,exact,1.0,"presente solo in questa fonte, nessun'altra fonte da incrociare"
9de7653e-6a3a-5b76-aa98-c10c755e2ffd,02ed4aba-3664-5886-a974-cc8b7f73de62,CUENCA CEJUDOAndrésNuovo,CUENCACEJUDOANDRES,fantacalcio-online-csv,514,CUENCA CEJUDOAndrésNuovo,ESTERO,exact,1.0,"presente solo in questa fonte, nessun'altra fonte da incrociare"
06420615-f4b5-54cd-b323-1586ab992510,0707798d-5aa3-5b26-99a5-2b2e98f22697,GHIONAndrea2025/2026,GHIONANDREA,fantacalcio-online-csv,519,GHIONAndrea2025/2026,SASSUOLO,exact,1.0,match diretto CSV<->Excel (nessun Id fantacalcio.it disponibile)
a19eec59-bc90-5074-a5c2-1c9d927908e2,0707798d-5aa3-5b26-99a5-2b2e98f22697,GHION Andrea,GHIONANDREA,fantacalcio-online-excel,465,GHIONAndrea2025/2026,SASSUOLO,exact,1.0,match diretto CSV<->Excel (nessun Id fantacalcio.it disponibile)
1d358afa-9392-583b-9749-c312c87c999c,0984a762-1734-5981-8832-48ed62a39efc,GIGOTSamuel2025/2026,GIGOTSAMUEL,fantacalcio-online-csv,520,GIGOTSamuel2025/2026,LAZIO,exact,1.0,match diretto CSV<->Excel (nessun Id fantacalcio.it disponibile)
8dc934b9-8b5b-51e7-8346-d14b52136610,0984a762-1734-5981-8832-48ed62a39efc,GIGOT Samuel,GIGOTSAMUEL,fantacalcio-online-excel,471,GIGOTSamuel2025/2026,LAZIO,exact,1.0,match diretto CSV<->Excel (nessun Id fantacalcio.it disponibile)
bb06a5cb-f66e-5cf2-a86e-d0430666d174,51b36eb0-4f3f-5958-be6c-2b43c1148732,MULATTIERISamuele2025/2026,MULATTIERISAMUELE,fantacalcio-online-csv,528,MULATTIERISamuele2025/2026,SERIEMINORI,exact,1.0,"presente solo in questa fonte, nessun'altra fonte da incrociare"
d9cd559b-52ea-5918-b7c0-f0419af12300,b1e62e0a-c059-5c21-ba87-cab030e0a692,AMORANPeter2025/2026,AMORANPETER,fantacalcio-online-csv,533,AMORANPeter2025/2026,ESTERO,exact,1.0,"presente solo in questa fonte, nessun'altra fonte da incrociare"
6d5ab8ac-0eb5-5d57-bcdb-8e72ab192966,34ffa5d9-8b6b-50fc-be2c-011522a9ecad,BAKKERMitchel2025/2026,BAKKERMITCHEL,fantacalcio-online-csv,536,BAKKERMitchel2025/2026,ATALANTA,exact,1.0,match diretto CSV<->Excel (nessun Id fantacalcio.it disponibile)
d23f0455-3397-5827-998b-654776583572,34ffa5d9-8b6b-50fc-be2c-011522a9ecad,BAKKER Mitchel,BAKKERMITCHEL,fantacalcio-online-excel,491,BAKKERMitchel2025/2026,ATALANTA,exact,1.0,match diretto CSV<->Excel (nessun Id fantacalcio.it disponibile)
df29c4ec-70f9-570f-a7dc-e9f7151fbec2,3c4ae455-8d8b-5147-bc78-08a9cc2854b0,BONFANTIGiovanni2025/2026,BONFANTIGIOVANNI,fantacalcio-online-csv,537,BONFANTIGiovanni2025/2026,ESTERO,exact,1.0,"presente solo in questa fonte, nessun'altra fonte da incrociare"
0ae4fb0b-e113-51e9-b230-dad780e37860,f0eabf57-3856-56cc-877f-da480178cf35,BRAUNODERMatthias2025/2026,BRAUNODERMATTHIAS,fantacalcio-online-csv,538,BRAUNODERMatthias2025/2026,SERIEMINORI,exact,1.0,"presente solo in questa fonte, nessun'altra fonte da incrociare"
20d32d0b-66e5-5f8a-9eff-617e991e158b,a9ac1062-980d-5f22-ba23-3bffde6b3b65,BURNETERares2025/2026,BURNETERARES,fantacalcio-online-csv,539,BURNETERares2025/2026,SERIEMINORI,exact,1.0,"presente solo in questa fonte, nessun'altra fonte da incrociare"
7179df6c-bb8c-5ccf-bd87-bcdeaacbfe2f,3bad001c-b443-5a31-8236-5881e1d83270,CASASAntonioNuovo,CASASANTONIO,fantacalcio-online-csv,541,CASASAntonioNuovo,ESTERO,exact,1.0,"presente solo in questa fonte, nessun'altra fonte da incrociare"
8d865316-50e9-51b0-82e1-d6e7f67efb7a,784abf02-9373-5af2-8cb9-28b8dd4d4970,D'ANDREALucaNuovo,DANDREALUCA,fantacalcio-online-csv,544,D'ANDREALucaNuovo,SERIEMINORI,exact,1.0,"presente solo in questa fonte, nessun'altra fonte da incrociare"
9f623228-6939-5fa2-8156-8244efe5ce5d,a6b6c75c-720d-5e97-b6cb-b0e1888ddac7,GALAZZINicolasNuovo,GALAZZINICOLAS,fantacalcio-online-csv,549,GALAZZINicolasNuovo,SERIEMINORI,exact,1.0,"presente solo in questa fonte, nessun'altra fonte da incrociare"
4447e1cd-69a9-55da-8c10-5c15ea63d9bf,8e7e7a97-7cba-516a-9057-c5e5b2fd8c3f,GROSSOFilippoNuovo,GROSSOFILIPPO,fantacalcio-online-csv,550,GROSSOFilippoNuovo,SERIEMINORI,exact,1.0,"presente solo in questa fonte, nessun'altra fonte da incrociare"
acbc948c-4497-5d1a-a1b2-a74585fa28c5,5fd4eb86-7854-5f42-896a-de61c18e777d,JOVICMilošNuovo,JOVICMILOS,fantacalcio-online-csv,553,JOVICMilošNuovo,ESTERO,exact,1.0,"presente solo in questa fonte, nessun'altra fonte da incrociare"
01f08d1f-59ef-5f36-98e7-9ecb56e7837a,a48819f2-8348-585d-9cf1-7b097114f807,KOUASSIOwen2025/2026,KOUASSIOWEN,fantacalcio-online-csv,555,KOUASSIOwen2025/2026,ESTERO,exact,1.0,"presente solo in questa fonte, nessun'altra fonte da incrociare"
79ca8263-2a3c-57ed-ad3f-65b800235bf0,a68bf0e8-5f0b-584c-b294-0909f2e3af93,LUONGOAndreaNuovo,LUONGOANDREA,fantacalcio-online-csv,557,LUONGOAndreaNuovo,TORINO,exact,1.0,match diretto CSV<->Excel (nessun Id fantacalcio.it disponibile)
c07f9541-759a-5081-9c24-28f613b040a3,a68bf0e8-5f0b-584c-b294-0909f2e3af93,LUONGO Andrea,LUONGOANDREA,fantacalcio-online-excel,501,LUONGOAndreaNuovo,TORINO,exact,1.0,match diretto CSV<->Excel (nessun Id fantacalcio.it disponibile)
2f8374f0-7f27-5294-a920-623981d1aeef,f4d80734-a872-536f-9943-b81a0275a4a7,OKOROAlvin ObinnaNuovo,OKOROALVINOBINNA,fantacalcio-online-csv,565,OKOROAlvin ObinnaNuovo,SERIEMINORI,exact,1.0,"presente solo in questa fonte, nessun'altra fonte da incrociare"
b033250f-2876-506b-881e-b3a6ac1e25c6,23e63c8a-f936-5fab-bfc3-e40bf123d4ef,PIERININicholas2025/2026,PIERININICHOLAS,fantacalcio-online-csv,567,PIERININicholas2025/2026,SASSUOLO,exact,1.0,match diretto CSV<->Excel (nessun Id fantacalcio.it disponibile)
9972f82c-2a68-5642-b424-092daaae9f4c,23e63c8a-f936-5fab-bfc3-e40bf123d4ef,PIERINI Nicholas,PIERININICHOLAS,fantacalcio-online-excel,482,PIERININicholas2025/2026,SASSUOLO,exact,1.0,match diretto CSV<->Excel (nessun Id fantacalcio.it disponibile)
a2172949-3864-50a9-8ffb-aaaf832d8e07,ce74bda7-5ca3-5c18-af67-1ff0c0d2f372,ROUHIJonas2025/2026,ROUHIJONAS,fantacalcio-online-csv,568,ROUHIJonas2025/2026,SERIEMINORI,exact,1.0,"presente solo in questa fonte, nessun'altra fonte da incrociare"
530ab4df-cba9-5b8f-a562-cb59dd4152e1,ae9606ac-f9f8-549b-bea9-37cdf3393bac,RUI MODESTOMuati2025/2026,RUIMODESTOMUATI,fantacalcio-online-csv,570,RUI MODESTOMuati2025/2026,ESTERO,exact,1.0,"presente solo in questa fonte, nessun'altra fonte da incrociare"
86d6914d-3e19-5a4b-bbc0-5b8890e0a42d,782fcaa1-41fa-5bfb-b1fa-abbf4c2c29ef,SKJELLERUPLaurs2025/2026,SKJELLERUPLAURS,fantacalcio-online-csv,571,SKJELLERUPLaurs2025/2026,SASSUOLO,exact,1.0,match diretto CSV<->Excel (nessun Id fantacalcio.it disponibile)
1cd0d856-7c90-5b24-9b92-eda90791376d,782fcaa1-41fa-5bfb-b1fa-abbf4c2c29ef,SKJELLERUP Laurs,SKJELLERUPLAURS,fantacalcio-online-excel,493,SKJELLERUPLaurs2025/2026,SASSUOLO,exact,1.0,match diretto CSV<->Excel (nessun Id fantacalcio.it disponibile)
bc06382a-bcb4-5bc5-b77c-63dc54f008ad,4ea0adbe-e566-53a0-a94f-354442550912,VEROLIDavide2025/2026,VEROLIDAVIDE,fantacalcio-online-csv,573,VEROLIDavide2025/2026,SERIEMINORI,exact,1.0,"presente solo in questa fonte, nessun'altra fonte da incrociare"
e93a3700-b88f-53b0-a329-498dd3a94742,efd475e3-a8ed-5edc-8ede-2392d62d82cc,WIETESKAMateusz2025/2026,WIETESKAMATEUSZ,fantacalcio-online-csv,575,WIETESKAMateusz2025/2026,ESTERO,exact,1.0,"presente solo in questa fonte, nessun'altra fonte da incrociare"
8f181aa9-f939-535a-a3c0-23d2b54145ed,e88cdb6a-a3bb-501b-a127-52068bc215ac,ADDOVernon2025/2026,ADDOVERNON,fantacalcio-online-csv,576,ADDOVernon2025/2026,LECCE,exact,1.0,match diretto CSV<->Excel (nessun Id fantacalcio.it disponibile)
1dcc0f14-6898-5d35-a95d-206958b1cdfc,e88cdb6a-a3bb-501b-a127-52068bc215ac,ADDO Vernon,ADDOVERNON,fantacalcio-online-excel,531,ADDOVernon2025/2026,LECCE,exact,1.0,match diretto CSV<->Excel (nessun Id fantacalcio.it disponibile)
8378acd8-d74e-511d-a2da-63cae73de3ec,a5cda3d1-eb0f-5f2e-808d-7b2a0b72b3cc,AKARAKIRIDemiNuovo,AKARAKIRIDEMI,fantacalcio-online-csv,577,AKARAKIRIDemiNuovo,CAGLIARI,exact,1.0,match diretto CSV<->Excel (nessun Id fantacalcio.it disponibile)
b92e61df-668c-59d3-895e-eee966eeaef2,a5cda3d1-eb0f-5f2e-808d-7b2a0b72b3cc,AKARAKIRI Demi,AKARAKIRIDEMI,fantacalcio-online-excel,557,AKARAKIRIDemiNuovo,CAGLIARI,exact,1.0,match diretto CSV<->Excel (nessun Id fantacalcio.it disponibile)
81183eaa-4840-5d2b-b965-37acf4b9d23d,f766ac25-2e97-5ad2-84fd-b00aae339d8e,AMBROSINOGiuseppe2025/2026,AMBROSINOGIUSEPPE,fantacalcio-online-csv,578,AMBROSINOGiuseppe2025/2026,SERIEMINORI,exact,1.0,"presente solo in questa fonte, nessun'altra fonte da incrociare"
a5db81c9-db6e-5db2-a83c-dbe3416dcc57,58fde5a7-666c-5346-987a-63f8999923f7,AUDEROEmil2025/2026,AUDEROEMIL,fantacalcio-online-csv,580,AUDEROEmil2025/2026,ESTERO,exact,1.0,"presente solo in questa fonte, nessun'altra fonte da incrociare"
376ee5c5-1c2d-5f70-b312-5249c3a6042e,f7ed9c2d-5924-56ea-8847-6854ce97aa1f,BORBEIAlexandru2025/2026,BORBEIALEXANDRU,fantacalcio-online-csv,583,BORBEIAlexandru2025/2026,LECCE,exact,1.0,match diretto CSV<->Excel (nessun Id fantacalcio.it disponibile)
e8bf2cbe-5c0b-5b7f-9006-d79b414f6adf,f7ed9c2d-5924-56ea-8847-6854ce97aa1f,BORBEI Alexandru,BORBEIALEXANDRU,fantacalcio-online-excel,525,BORBEIAlexandru2025/2026,LECCE,exact,1.0,match diretto CSV<->Excel (nessun Id fantacalcio.it disponibile)
d0f4ae1f-a3aa-5b4e-b243-03ec681f3308,c61f6ffa-d014-54ca-9cc0-6d6730f5eece,BRASCHIRiccardo2025/2026,BRASCHIRICCARDO,fantacalcio-online-csv,584,BRASCHIRiccardo2025/2026,ESTERO,exact,1.0,"presente solo in questa fonte, nessun'altra fonte da incrociare"
4e39f5cf-9c18-5f29-9ea5-be0e26acb905,6cbb2b40-1e33-5c23-a9a3-dd99525043c5,CAVUOTINicolo2025/2026,CAVUOTINICOLO,fantacalcio-online-csv,586,CAVUOTINicolo2025/2026,SERIEMINORI,exact,1.0,"presente solo in questa fonte, nessun'altra fonte da incrociare"
be65fb33-ff1c-5865-bfa1-03146ae2baf1,4f449cfb-fb7c-5598-aa5f-532b06c2334e,CHERUBINILuigi2025/2026,CHERUBINILUIGI,fantacalcio-online-csv,587,CHERUBINILuigi2025/2026,SERIEMINORI,exact,1.0,"presente solo in questa fonte, nessun'altra fonte da incrociare"
806e43a7-18a7-5457-ba03-35af9afe1cec,e1f99838-2ef4-5101-993f-15dcbd6262a1,COLLEYMuhammedNuovo,COLLEYMUHAMMED,fantacalcio-online-csv,590,COLLEYMuhammedNuovo,SERIEMINORI,exact,1.0,"presente solo in questa fonte, nessun'altra fonte da incrociare"
55f2538a-1715-5659-a217-37e3b6025afe,35c3e897-a35d-5367-8edc-91dbc37dbc49,DE MARTIS DE LA ROSAThomásNuovo,DEMARTISDELAROSATHOMAS,fantacalcio-online-csv,594,DE MARTIS DE LA ROSAThomásNuovo,PARMA,exact,1.0,match diretto CSV<->Excel (nessun Id fantacalcio.it disponibile)
5c010216-fc0c-536c-ab0f-dc4e6895071d,35c3e897-a35d-5367-8edc-91dbc37dbc49,DE MARTIS DE LA ROSA Thomás,DEMARTISDELAROSATHOMAS,fantacalcio-online-excel,562,DE MARTIS DE LA ROSAThomásNuovo,PARMA,exact,1.0,match diretto CSV<->Excel (nessun Id fantacalcio.it disponibile)
52737c97-74d8-55b8-b842-58da1cdf1ca1,194205c3-535e-52d8-8c4b-0c0d8c5d9363,DE MARZI GIORGIOGiorgio,DEMARZIGIORGIOGIORGIO,fantacalcio-online-csv,595,DE MARZI GIORGIOGiorgio,ROMA,exact,1.0,match diretto CSV<->Excel (nessun Id fantacalcio.it disponibile)
fd07878e-a976-5001-a0db-dd1de17779aa,194205c3-535e-52d8-8c4b-0c0d8c5d9363,DE MARZI GIORGIO Giorgio,DEMARZIGIORGIOGIORGIO,fantacalcio-online-excel,535,DE MARZI GIORGIOGiorgio,ROMA,exact,1.0,match diretto CSV<->Excel (nessun Id fantacalcio.it disponibile)
cb7d74e7-78fb-51e3-a2a0-fc01dfe024a2,5f403ba1-3c9f-57cb-92da-06c1c2c252a2,FARCOMENIValerio2025/2026,FARCOMENIVALERIO,fantacalcio-online-csv,598,FARCOMENIValerio2025/2026,LAZIO,exact,1.0,match diretto CSV<->Excel (nessun Id fantacalcio.it disponibile)
dd85238e-0d5e-55b3-9a78-5c572e98573b,5f403ba1-3c9f-57cb-92da-06c1c2c252a2,FARCOMENI Valerio,FARCOMENIVALERIO,fantacalcio-online-excel,543,FARCOMENIValerio2025/2026,LAZIO,exact,1.0,match diretto CSV<->Excel (nessun Id fantacalcio.it disponibile)
9390f2d6-f933-5290-b6e4-3b99a5910666,a74da4a8-b932-53ce-b3bf-0af281157164,FAYEDOmarNuovo,FAYEDOMAR,fantacalcio-online-csv,599,FAYEDOmarNuovo,FROSINONE,exact,1.0,match diretto CSV<->Excel (nessun Id fantacalcio.it disponibile)
5a22c821-674d-51b3-a908-1c797062b407,a74da4a8-b932-53ce-b3bf-0af281157164,FAYED Omar,FAYEDOMAR,fantacalcio-online-excel,563,FAYEDOmarNuovo,FROSINONE,exact,1.0,match diretto CSV<->Excel (nessun Id fantacalcio.it disponibile)
1669ebfd-8cce-502e-98dc-f6a4b54992ec,ab41fb4e-7602-547b-8fce-646402d7e2e3,FURLANETTOAlessio2025/2026,FURLANETTOALESSIO,fantacalcio-online-csv,601,FURLANETTOAlessio2025/2026,LAZIO,exact,1.0,match diretto CSV<->Excel (nessun Id fantacalcio.it disponibile)
c5c7626e-88a3-5c9d-a2e7-62fa51c9d11f,ab41fb4e-7602-547b-8fce-646402d7e2e3,FURLANETTO Alessio,FURLANETTOALESSIO,fantacalcio-online-excel,518,FURLANETTOAlessio2025/2026,LAZIO,exact,1.0,match diretto CSV<->Excel (nessun Id fantacalcio.it disponibile)
0dcceabb-c4c7-5e6f-85c3-84aa9bf71d43,24c28ced-b3ad-5161-a254-086bd152f4a8,GABRIELLONIAlessandro2025/2026,GABRIELLONIALESSANDRO,fantacalcio-online-csv,602,GABRIELLONIAlessandro2025/2026,SERIEMINORI,exact,1.0,"presente solo in questa fonte, nessun'altra fonte da incrociare"
9d4ca342-a54d-599a-a77e-602db25290ed,34761d5b-8c32-5028-9a8d-437d962ff001,GALASSIBrunoNuovo,GALASSIBRUNO,fantacalcio-online-csv,603,GALASSIBrunoNuovo,LAZIO,exact,1.0,match diretto CSV<->Excel (nessun Id fantacalcio.it disponibile)
04a2917a-4488-5704-bb48-3c3a9e2aa8ac,34761d5b-8c32-5028-9a8d-437d962ff001,GALASSI Bruno,GALASSIBRUNO,fantacalcio-online-excel,553,GALASSIBrunoNuovo,LAZIO,exact,1.0,match diretto CSV<->Excel (nessun Id fantacalcio.it disponibile)
32ea99d5-d1c2-5e86-a930-b0a415433b9b,76e82716-2cc1-54ad-907e-98ec7b3203f7,ISRAELFranco2025/2026,ISRAELFRANCO,fantacalcio-online-csv,610,ISRAELFranco2025/2026,TORINO,exact,1.0,match diretto CSV<->Excel (nessun Id fantacalcio.it disponibile)
fc99649e-4c7d-5fd4-81a3-28d22b7f2e2f,76e82716-2cc1-54ad-907e-98ec7b3203f7,ISRAEL Franco,ISRAELFRANCO,fantacalcio-online-excel,520,ISRAELFranco2025/2026,TORINO,exact,1.0,match diretto CSV<->Excel (nessun Id fantacalcio.it disponibile)
01022a2c-0163-5309-bf60-a4d74ed1461a,d1a67bcd-eca3-5ff3-a078-8c995af9286e,KONATEAbdou-Salam2025/2026,KONATEABDOUSALAM,fantacalcio-online-csv,611,KONATEAbdou-Salam2025/2026,PARMA,exact,1.0,match diretto CSV<->Excel (nessun Id fantacalcio.it disponibile)
a3366231-6b26-5914-91f5-4beccfe8b592,d1a67bcd-eca3-5ff3-a078-8c995af9286e,KONATE Abdou-Salam,KONATEABDOUSALAM,fantacalcio-online-excel,544,KONATEAbdou-Salam2025/2026,PARMA,exact,1.0,match diretto CSV<->Excel (nessun Id fantacalcio.it disponibile)
187984fc-e160-5498-9e4e-c618c101601e,87f381a5-cdd7-5476-ae9b-cc9f3e092311,KOSPOEman2025/2026,KOSPOEMAN,fantacalcio-online-csv,612,KOSPOEman2025/2026,SERIEMINORI,exact,1.0,"presente solo in questa fonte, nessun'altra fonte da incrociare"
14733245-deb8-5917-bce9-6f66dd9da4d9,cdc22a01-2e46-507f-a2e0-b30b046d0f9e,KOUDARachid2025/2026,KOUDARACHID,fantacalcio-online-csv,613,KOUDARachid2025/2026,SERIEMINORI,exact,1.0,"presente solo in questa fonte, nessun'altra fonte da incrociare"
a7cdf42f-0022-5e1c-b3a8-2c3104607883,49c5e95f-3b10-5313-9513-976e40329248,KOVACNiko2025/2026,KOVACNIKO,fantacalcio-online-csv,614,KOVACNiko2025/2026,LECCE,exact,1.0,match diretto CSV<->Excel (nessun Id fantacalcio.it disponibile)
e438d1bf-6d7b-59ee-8806-c0e612466f01,49c5e95f-3b10-5313-9513-976e40329248,KOVAC Niko,KOVACNIKO,fantacalcio-online-excel,539,KOVACNiko2025/2026,LECCE,exact,1.0,match diretto CSV<->Excel (nessun Id fantacalcio.it disponibile)
1055754c-6fe5-5655-bbb8-20283c9ac719,68ac23bf-49d1-566b-9ecb-47c0542d966b,LELLANunzioNuovo,LELLANUNZIO,fantacalcio-online-csv,618,LELLANunzioNuovo,SERIEMINORI,exact,1.0,"presente solo in questa fonte, nessun'altra fonte da incrociare"
14b51a4e-ac26-5b95-a932-25d27f26a0af,2d8a341e-495e-5a57-884f-1c3e02501142,LIGUECalixte PaulNuovo,LIGUECALIXTEPAUL,fantacalcio-online-csv,620,LIGUECalixte PaulNuovo,VENEZIA,exact,1.0,match diretto CSV<->Excel (nessun Id fantacalcio.it disponibile)
961ddf16-9d13-5cea-b340-51321565676d,2d8a341e-495e-5a57-884f-1c3e02501142,LIGUE Calixte Paul,LIGUECALIXTEPAUL,fantacalcio-online-excel,550,LIGUECalixte PaulNuovo,VENEZIA,exact,1.0,match diretto CSV<->Excel (nessun Id fantacalcio.it disponibile)
84759e8d-2a9b-5ce4-9b15-6eaf777f9130,41b3315e-ce23-5580-9a75-9dc6fe5f6e12,LYSIONOKErnestas2025/2026,LYSIONOKERNESTAS,fantacalcio-online-csv,623,LYSIONOKErnestas2025/2026,SERIEMINORI,exact,1.0,"presente solo in questa fonte, nessun'altra fonte da incrociare"
6887b718-035a-5433-b835-deaf46e0b859,6ab19345-64e6-54f0-bff8-2504fe7048c3,MARIANIEdoardoNuovo,MARIANIEDOARDO,fantacalcio-online-csv,625,MARIANIEdoardoNuovo,SERIEMINORI,exact,1.0,"presente solo in questa fonte, nessun'altra fonte da incrociare"
86af7e34-ae93-5a74-9a1c-0503174b5753,af3cfadb-2b6e-5eb9-a8d2-361b3bc24c5b,ODOGUDavid2025/2026,ODOGUDAVID,fantacalcio-online-csv,628,ODOGUDavid2025/2026,ESTERO,exact,1.0,"presente solo in questa fonte, nessun'altra fonte da incrociare"
2d1162e7-5be3-5908-8306-2fa6b8a84355,73a0af0e-843d-55a5-a622-98bde1c81345,RAVAGLIAFederico2025/2026,RAVAGLIAFEDERICO,fantacalcio-online-csv,644,RAVAGLIAFederico2025/2026,ESTERO,exact,1.0,"presente solo in questa fonte, nessun'altra fonte da incrociare"
4a632a4f-6e4d-5073-8cd3-9354e534cbe8,546e573c-9235-5b94-8ba0-1dea12b2921d,SIDIBEFranck AhmedNuovo,SIDIBEFRANCKAHMED,fantacalcio-online-csv,651,SIDIBEFranck AhmedNuovo,ESTERO,exact,1.0,"presente solo in questa fonte, nessun'altra fonte da incrociare"
e7761412-c00a-5c9d-b511-531c91d87cd4,f82ac0ed-d528-5b0f-a5e1-e501a93a78f5,VINCIATIGiulio2025/2026,VINCIATIGIULIO,fantacalcio-online-csv,663,VINCIATIGiulio2025/2026,UDINESE,exact,1.0,match diretto CSV<->Excel (nessun Id fantacalcio.it disponibile)
8f34e95d-4da2-5cd2-b2cb-7cf81b3d312a,f82ac0ed-d528-5b0f-a5e1-e501a93a78f5,VINCIATI Giulio,VINCIATIGIULIO,fantacalcio-online-excel,538,VINCIATIGiulio2025/2026,UDINESE,exact,1.0,match diretto CSV<->Excel (nessun Id fantacalcio.it disponibile)
f16a6e02-6b84-550a-8593-7128b4f22ed9,66f24c6c-0864-568b-81d6-0b2843567219,WIAFESamuelNuovo,WIAFESAMUEL,fantacalcio-online-csv,665,WIAFESamuelNuovo,GENOA,exact,1.0,match diretto CSV<->Excel (nessun Id fantacalcio.it disponibile)
cf88efb2-2c02-5f6f-ab02-19927be6d121,66f24c6c-0864-568b-81d6-0b2843567219,WIAFE Samuel,WIAFESAMUEL,fantacalcio-online-excel,552,WIAFESamuelNuovo,GENOA,exact,1.0,match diretto CSV<->Excel (nessun Id fantacalcio.it disponibile)
07f13bee-8a65-5d5a-bd77-9bf41a948f5b,a169fdb8-950d-5ce5-96a5-72da571de83d,ZACCHIGioele2025/2026,ZACCHIGIOELE,fantacalcio-online-csv,666,ZACCHIGioele2025/2026,SERIEMINORI,exact,1.0,"presente solo in questa fonte, nessun'altra fonte da incrociare"
a3feddc6-7690-5702-a3d8-7819949ceeb3,8e2f0e2b-5a31-5749-9fba-cd645cb725ae,ZELEZNYRadoslaw2025/2026,ZELEZNYRADOSLAW,fantacalcio-online-csv,667,ZELEZNYRadoslaw2025/2026,SERIEMINORI,exact,1.0,"presente solo in questa fonte, nessun'altra fonte da incrociare"
afd9a0ff-1129-5270-8fae-667857350475,7abbd38b-8eb3-57b7-9c7c-a79ec3ad2f06,ANDREALLIFrancesco2025/2026,ANDREALLIFRANCESCO,fantacalcio-online-csv,669,ANDREALLIFrancesco2025/2026,COMO,exact,1.0,"presente solo in questa fonte, nessun'altra fonte da incrociare"
b675e1b5-6910-569f-8665-06a09088a4c3,881a5682-44e0-5fd5-a5d1-44e2db42e4a9,ASTALDIGianluca2025/2026,ASTALDIGIANLUCA,fantacalcio-online-csv,670,ASTALDIGianluca2025/2026,SERIEMINORI,exact,1.0,"presente solo in questa fonte, nessun'altra fonte da incrociare"
f1e83855-41d0-550a-928f-273c3963e957,62169600-a610-5064-9525-fc43d83f9fea,BAFFOH NANAJeffreyNuovo,BAFFOHNANAJEFFREY,fantacalcio-online-csv,671,BAFFOH NANAJeffreyNuovo,SASSUOLO,exact,1.0,"presente solo in questa fonte, nessun'altra fonte da incrociare"
63515553-a7e6-5c22-acab-abbf4172c944,4683f645-e558-58ea-8b4d-d5acaf7bd733,BARBAROEliaNuovo,BARBAROELIA,fantacalcio-online-csv,672,BARBAROEliaNuovo,BOLOGNA,exact,1.0,"presente solo in questa fonte, nessun'altra fonte da incrociare"
f2b56f2f-fd6a-57e0-9199-4d30043e3fa1,2a557309-9775-54fa-ad78-407b62f634da,BARBINIMatteoNuovo,BARBINIMATTEO,fantacalcio-online-csv,673,BARBINIMatteoNuovo,GENOA,exact,1.0,"presente solo in questa fonte, nessun'altra fonte da incrociare"
8c7a2120-8ca6-51eb-942b-0048d8a38b7a,9b2cb796-1542-5e67-9aa4-4ef07a455fb7,BONANNOPiergiorgio2025/2026,BONANNOPIERGIORGIO,fantacalcio-online-csv,674,BONANNOPiergiorgio2025/2026,FIORENTINA,exact,1.0,"presente solo in questa fonte, nessun'altra fonte da incrociare"
b3eef653-0e78-5f1d-a244-b01acfb6ab3d,3106131f-1664-547e-8c5f-44d0a5086f2c,BOZHIDAROV PAPAZOVDimitarNuovo,BOZHIDAROVPAPAZOVDIMITAR,fantacalcio-online-csv,675,BOZHIDAROV PAPAZOVDimitarNuovo,BOLOGNA,exact,1.0,"presente solo in questa fonte, nessun'altra fonte da incrociare"
811da209-3dae-5188-94ec-d12b5b6eb1f8,165c6824-c671-5d0f-a7d4-9b17bdc6b1fd,BRUNOKevinNuovo,BRUNOKEVIN,fantacalcio-online-csv,676,BRUNOKevinNuovo,SASSUOLO,exact,1.0,"presente solo in questa fonte, nessun'altra fonte da incrociare"
de4b0307-4857-518b-8407-91b5d8746433,fa40a53d-dfd4-5f64-927d-664c5607ac3e,CASSANORiccardoNuovo,CASSANORICCARDO,fantacalcio-online-csv,677,CASSANORiccardoNuovo,COMO,exact,1.0,"presente solo in questa fonte, nessun'altra fonte da incrociare"
33c8948d-8d7f-5f63-9531-5a65254ffa46,306bcf07-c17a-57ec-bb98-e0c867948f20,CIARDIAlessandro2025/2026,CIARDIALESSANDRO,fantacalcio-online-csv,678,CIARDIAlessandro2025/2026,PARMA,exact,1.0,"presente solo in questa fonte, nessun'altra fonte da incrociare"
059d663c-a1c9-5546-b0a2-d419db1b9708,62adce06-fafe-5cb5-ae09-0d8d3f2f873e,D'INTINORoberto2025/2026,DINTINOROBERTO,fantacalcio-online-csv,679,D'INTINORoberto2025/2026,PARMA,exact,1.0,"presente solo in questa fonte, nessun'altra fonte da incrociare"
08dd3710-0f5f-58ed-a655-18f368a60721,c6efc5cc-752b-5862-b38c-7327da7dca3f,DABOLamineNuovo,DABOLAMINE,fantacalcio-online-csv,680,DABOLamineNuovo,VENEZIA,exact,1.0,match diretto CSV<->Excel (nessun Id fantacalcio.it disponibile)
a96bbe77-456b-55ae-b01a-16b36d7c1b9f,c6efc5cc-752b-5862-b38c-7327da7dca3f,DABO Lamine,DABOLAMINE,fantacalcio-online-excel,567,DABOLamineNuovo,VENEZIA,exact,1.0,match diretto CSV<->Excel (nessun Id fantacalcio.it disponibile)
f6876b9c-a1a1-5345-a836-5c74beb07a24,216383a1-3403-582b-936b-d6cf942b2a46,DELLA ROCCAMattia2025/2026,DELLAROCCAMATTIA,fantacalcio-online-csv,681,DELLA ROCCAMattia2025/2026,ROMA,exact,1.0,"presente solo in questa fonte, nessun'altra fonte da incrociare"
a63cb4fb-455a-5fdd-970a-25b818b82435,1b6ead8b-958b-5c2d-b0c8-e3f9ee7a8d86,DESOLEFabio2025/2026,DESOLEFABIO,fantacalcio-online-csv,682,DESOLEFabio2025/2026,TORINO,exact,1.0,"presente solo in questa fonte, nessun'altra fonte da incrociare"
77c65f3b-4967-5858-9c8d-80782f52b003,983af9fd-5b19-5769-90c8-34b1be3e932e,DI BITONTOAlessandroNuovo,DIBITONTOALESSANDRO,fantacalcio-online-csv,683,DI BITONTOAlessandroNuovo,SASSUOLO,exact,1.0,"presente solo in questa fonte, nessun'altra fonte da incrociare"
2fa1b1f8-e4ad-5273-b56e-986d02202d78,ab4a3efa-2b13-5244-a1fe-afe60f64225d,DI TOMMASOLeonardoNuovo,DITOMMASOLEONARDO,fantacalcio-online-csv,684,DI TOMMASOLeonardoNuovo,LAZIO,exact,1.0,"presente solo in questa fonte, nessun'altra fonte da incrociare"
16afeabe-37f2-5ebf-9693-cc2be9441e42,a8a26e3c-7616-5256-96e2-a8e9be276114,DOUCOURéMamedi2025/2026,DOUCOUREMAMEDI,fantacalcio-online-csv,685,DOUCOURéMamedi2025/2026,GENOA,exact,1.0,"presente solo in questa fonte, nessun'altra fonte da incrociare"
39136d42-2c4f-5f9a-bb30-1a73458135ee,b620a435-10f6-5bad-9ff7-34ac34d642d3,FARJIMarkoNuovo,FARJIMARKO,fantacalcio-online-csv,687,FARJIMarkoNuovo,VENEZIA,exact,1.0,"presente solo in questa fonte, nessun'altra fonte da incrociare"
b944766d-d4e4-5a37-a5f3-0f78836b5fef,acf4cea8-bec8-5dd5-ac2d-3a33018bc33b,FERRARIFlavioNuovo,FERRARIFLAVIO,fantacalcio-online-csv,688,FERRARIFlavioNuovo,BOLOGNA,exact,1.0,"presente solo in questa fonte, nessun'altra fonte da incrociare"
73dfc8f7-0d39-5a06-a17c-e8f3b118f287,a27d863a-3b13-512d-8e3e-5d59d036fafa,FONTANAROSAAlessandroNuovo,FONTANAROSAALESSANDRO,fantacalcio-online-csv,689,FONTANAROSAAlessandroNuovo,SERIEMINORI,exact,1.0,"presente solo in questa fonte, nessun'altra fonte da incrociare"
8c9cbb3a-736b-5437-9073-7f6965d71285,56c8e0ae-b9b5-53db-9f71-519321d0e7f5,GABELLINITommaso2025/2026,GABELLINITOMMASO,fantacalcio-online-csv,690,GABELLINITommaso2025/2026,TORINO,exact,1.0,"presente solo in questa fonte, nessun'altra fonte da incrociare"
c5e3c01d-6c9a-5134-93e4-0337f68fd22d,ddf5142c-d935-5c7a-8050-fbaa5aa31926,GRANDUNicola2025/2026,GRANDUNICOLA,fantacalcio-online-csv,692,GRANDUNicola2025/2026,CAGLIARI,exact,1.0,"presente solo in questa fonte, nessun'altra fonte da incrociare"
d9de2b22-0c1a-5fea-bd7f-c142b846d38e,060e4364-3af4-56e9-a269-30a2bb23d8cd,ILIEVVelizar-Iliya2025/2026,ILIEVVELIZARILIYA,fantacalcio-online-csv,693,ILIEVVelizar-Iliya2025/2026,CAGLIARI,exact,1.0,"presente solo in questa fonte, nessun'altra fonte da incrociare"
28a1eaf6-c9a0-5fd5-b794-605e741fa3bf,957c07ce-d3a8-5b8c-a803-c10c3565b3e8,JOUJOUAntoine2025/2026,JOUJOUANTOINE,fantacalcio-online-csv,694,JOUJOUAntoine2025/2026,ESTERO,exact,1.0,"presente solo in questa fonte, nessun'altra fonte da incrociare"
2541dbcd-d509-56f8-a0b0-05af7293b315,76b659d6-3a05-5c9d-b787-411cf40d8d48,KOWALSKIMateusz2025/2026,KOWALSKIMATEUSZ,fantacalcio-online-csv,695,KOWALSKIMateusz2025/2026,PARMA,exact,1.0,"presente solo in questa fonte, nessun'altra fonte da incrociare"
19f653bf-eb41-5867-8d37-1f68df705c00,aa7dac09-d0db-5a89-a606-b30298bf7be7,LEONEKevinNuovo,LEONEKEVIN,fantacalcio-online-csv,696,LEONEKevinNuovo,SERIEMINORI,exact,1.0,"presente solo in questa fonte, nessun'altra fonte da incrociare"
9776fdcf-b195-59d6-96f8-277d96b7fec1,a98c6685-b2f3-5d5d-8d21-f4b08ce61043,MINICANGELIFrancescoNuovo,MINICANGELIFRANCESCO,fantacalcio-online-csv,697,MINICANGELIFrancescoNuovo,FROSINONE,exact,1.0,"presente solo in questa fonte, nessun'altra fonte da incrociare"
b10156d0-f9e7-5d1b-881c-4195488ec7e6,80d211b2-81c2-5a66-90a0-393ccd8b6932,MINTAAmoakoNuovo,MINTAAMOAKO,fantacalcio-online-csv,698,MINTAAmoakoNuovo,SASSUOLO,exact,1.0,"presente solo in questa fonte, nessun'altra fonte da incrociare"
eff99e10-4602-5405-948a-64e28d77efc5,c17f0887-99e7-5952-8600-39dddc6ac39f,MUNOZCristo2025/2026,MUNOZCRISTO,fantacalcio-online-csv,699,MUNOZCristo2025/2026,LAZIO,exact,1.0,"presente solo in questa fonte, nessun'altra fonte da incrociare"
52224bf2-98dd-5fd5-9d7f-acf6fb2a87e3,55c30efc-753d-5aa6-861b-aea2ff4a24de,NYARKOLorenzo2025/2026,NYARKOLORENZO,fantacalcio-online-csv,700,NYARKOLorenzo2025/2026,SASSUOLO,exact,1.0,"presente solo in questa fonte, nessun'altra fonte da incrociare"
eee2ea6a-b40b-56d2-9290-7ab2712f2006,b74fb229-fdc0-517d-8d59-205636f5438e,PEJICICDavid2025/2026,PEJICICDAVID,fantacalcio-online-csv,701,PEJICICDavid2025/2026,UDINESE,exact,1.0,match diretto CSV<->Excel (nessun Id fantacalcio.it disponibile)
f8580513-d48b-599b-b59b-d893a643a493,b74fb229-fdc0-517d-8d59-205636f5438e,PEJICIC David,PEJICICDAVID,fantacalcio-online-excel,566,PEJICICDavid2025/2026,UDINESE,exact,1.0,match diretto CSV<->Excel (nessun Id fantacalcio.it disponibile)
d3c39d15-eb0e-5a02-b365-65e61037977c,bcf52f32-cc97-5c78-abb7-5848eaf3ff6c,PESSOLANIGabrieleNuovo,PESSOLANIGABRIELE,fantacalcio-online-csv,702,PESSOLANIGabrieleNuovo,GENOA,exact,1.0,"presente solo in questa fonte, nessun'altra fonte da incrociare"
30d7f741-1f6a-50aa-b00d-0b028442b2bd,36a08415-4cbb-5f00-affc-f07d27f9d45a,PISATISamuele2025/2026,PISATISAMUELE,fantacalcio-online-csv,703,PISATISamuele2025/2026,COMO,exact,1.0,"presente solo in questa fonte, nessun'altra fonte da incrociare"
e3e1e7ab-cd9d-5997-8ce7-913388cfcc81,8635ea47-1b11-55c5-bc9b-783106882c69,PLICCOElia2025/2026,PLICCOELIA,fantacalcio-online-csv,704,PLICCOElia2025/2026,SERIEMINORI,exact,1.0,"presente solo in questa fonte, nessun'altra fonte da incrociare"
1aa69a46-a5f3-5bf3-8826-40a2c919d603,4e42f441-ef02-5723-b896-ae1291a351f0,SCAGLIONERobertoNuovo,SCAGLIONEROBERTO,fantacalcio-online-csv,706,SCAGLIONERobertoNuovo,GENOA,exact,1.0,"presente solo in questa fonte, nessun'altra fonte da incrociare"
d8628381-4d27-5b69-8ba1-f91ca90aa560,7f1e568b-7c5c-519f-86d1-cb488f550fac,SECKMohamed2025/2026,SECKMOHAMED,fantacalcio-online-csv,707,SECKMohamed2025/2026,SERIEMINORI,exact,1.0,"presente solo in questa fonte, nessun'altra fonte da incrociare"
b867246f-f868-5fcb-b082-fd8e1bb18ebb,777a60f4-94e1-50a4-891b-afe8ea50b976,SPICUGLIAEliaNuovo,SPICUGLIAELIA,fantacalcio-online-csv,708,SPICUGLIAEliaNuovo,GENOA,exact,1.0,"presente solo in questa fonte, nessun'altra fonte da incrociare"
77688ddb-a9ca-5c73-bc94-6b984123cd71,a73b40bf-7c73-59ba-9aa8-719b14dc291f,SPINELLIDavid2025/2026,SPINELLIDAVID,fantacalcio-online-csv,709,SPINELLIDavid2025/2026,NAPOLI,exact,1.0,"presente solo in questa fonte, nessun'altra fonte da incrociare"
63882918-5772-5aab-bfd2-dcf60014fd03,b3127988-7a61-5f76-8176-1f356df6bbac,TARANTINOJacopoNuovo,TARANTINOJACOPO,fantacalcio-online-csv,710,TARANTINOJacopoNuovo,FIORENTINA,exact,1.0,"presente solo in questa fonte, nessun'altra fonte da incrociare"
bb48deb9-cb28-5950-b671-b0d04047560a,6f39d1d8-fa01-539b-94b9-5327d7354226,TRABUCCHINicolas2025/2026,TRABUCCHINICOLAS,fantacalcio-online-csv,711,TRABUCCHINicolas2025/2026,SERIEMINORI,exact,1.0,"presente solo in questa fonte, nessun'altra fonte da incrociare"
90fd055b-c6ca-541b-aebd-533385a7cb4f,f9d37869-0c29-556e-94a1-15bd4ad7c3dc,UBANIMarlonNuovo,UBANIMARLON,fantacalcio-online-csv,712,UBANIMarlonNuovo,LECCE,exact,1.0,"presente solo in questa fonte, nessun'altra fonte da incrociare"
a244cd07-a843-5940-8103-5b38e4a5924a,38d4a843-22c4-571a-9a0b-35d800878d89,VENTURIMichaelNuovo,VENTURIMICHAEL,fantacalcio-online-csv,714,VENTURIMichaelNuovo,VENEZIA,exact,1.0,"presente solo in questa fonte, nessun'altra fonte da incrociare"
f6e64857-49eb-5988-b0be-90666717cbfa,ad52068e-ae31-534d-ae1f-00a28b02ca52,VEZZOSIGiorgioNuovo,VEZZOSIGIORGIO,fantacalcio-online-csv,715,VEZZOSIGiorgioNuovo,SASSUOLO,exact,1.0,"presente solo in questa fonte, nessun'altra fonte da incrociare"
4bfa11a2-929e-5ea0-9abf-35600013d30e,eb41af62-95a2-582f-afaf-e41d1d1afa9f,YILMAZEnesNuovo,YILMAZENES,fantacalcio-online-csv,716,YILMAZEnesNuovo,LECCE,exact,1.0,"presente solo in questa fonte, nessun'altra fonte da incrociare"
a64ddf4f-17e8-5add-b1b1-6d2d1a6d1147,64f8f617-b799-54fd-9b60-e189e16b12a8,ESPOSITO S Sebastiano,ESPOSITOSSEBASTIANO,fantacalcio-online-excel,46,ESPOSITO S Sebastiano,SASSUOLO,exact,1.0,"presente solo in questa fonte, nessun'altra fonte da incrociare"
